step,nameOrig,isFraud
573,C1680449043,0
374,C918210718,0
589,C1573584228,0
404,C1273316324,0
681,C1674244737,0
522,C1403283482,0
375,C256946242,0
380,C1319872508,0
495,C1458635296,0
373,C1687054353,0
505,C1099460180,0
692,C1982255857,0
596,C1382195285,0
474,C1702192065,0
490,C479542493,0
379,C507019695,0
376,C152112971,0
717,C438492576,1
404,C1786593813,0
371,C1450210166,0
425,C356706674,1
379,C1862446412,0
405,C1083863804,0
374,C1500755276,0
370,C1595951292,0
720,C1257271049,1
372,C317993619,0
408,C358465241,0
690,C516235328,0
567,C1084470314,0
402,C11265734,0
378,C1496921458,0
659,C196729352,0
396,C1198884341,0
356,C1163023838,0
547,C1151638853,0
375,C1625472721,0
403,C1864625738,0
400,C1239122591,0
396,C847542896,0
408,C1582366390,0
439,C764627309,0
613,C181181612,0
379,C1787283841,0
375,C770872408,0
661,C1831329953,0
375,C1444067772,0
375,C393230409,0
394,C657607395,0
405,C46853792,0
573,C1511398320,0
400,C2145348975,0
402,C1672465901,0
358,C947783015,0
383,C2096649238,0
379,C2136677878,0
426,C1546265789,0
481,C1415686677,1
395,C742976750,0
374,C971716211,0
656,C1279805700,0
619,C709003869,0
525,C1614159133,0
372,C1400138002,0
563,C1418100482,0
357,C1515811545,0
378,C69126459,0
358,C498447652,1
400,C2022065013,0
375,C900339809,0
590,C319437846,0
394,C40467615,0
397,C2043240763,0
356,C36145183,0
594,C172139674,0
403,C2028513227,0
377,C1446882881,0
406,C915436385,0
582,C646505788,0
403,C625046917,0
370,C335627384,0
402,C17801528,0
382,C91683154,0
396,C1419362867,0
397,C1535919003,0
370,C464061689,0
492,C1707152815,0
402,C2107316389,0
394,C1808333873,0
399,C850898747,0
379,C480513937,0
370,C68546445,0
379,C1904711294,0
356,C1028136295,0
380,C966876454,0
518,C1648600241,0
380,C539896852,0
375,C1374310669,0
567,C244627551,0
381,C497537462,0
378,C103302067,0
522,C657523586,0
374,C1843603168,0
377,C1415689054,0
476,C1098157246,0
395,C134165935,0
396,C399436274,0
661,C1552922549,0
403,C2002629369,0
396,C1818001458,0
376,C790296086,0
564,C1033735935,0
528,C1810648900,0
637,C1610161443,0
375,C1864385849,0
691,C1166422818,0
401,C601305850,0
571,C1454813506,0
567,C1468758995,0
400,C732252719,0
405,C507413068,0
686,C112644885,0
520,C7087683,0
378,C2131926406,0
592,C1595581115,0
492,C2140055831,0
394,C1278326718,0
716,C882089565,0
406,C584569553,0
371,C102624538,0
404,C1096624321,0
399,C333720354,0
359,C548723235,0
544,C738416662,0
399,C534246258,0
400,C1084125055,0
404,C654578271,0
370,C151987227,0
371,C1546421273,0
369,C862428102,0
594,C1974361598,0
404,C1334757446,0
378,C1339114845,0
476,C464583916,0
374,C564085399,0
377,C1326695544,0
448,C1615113331,0
371,C1047328268,0
374,C1306346781,0
371,C1290566025,0
360,C773679473,0
394,C2097374371,0
525,C204778273,0
500,C1988187934,0
376,C1440811022,0
401,C254296945,0
380,C581076058,0
373,C1170168422,0
396,C1900821249,0
688,C59614340,0
681,C277192111,0
408,C2134592835,0
402,C2012994623,0
380,C1047549911,0
403,C648709452,0
396,C1704294527,0
372,C1861461304,1
380,C2078791089,0
375,C1128259302,0
374,C760307395,0
548,C660084714,0
380,C1341194705,0
550,C274039065,0
573,C1207921092,0
396,C1823863413,0
548,C1902359452,0
376,C1019535252,0
397,C692658317,0
402,C1647202075,0
522,C1553810487,0
564,C1199803549,0
540,C457132528,0
378,C1252091862,0
377,C906740048,0
403,C1376743953,0
393,C1921502122,0
380,C918612677,0
400,C198195278,0
573,C553221151,0
372,C1318928934,0
448,C1338866655,0
380,C1461900841,0
372,C1928693285,0
405,C1130574273,0
373,C2037462525,0
659,C1995756406,0
380,C923332876,0
406,C969975788,0
383,C1514233756,0
377,C264151116,0
522,C703171700,0
379,C1648771398,0
406,C516103778,0
569,C1765713879,0
376,C161786417,0
564,C1297486001,0
402,C912629600,0
379,C150326913,0
686,C1171637553,0
376,C515260055,0
404,C583191867,0
687,C1845873198,0
401,C597892447,0
535,C602476051,1
574,C1199199740,0
373,C1947396387,0
394,C285793019,0
404,C216652331,0
656,C747420495,0
490,C77292624,0
381,C126573195,0
380,C1945468652,0
403,C1514887009,0
400,C1093067011,0
395,C591269757,0
371,C1315178344,0
466,C1266070426,0
398,C238964967,0
375,C644231681,0
395,C1927497467,0
595,C1416795523,0
500,C850604400,0
397,C400822370,0
400,C1955007393,0
395,C1899031720,0
406,C523685624,0
684,C1273676831,0
546,C1792818352,0
378,C1896047092,0
695,C659979885,0
393,C1381183750,0
402,C1321105860,0
369,C984826711,0
370,C1255901117,0
394,C1915565690,0
398,C2122478584,0
451,C1182810094,0
382,C740016813,0
574,C545365411,0
492,C1154140278,0
373,C733172675,0
500,C2097384488,0
544,C2028484071,0
373,C1342852138,0
686,C940071948,0
590,C1231956048,0
404,C1779165723,0
373,C1353978265,1
404,C837045531,0
396,C2140488206,0
373,C1340495234,0
538,C595314959,0
395,C1344590026,0
396,C1161611931,0
395,C2116635506,0
448,C564976325,0
397,C940507156,0
376,C580841735,0
687,C1992920316,0
408,C473612137,0
548,C635251750,0
398,C134247751,0
402,C2057867858,0
380,C2060159585,0
406,C1802941932,0
376,C1296468588,0
381,C194559137,0
375,C1606615514,0
374,C1299196396,0
710,C182380487,0
374,C1914983839,0
398,C1932182031,0
375,C800448254,0
383,C1145944802,1
396,C2088944540,0
431,C341103517,0
640,C162220234,0
356,C1955820198,0
599,C166225858,0
400,C48223175,0
356,C189841031,0
380,C312437489,0
379,C716511242,0
373,C352384035,0
395,C1932288585,0
356,C1937606855,0
522,C46305640,0
374,C79861529,0
379,C1221769069,0
398,C1301082048,0
545,C164002912,0
380,C179159410,0
380,C534854908,0
369,C1561013240,0
546,C1278791843,0
492,C1495132429,0
372,C1478891250,0
401,C106501665,0
403,C1954993426,0
357,C1647850015,0
522,C1284808593,0
399,C1577394184,0
451,C1451628686,0
401,C1379006944,0
399,C1394955597,0
403,C72437268,0
544,C1607926156,0
522,C783073554,0
659,C35140812,0
378,C133232733,0
500,C127896840,0
379,C2027919614,0
586,C1677024490,0
395,C114347101,0
709,C221546249,0
426,C1832673079,0
383,C1845156324,0
356,C333398343,0
399,C167084602,0
542,C951739587,0
396,C960015533,0
401,C991801962,0
374,C2118698269,0
376,C1219852877,0
404,C648302718,0
401,C2062396346,0
372,C1255665379,0
356,C1447704139,0
378,C697800160,0
404,C233735481,0
694,C414573639,0
395,C1304136212,0
640,C1460034569,0
402,C529499529,0
359,C1750022019,0
404,C78278524,0
551,C859916441,0
382,C1037054955,0
373,C1284934261,0
370,C639146451,0
402,C33135183,0
377,C553922132,0
374,C2010871209,0
356,C1536715316,0
371,C361835414,0
500,C1123221150,0
400,C1342453424,0
369,C1171987177,0
404,C636501708,0
514,C1689109243,0
691,C417175925,0
358,C653878784,0
393,C228097484,0
398,C1641659569,0
397,C1851727582,0
378,C1449344625,0
401,C1724459137,0
428,C973128465,0
381,C734192536,0
371,C518491654,0
398,C590267292,0
375,C1314074341,0
500,C1127292175,0
564,C1755717093,0
400,C653554870,0
495,C1923904007,0
401,C1128257006,0
373,C1392719666,0
374,C1982361205,0
358,C848093426,0
378,C249304123,0
378,C1146906400,0
403,C246398068,0
402,C632464898,0
359,C2008806579,0
401,C1510905033,0
493,C559176303,0
403,C525947377,0
372,C460654307,0
395,C908852287,0
573,C1111698267,0
396,C925665631,0
406,C694634153,0
380,C1939896914,0
715,C1068424087,0
396,C2083596661,0
576,C1095215203,0
356,C75915177,0
374,C2115894537,0
401,C848561051,0
377,C529211053,0
451,C1624343734,0
406,C2026820214,0
380,C1943470629,0
396,C388172452,0
590,C986035233,0
714,C834670817,0
375,C1511023458,0
398,C582666178,0
399,C218863809,0
376,C2033197265,0
596,C1121307855,0
594,C12561878,0
585,C196092097,0
733,C565737303,1
373,C1839058571,0
402,C2074652727,0
398,C196873807,0
614,C1255811967,0
500,C1029033720,0
402,C605148562,0
380,C1853939514,0
371,C1419819105,0
371,C860355829,0
549,C625119726,1
370,C1972143289,0
585,C28965827,0
393,C622952575,0
402,C1339760025,0
403,C1652187829,0
383,C626563538,0
371,C595169902,0
396,C925636494,0
404,C1180387324,0
380,C1117606617,0
403,C1799578326,0
478,C1484396683,0
370,C1598506821,0
373,C1753020952,0
356,C1586703498,0
374,C715482695,0
540,C320182937,0
576,C1468373827,1
428,C2130614557,0
402,C1253424849,0
404,C667779126,0
404,C1212940347,0
359,C471726090,0
573,C169618137,0
476,C2027390956,0
404,C1590542207,0
369,C2099016120,0
375,C471786500,0
371,C1994015906,0
394,C637033606,0
374,C307675255,0
596,C655594905,0
396,C438322854,0
394,C197999205,0
378,C783045643,0
379,C1705479841,0
404,C1551325225,0
399,C723695389,0
377,C814911124,0
525,C599659569,0
688,C1092800301,0
380,C1296095058,0
404,C2054144620,0
396,C1279934087,0
691,C1553611482,0
356,C114790737,0
375,C515428038,0
379,C1802342655,0
376,C1447392569,0
370,C977393128,0
596,C280804885,0
599,C240066186,0
370,C1859632925,0
399,C2096796466,0
400,C1082247274,0
402,C1791443130,0
357,C1540562808,0
403,C2019062746,0
514,C2121451580,0
395,C405161824,0
402,C891205646,0
372,C834000264,0
374,C1509229260,0
382,C922032828,0
403,C814206038,0
548,C734408631,0
370,C823853951,0
550,C122366363,0
386,C739793738,1
369,C1047907213,0
595,C766947362,0
399,C1977328629,0
393,C1145770441,0
374,C1784455790,0
405,C638926565,0
683,C105868453,0
401,C95897237,0
377,C328485218,0
378,C176463369,0
394,C1696328246,0
518,C1399829882,0
474,C1270104944,0
613,C1118147077,1
416,C2032896736,0
400,C859899770,0
376,C91603927,0
382,C498702518,0
531,C2056555088,0
400,C80450023,0
408,C1013193231,0
522,C1318682101,0
393,C1737043074,0
546,C682224475,0
371,C337436619,0
356,C1046597296,0
356,C1353481620,0
369,C1688407202,0
357,C1659448197,0
396,C1500049712,0
686,C37930759,0
383,C300985632,0
405,C426724727,0
550,C88027391,0
426,C1848173508,0
692,C606748817,0
383,C981061186,0
379,C1368398977,0
403,C62730763,0
491,C816802649,1
405,C171669819,0
495,C1061585532,0
619,C1871527938,0
714,C593869608,0
376,C1040764157,0
474,C32683385,0
398,C563294317,0
394,C862442246,0
493,C634655641,0
374,C1459219329,0
402,C1331982799,0
587,C1621818498,0
588,C1753029186,0
397,C774467010,0
573,C1127209910,0
394,C581592205,0
396,C1748644681,0
542,C204028965,0
356,C1923491700,0
398,C569320847,0
374,C923312022,0
396,C68538182,0
359,C1466051378,0
420,C1423483893,0
378,C1498001380,0
546,C1105927958,0
359,C374971374,1
369,C1020942872,0
567,C2063176186,0
670,C2085303535,1
743,C1280323807,1
546,C1794989444,0
381,C407661272,0
661,C1013831382,0
396,C108953731,0
710,C771847525,0
356,C352292192,0
396,C1862426742,0
681,C1136765827,0
374,C494287475,0
401,C582542761,0
383,C1869327105,0
646,C51318897,1
373,C1556624890,0
524,C1950327653,0
395,C2023748622,0
408,C2116174905,0
359,C1369184860,0
380,C807060501,0
400,C1219136063,0
379,C1351172937,0
356,C939326664,0
356,C616881177,0
381,C187832875,0
398,C1795126007,0
407,C1139974454,0
372,C1150432059,0
402,C1931472734,0
371,C152794724,0
423,C1392636479,1
375,C144377447,0
403,C1163169306,0
687,C268849903,0
356,C2030124353,0
400,C1104757036,0
542,C453301165,0
403,C899285358,0
709,C1736541590,0
667,C118393699,1
372,C420076108,0
590,C1267850081,0
408,C1382938408,0
705,C391757615,0
500,C665409961,0
414,C1765244113,1
686,C2115394049,0
401,C2048036813,0
399,C896881012,0
376,C1354478512,0
407,C877767129,0
619,C198955400,0
406,C39190161,0
383,C644348876,0
426,C441308906,0
372,C1825407999,0
610,C1655150150,0
378,C1266382401,0
571,C1076241800,0
380,C701686726,0
377,C663417326,0
356,C36838456,0
405,C1606310254,0
393,C1732186780,0
377,C1528992342,0
398,C225099733,0
397,C613911667,0
526,C1427813541,0
375,C338912688,0
398,C5208090,0
690,C1099545069,0
407,C1465264131,0
402,C681083077,0
394,C2110566538,0
422,C875142569,0
398,C773340136,0
404,C1066178885,0
357,C5804747,0
395,C1329778467,0
359,C760772844,0
370,C1419092368,0
399,C32902078,0
544,C1091291247,0
375,C1184460408,0
358,C1345715282,0
401,C1288234160,0
525,C1512229793,0
590,C1240108659,0
376,C297052195,0
370,C1098064010,0
522,C549793403,0
711,C1666144703,1
485,C1247391276,1
548,C1493918369,0
379,C1218579350,0
400,C864044657,0
380,C975666712,0
563,C775337498,0
401,C493344329,0
396,C444352164,0
379,C593689424,0
379,C509746782,0
399,C1828818387,0
378,C107755857,0
401,C838327209,0
384,C1652188383,0
399,C1794633138,0
612,C1111342205,0
374,C1627337905,0
396,C1106985848,0
380,C1491301178,0
357,C2005573680,0
596,C68316928,0
374,C426551340,0
542,C343184861,0
544,C1903282573,0
397,C2064934811,0
402,C880844535,0
545,C393091825,0
373,C1017298954,0
395,C1946351888,0
377,C2023434044,0
403,C322232086,0
403,C1977754327,0
384,C599681355,0
451,C923373681,0
379,C159356072,0
407,C41064905,0
684,C1618619956,0
377,C649841170,0
379,C2034386571,0
425,C1353907463,1
371,C1514886477,0
408,C1186015696,0
407,C1612266368,0
681,C329211190,0
396,C1745079314,0
356,C702816450,0
370,C1532509848,0
358,C477978315,0
420,C25563191,0
395,C1620546081,0
546,C682410461,0
401,C1045520193,0
377,C1796776791,0
400,C1901222332,0
426,C1249858288,0
585,C584146366,0
669,C1246817496,0
359,C1784439831,0
428,C1363157226,0
495,C1905989073,0
715,C1844231876,0
378,C986755035,0
500,C1314443682,0
374,C2028911575,0
588,C403920383,1
402,C2101364535,0
370,C295849509,0
514,C820662827,0
403,C495952674,0
563,C1237943319,1
380,C73230625,0
375,C2117729273,0
370,C974031781,0
718,C272872512,0
617,C1684257749,0
728,C1817806739,1
617,C211474355,0
592,C1735354771,0
381,C2023857094,0
376,C875374519,0
398,C1748651329,0
378,C453940046,0
399,C767365081,0
378,C1999664327,0
687,C347826804,0
619,C306214941,0
398,C1218383519,0
379,C63759130,0
356,C1819822284,0
405,C1009904756,0
400,C154030447,0
401,C56081415,0
395,C614234086,0
358,C818883770,0
608,C1296097183,0
471,C46807109,0
357,C1553092056,0
396,C1081447549,0
595,C1989248216,0
396,C734381670,0
371,C37945915,0
394,C1422272972,0
400,C1635272501,0
403,C743199061,0
380,C1760261797,0
590,C100624383,0
382,C649862585,0
395,C299565306,0
372,C1318871212,0
373,C1359806714,0
359,C1271664415,0
370,C1124726545,0
596,C486656251,0
400,C1935833681,0
405,C1520431207,0
683,C521492308,0
527,C2107618883,0
401,C190737612,0
372,C1861920244,0
380,C1152987775,0
372,C1459561810,0
400,C58144648,0
684,C393320999,0
688,C1291391210,0
492,C617802532,0
514,C215098154,0
401,C454578282,0
564,C209928657,1
372,C1312467281,0
541,C1395197193,1
380,C939535983,0
376,C197454482,0
398,C1637465690,0
378,C288050577,0
400,C1718037599,0
394,C883810443,0
522,C945857150,0
406,C1127906200,0
369,C190697817,0
377,C156237247,0
594,C783690506,0
514,C1997254343,0
378,C1350371035,0
377,C2111634910,0
377,C512256902,0
565,C1319264311,0
379,C1671287122,0
396,C292160825,0
404,C1726337851,0
385,C1599155055,0
403,C1726041544,0
403,C1455777695,0
495,C60767299,0
522,C717594482,0
405,C1898718515,0
358,C1312658131,0
404,C750630778,0
403,C1809879561,0
372,C857062676,0
403,C2135772992,0
709,C193789741,0
404,C2053785173,0
379,C2053352899,0
399,C2118836984,0
380,C1878375408,0
383,C1465109591,0
373,C1444622025,0
398,C1002409840,0
394,C1924671098,0
400,C1087433758,0
358,C55567473,0
500,C393077948,0
378,C1476681108,0
522,C1206745071,0
386,C2043269100,1
405,C198752606,0
373,C1449563270,0
610,C1256615682,0
670,C712172929,0
416,C1143782267,0
589,C2017332038,0
590,C2127925221,0
400,C1493865028,0
404,C20427859,0
574,C900029037,0
373,C1032427768,0
396,C51383979,0
690,C729051857,0
402,C773894567,0
376,C1008208369,0
376,C495786945,0
395,C1268259084,0
601,C865504538,1
356,C1120846658,0
396,C1755403783,0
397,C195603024,0
403,C1364294041,0
382,C1663164261,0
396,C903557258,0
372,C2033904198,0
400,C418339822,0
687,C1587635095,0
378,C2047539678,0
379,C872153009,0
356,C54947884,0
656,C165147484,0
400,C2080384155,0
400,C203516120,0
398,C1847965179,0
378,C1025381247,0
403,C1258682276,0
431,C1726526105,0
687,C537044193,0
594,C1259412410,0
564,C772635681,0
687,C1305722061,0
398,C1388498821,0
371,C1066580979,0
374,C747650974,0
396,C1227181923,0
356,C2072873994,0
375,C825253819,0
356,C210586275,0
403,C1481597956,0
396,C1091560515,0
371,C2013707975,0
522,C969846753,0
401,C2059486086,0
547,C1366584913,0
688,C1304539857,0
718,C177764879,0
371,C1485299598,0
393,C2006593676,0
688,C1965948988,0
379,C1638213658,0
490,C1707801447,0
402,C2092365430,0
490,C856666038,0
356,C1495849096,0
610,C219088213,0
407,C269657659,0
379,C1526871186,0
393,C1579295638,0
684,C312530276,0
400,C1545895413,0
378,C1375269884,0
397,C808226693,0
594,C559513838,0
522,C815308752,0
393,C1446074330,0
691,C1136165755,0
377,C1931898300,0
374,C935106568,0
371,C1192902053,0
590,C185316138,0
570,C246165984,0
401,C1966631514,0
393,C231415406,0
373,C2017519643,0
371,C401888558,0
405,C1686248620,0
397,C775903601,0
687,C1234558953,0
380,C1585195989,0
690,C1880333288,0
356,C1640707816,0
403,C347825290,0
394,C1202012300,0
397,C369352346,0
374,C399375495,0
383,C566614807,0
356,C989461659,0
687,C1299961653,0
398,C531331143,0
396,C1404762656,0
395,C639096933,0
683,C217958569,0
454,C270286609,1
401,C1418885579,0
378,C1280717798,0
371,C640494137,0
374,C347285829,0
380,C1287908637,0
378,C95409703,0
379,C984511011,0
569,C1972325338,0
403,C1738877120,0
371,C431270315,0
374,C1426681920,0
687,C73234257,0
371,C2051959902,0
357,C2059324024,0
378,C688008074,0
401,C618617859,0
548,C1736606741,0
738,C2029041842,1
402,C653020732,0
374,C336911428,0
400,C201282836,0
371,C299553678,0
544,C263879875,0
403,C88183616,0
372,C80518017,0
396,C524274277,0
522,C623571954,0
374,C1076129081,0
393,C1551749696,0
370,C2121953928,0
382,C760959312,0
394,C1487095886,0
379,C960030723,0
381,C735124560,0
608,C741321242,0
688,C70920272,0
397,C203065850,0
386,C165107915,1
397,C1355898997,0
405,C151627705,0
552,C1754546329,0
687,C1058369205,0
399,C2109602078,0
404,C1292272746,0
400,C198913380,0
379,C170783904,0
405,C178247286,0
522,C939108572,0
397,C824928293,0
381,C1552370729,0
526,C2090581171,0
500,C299228950,0
379,C231371055,0
380,C772178069,0
380,C790959093,0
375,C705006598,0
704,C748275134,1
399,C986981998,1
641,C649566267,1
400,C1971841175,0
400,C1705487998,0
372,C2101568569,0
471,C2019000234,0
379,C664292975,0
594,C1646588938,0
396,C570577898,0
372,C2006566237,0
379,C585469957,0
398,C318254579,0
377,C2045655037,0
705,C2024283993,0
356,C620132912,0
625,C1189052930,1
396,C553521110,0
442,C1493567771,0
546,C580336782,0
393,C1123131963,0
394,C130201939,0
403,C1191153073,0
550,C322572887,0
385,C979173106,0
379,C1817841836,0
363,C615216082,1
393,C235533071,0
377,C1572263347,0
369,C614252613,0
380,C2088643424,0
378,C1586174027,0
395,C94081689,0
688,C1395450706,0
563,C85197985,0
373,C1664929951,0
398,C540975555,0
398,C1473933201,0
402,C579107344,0
379,C1619028101,0
403,C1339801493,0
495,C426558279,0
375,C182008620,0
400,C2054234054,0
380,C1029041614,0
374,C1552489529,0
592,C66297412,0
372,C1419933286,0
396,C612951004,0
378,C282421129,0
404,C819694624,0
378,C525779391,0
403,C774677020,0
395,C159043805,0
481,C884840595,1
374,C107015112,0
400,C501137018,0
378,C1175845001,0
449,C1353351843,0
377,C28438922,0
380,C668326169,0
374,C986619579,0
370,C1370869336,0
400,C114008904,0
379,C306110659,0
403,C1310030503,0
522,C680681826,0
383,C1847374457,0
522,C1080414286,0
448,C571397473,0
370,C512675155,0
396,C1313642449,0
396,C961849513,0
373,C1650567106,0
397,C1350350531,0
374,C607608183,0
403,C1676951803,0
403,C1875648755,0
380,C275321342,0
393,C628894580,0
383,C394930062,0
522,C1380490436,0
379,C1571909934,0
398,C2092546696,0
379,C1379268980,0
656,C1752321217,0
404,C970851692,0
373,C341283050,0
492,C1113128378,0
356,C150987703,0
684,C694162609,0
372,C683895780,0
369,C1577917688,0
550,C276496821,0
377,C754489408,0
399,C2036988920,0
538,C1999309641,0
372,C1378875493,0
691,C1644017170,0
378,C811268697,0
377,C776506671,0
548,C1867499351,0
405,C1863732281,0
715,C1642301182,0
694,C4952914,1
716,C1878448827,1
614,C230883814,0
394,C96120665,0
377,C1166812526,0
400,C1538410550,0
378,C1495128861,0
394,C500153631,0
381,C1507217719,0
403,C1124646282,0
403,C333993062,0
407,C209978207,0
380,C1101433786,0
403,C1353898941,0
394,C2113129799,0
500,C1700093687,0
399,C416510378,0
595,C983096368,0
369,C344128588,0
524,C343601327,0
371,C1104250867,0
547,C486383147,0
518,C167639046,0
378,C1544461808,0
526,C1518946228,0
455,C651782265,1
402,C1778513165,0
398,C531451950,0
376,C242969241,0
378,C1675320837,0
375,C351741599,0
379,C2052109193,0
356,C1759964197,0
714,C609167879,0
357,C1997589449,0
540,C1508926421,0
401,C1783309474,0
381,C436352463,0
396,C1872681704,0
681,C1638184335,0
405,C1263327900,0
692,C864850706,0
394,C884039825,0
405,C1872856757,0
404,C305254471,0
372,C27342285,0
426,C1917387696,0
373,C1152994170,0
379,C1132924705,0
359,C1337807472,0
614,C1345019269,0
372,C523456603,0
595,C712767942,0
398,C1270608172,0
539,C1091619735,1
401,C1446025756,0
404,C1361068685,0
642,C795611152,0
540,C1215401295,0
394,C155040024,0
372,C1886259043,0
373,C1179245957,0
373,C1333711229,0
380,C1731485648,0
402,C1832939316,0
371,C752711245,0
403,C1793021912,0
376,C570856708,0
401,C1427560547,0
612,C1579647862,0
692,C746877240,0
399,C316020718,0
399,C1014458385,0
402,C391077174,0
404,C277704014,0
383,C1800472424,0
596,C2104999625,0
394,C1374515362,0
372,C1153037673,0
684,C2111219229,0
380,C761239266,0
683,C56568719,0
371,C1978509416,0
399,C1740708137,0
402,C1899102939,1
384,C8959862,0
401,C1514672162,0
379,C21060340,0
525,C2053793232,0
405,C900496282,0
403,C627059407,0
403,C1244332355,0
546,C1065200445,0
382,C2011035368,0
405,C855602158,0
550,C1279597077,0
370,C1397715623,0
402,C410443769,0
407,C1333489194,0
369,C535326668,0
546,C1668102558,0
403,C1190733265,0
396,C690905639,0
544,C1015152639,0
402,C116731110,0
399,C1797175964,0
378,C1021165144,0
382,C693976773,0
397,C1709779975,0
371,C1203852551,0
471,C222031381,0
373,C56302439,0
396,C1565625171,0
405,C1597509220,0
402,C1401771456,0
570,C2070531145,0
471,C1973565291,0
374,C1468888778,0
404,C1888308792,0
379,C529476713,0
402,C1766302943,0
380,C1491890365,0
546,C411945366,0
416,C170742379,0
399,C1198423632,0
400,C567174862,0
376,C255193514,0
370,C395458530,1
396,C890764552,0
380,C2086545144,0
372,C1844578923,0
400,C1462146640,0
573,C1872028520,0
548,C1168526613,0
371,C2013866119,0
371,C707827124,0
399,C302337762,0
369,C1127187349,0
376,C666275040,0
431,C2016177370,1
404,C1983861349,0
694,C611266537,1
399,C1085280975,0
358,C465844477,0
399,C1773611576,0
571,C1990340265,0
522,C1286265163,0
400,C1707710414,0
399,C267835294,0
475,C1481115689,1
393,C1955922602,0
378,C1375413476,0
377,C770077638,0
403,C1206777363,0
595,C1716491609,0
372,C627153361,0
407,C1686246933,0
469,C1868133158,0
379,C110655812,0
375,C1277489305,0
369,C1837106241,0
372,C624820410,0
383,C336321365,0
644,C2008438186,0
537,C1783169722,1
394,C378325411,0
587,C604409618,0
595,C38065773,0
404,C348961684,0
360,C22393673,0
715,C471626869,0
370,C1488782003,0
402,C811922286,0
394,C1820656939,0
358,C211460523,0
401,C246250133,0
469,C1171637983,0
493,C1047841682,0
379,C2034840819,0
545,C318531650,0
375,C2143660737,0
591,C607311618,0
396,C843099239,0
394,C550803932,0
396,C357031960,0
397,C814887869,0
396,C1439917550,0
681,C1301234374,0
394,C1964793483,0
382,C1053289863,0
358,C131031670,0
406,C198020422,0
565,C596355974,0
546,C1064695602,0
402,C779284924,0
476,C1073643081,0
379,C160660742,0
637,C2032600410,0
407,C1028273016,0
357,C1703458730,0
395,C110010798,0
399,C1383648358,0
370,C1032175950,0
372,C814677974,0
400,C1559418920,0
548,C285004631,0
370,C777623760,0
402,C1471780082,0
518,C1098467772,0
652,C1580037772,1
544,C1970399554,0
408,C744512218,0
376,C348821827,0
375,C1724822130,0
691,C1193489271,0
566,C1850150139,0
474,C516464202,0
358,C1479289130,0
372,C695743341,0
384,C29891422,0
371,C386988669,0
548,C849998284,0
544,C1995618127,0
643,C964511313,1
490,C1505460334,0
393,C1271511090,0
401,C1129774700,0
565,C1190332554,0
383,C1781080379,0
449,C1786733375,0
404,C2141278075,0
594,C2075585669,0
692,C1317356695,0
691,C1167288575,0
398,C385103869,0
399,C1937191135,0
378,C259807067,0
442,C851961725,0
426,C101881124,0
522,C1740221200,0
370,C1768641292,0
596,C328796277,0
399,C1621406504,0
400,C35898313,0
378,C419686165,0
380,C1354838540,0
408,C1068781617,0
522,C1495971861,0
525,C453832740,0
681,C1413357701,0
394,C1897372941,0
406,C55561589,0
374,C428796176,0
402,C1709922053,0
374,C139076292,0
406,C633371880,0
374,C1238169834,0
356,C238527572,0
398,C822073825,0
373,C885462519,0
661,C354055753,0
371,C179191036,0
435,C1014077257,1
451,C413665151,0
373,C1546934305,0
373,C355311674,0
376,C1018093071,0
592,C1773108157,0
402,C337987468,0
458,C875260255,0
380,C818818740,0
396,C1229272625,0
687,C446449290,0
578,C2030633531,1
431,C87278994,0
687,C332322421,0
399,C2133819816,0
371,C594543350,0
474,C2066749035,0
476,C139002203,0
393,C1527577918,0
545,C1574307934,0
394,C231219840,0
382,C695598492,0
592,C2015077755,0
544,C656310465,0
469,C131699821,0
371,C809778975,0
705,C1851240661,0
380,C1137668786,0
399,C2037176809,0
398,C340289485,0
595,C605533872,0
370,C1085150436,0
369,C892582964,0
371,C418729173,0
396,C1708673519,0
372,C1451599138,0
399,C93571326,0
544,C536462631,0
372,C70449841,0
360,C1174354210,0
380,C2044105597,0
398,C559506530,0
393,C1440423220,0
490,C1251572272,0
546,C1081957730,0
379,C924075229,0
360,C1302063088,0
393,C1834491360,0
371,C1877055834,0
402,C1146674011,0
381,C1254768337,0
380,C455984075,0
619,C1994772127,0
687,C1389412386,0
404,C990876922,0
376,C1008762986,0
397,C225421677,0
396,C1645887802,0
356,C743847986,0
408,C888537212,0
616,C782995006,1
372,C943732776,0
382,C1503666779,0
661,C1921413740,0
375,C251936367,0
379,C1876039288,0
395,C711249023,0
492,C431390325,0
371,C1767991061,0
394,C1058302895,0
397,C1975354743,0
370,C461244959,0
376,C870052985,0
357,C39474998,0
380,C1192886080,0
397,C1051758578,0
404,C1275184302,0
466,C557511701,0
374,C1890315126,0
525,C47197227,0
644,C973204954,0
400,C787643705,0
692,C1351990110,0
406,C50862937,0
393,C1774316831,0
373,C915064051,0
399,C249346036,0
373,C792749847,0
377,C1312360901,0
396,C895460397,0
356,C278880951,0
403,C1401405073,0
372,C160437786,0
571,C2010312672,0
403,C110676001,0
688,C509957066,0
375,C1332920769,0
694,C1917404303,0
402,C1482442194,0
395,C643492220,0
691,C543651725,0
371,C1501544471,0
356,C1101926679,0
408,C455790353,0
492,C1812606450,0
542,C1880160359,0
400,C1608666368,0
416,C39001300,0
490,C422325723,0
396,C1134943879,0
522,C342697548,0
382,C650665967,0
394,C1464021837,0
404,C2096270100,0
469,C1214213567,0
370,C420638938,0
357,C1373803011,0
379,C532472296,0
574,C1798304601,0
453,C1443740367,1
525,C1328846127,0
372,C2143239078,0
403,C305429016,0
372,C2043877944,0
687,C1880764057,0
401,C171298824,0
398,C308692596,0
426,C965464441,0
383,C1286245371,0
397,C2707814,0
397,C15432189,0
497,C1842546630,1
400,C1368706668,0
717,C1047697317,1
378,C2003875936,0
403,C1475778660,0
401,C2036983204,0
518,C728593923,0
378,C1670028102,0
372,C343336312,0
710,C1184661395,0
374,C325812315,0
372,C1125265676,0
357,C1524369072,0
373,C1547778272,0
661,C1233793428,0
401,C1383102025,0
567,C1785875539,0
379,C1483045448,0
397,C1599647177,0
692,C1073888982,0
395,C1504158138,0
520,C1716200722,0
399,C755369597,0
379,C865496203,0
356,C1106856702,0
399,C1506193434,0
398,C1931977360,0
522,C1355017472,0
379,C1632908935,0
522,C399157076,0
637,C172453788,1
396,C1962458623,0
357,C442564919,0
399,C579845413,0
356,C1693910174,0
395,C2010238648,0
408,C1316428948,0
376,C922856018,0
393,C1245866364,0
526,C1443676547,0
522,C2004978104,0
471,C1418333935,0
375,C1941233258,0
632,C2014216295,1
373,C263659944,0
683,C779101839,0
563,C391351846,0
379,C1761438184,0
376,C355070183,0
594,C251737064,0
370,C1562237824,0
640,C1101975608,0
373,C474089655,0
694,C1042482555,0
683,C330847427,0
358,C809502912,0
371,C237294227,0
376,C1719384843,0
681,C1862132985,0
400,C1382572086,0
379,C2116610812,0
369,C1637313748,0
404,C1585563972,0
617,C835634399,0
544,C588196948,0
394,C269517729,0
371,C205955835,0
395,C1295643128,0
402,C2113378764,0
379,C1557591498,0
404,C69449353,0
403,C1503527957,0
538,C974364866,0
395,C610828778,0
380,C101949721,0
396,C250964691,0
380,C1366887423,0
684,C456650299,0
395,C1319807470,0
619,C1366525341,0
385,C690803203,0
399,C199363418,0
378,C1133462472,0
726,C1461019839,1
381,C806711777,0
377,C667180275,0
386,C952519637,0
370,C507255376,0
381,C1899888449,0
501,C2118127422,1
373,C1381697618,0
531,C1934752840,1
596,C1580891416,0
375,C989699553,0
378,C626382723,0
517,C1687801250,0
400,C643179747,0
402,C412724951,0
376,C1475662525,0
372,C249536289,0
403,C1891875417,0
673,C276434845,0
405,C1838523837,0
492,C859941036,0
434,C1606056333,1
637,C1536694417,0
396,C130060848,0
637,C927371342,0
526,C1867112384,0
407,C509024145,0
401,C188376821,0
373,C1761194359,0
402,C1527463219,0
377,C726781061,0
476,C1785472997,0
374,C8362940,0
408,C566397287,0
404,C927394649,0
548,C338817663,0
709,C1369503007,0
380,C2140023801,0
399,C1591617333,0
401,C1533447913,0
404,C127059473,0
394,C1056957915,0
404,C146418885,0
396,C109534028,0
373,C1877934833,0
379,C361290629,0
428,C1260353153,0
514,C1128664312,0
595,C29011493,0
380,C1140674597,0
374,C779977882,0
381,C273295862,0
365,C1640343789,1
495,C38347573,0
401,C352795416,0
397,C786246490,0
400,C1618843644,0
590,C323408390,0
550,C1759423826,0
376,C528780050,0
402,C105918722,0
518,C1067069287,0
540,C987119586,0
590,C642025314,0
690,C1355172006,0
398,C1673042203,0
356,C84266440,0
399,C1226295118,0
617,C1913710355,0
400,C448576583,0
372,C142226874,0
376,C1944133531,0
402,C1608142995,0
398,C1821846074,0
374,C1315994547,0
398,C665112671,0
396,C1842159972,0
369,C2142561749,0
379,C2130957111,0
617,C793894382,0
378,C1805585422,0
401,C911447211,0
399,C151145137,0
548,C1257064240,0
548,C686668056,0
380,C971334004,0
396,C638470320,0
404,C187488368,0
710,C1471091819,0
372,C700143450,0
380,C451938269,0
404,C2099545379,0
380,C428586095,0
401,C319191435,0
356,C1369781935,0
687,C1721587555,0
396,C102891037,0
393,C1560930481,0
371,C1132957330,0
397,C2058878651,0
456,C1210808398,1
393,C83836453,0
399,C1309307042,0
637,C1148691211,0
688,C2070827257,0
634,C129898759,1
396,C2129868548,0
398,C194088609,1
393,C1247469433,0
380,C1837771738,0
395,C1196168146,0
374,C899805673,0
596,C429258561,0
594,C1833568785,0
586,C268922096,0
379,C1626597340,0
404,C36046,0
374,C2004334963,0
582,C1874090524,1
393,C83983264,0
396,C2110055429,0
376,C1388469068,0
356,C1718315828,0
380,C1375743087,0
404,C65868402,0
477,C535695455,1
544,C948784414,0
397,C639374395,0
396,C1484669125,0
372,C94356287,0
566,C567710056,0
565,C600728205,0
372,C510049309,0
379,C910082248,0
594,C1329100379,0
469,C1808967688,0
360,C1494893308,0
370,C1610236331,0
403,C1432893699,0
359,C435376931,0
528,C1987620805,0
400,C1972426494,0
377,C2138875432,0
520,C1085017409,0
400,C715904000,0
404,C935362246,0
369,C1847832893,0
375,C16581578,0
404,C926856254,0
522,C375487630,0
683,C1614351316,0
378,C1477634091,0
380,C1346142509,0
374,C1320627059,0
398,C2011002367,0
403,C1838733636,1
597,C1895320324,0
487,C1767545829,0
687,C2140419560,0
396,C983714427,0
383,C136056965,0
421,C376689274,1
492,C1776289111,0
377,C30791851,0
397,C171946473,0
379,C1600096501,0
373,C317952500,0
401,C565309609,0
393,C460589116,0
596,C1184330477,0
396,C1413137789,0
382,C923374985,0
573,C493704666,0
501,C2000710297,1
564,C1483835363,0
684,C1459069046,0
406,C530357700,0
398,C700562944,0
688,C265994100,0
596,C1950406751,0
394,C489651864,0
356,C513380299,0
370,C1901918730,0
372,C991978075,0
373,C980872681,0
394,C1914920448,0
621,C697681627,0
358,C334176266,0
522,C447029821,0
469,C1476767070,0
360,C1339764697,0
359,C352790422,0
357,C1762958340,0
692,C1519777596,0
520,C478497195,0
401,C2051772734,0
565,C47353118,0
403,C1903692567,0
698,C1381975492,1
398,C1117344042,0
407,C1393608375,0
373,C1312087674,0
398,C330673509,0
557,C1887371650,1
524,C140605493,0
399,C265828585,0
571,C1500469589,0
381,C600068403,0
428,C1285409621,0
612,C2060926049,0
377,C706584914,0
404,C328942897,0
686,C2037500065,0
378,C1584224604,0
371,C1770683650,0
408,C1113627971,0
356,C2087706631,0
619,C1101411517,0
404,C166793393,0
571,C1904443843,0
448,C1861170611,0
533,C1851117784,1
373,C1928687958,0
396,C109900209,0
395,C1228041553,0
637,C1711087428,0
362,C2086602892,0
661,C1145689870,0
401,C1983454925,0
422,C665470387,0
402,C342467744,0
402,C1731061364,0
525,C65521924,0
371,C696689862,0
524,C1991708866,0
692,C1130831234,0
403,C2077684219,0
395,C419670417,0
595,C1665077266,0
380,C1681069065,0
588,C1314229423,0
370,C580109238,0
407,C234946543,0
378,C1983287257,0
407,C1130678768,0
592,C1122031522,0
382,C1770685715,0
370,C563571450,0
370,C1000534596,0
400,C383996800,0
422,C1177353473,1
610,C1349069532,0
595,C258416184,0
544,C1594070397,0
442,C1379017761,0
393,C105992153,0
371,C1307698841,0
372,C81130894,0
370,C517472854,0
404,C10347402,0
405,C1527835008,1
565,C1850623085,1
395,C595131601,0
401,C272692656,0
393,C492114003,0
403,C1617937251,0
396,C1373167976,0
402,C1550644991,0
403,C1333299947,0
656,C722439132,0
395,C1071742438,0
374,C595060518,0
476,C789599821,0
587,C1310249391,0
403,C2059004848,0
645,C1592906945,1
605,C1837848776,1
374,C808909632,0
422,C1916355655,1
399,C1195526422,0
376,C550016456,0
692,C1693839060,0
490,C1864286436,0
550,C1018269215,0
503,C1499486644,0
377,C704371119,0
393,C1634711619,0
522,C458509814,0
375,C1293916525,0
380,C1733879185,0
401,C24429882,0
394,C2075633159,0
544,C448513845,0
525,C2051612687,0
398,C591512395,0
371,C1197112014,0
404,C1109026098,0
402,C23108770,0
380,C1073247850,0
398,C336345865,0
371,C1705513104,0
514,C773881309,0
370,C1063178134,0
403,C1877350209,0
396,C1476812329,0
550,C1911105372,0
373,C1885895779,0
373,C1199301848,0
393,C447857299,0
691,C581672846,0
428,C259386603,0
374,C1464516523,0
451,C1927869722,0
588,C1644703801,0
455,C2079147889,0
378,C266525486,0
395,C303041140,0
397,C211737134,0
396,C818788714,0
402,C1076273667,0
398,C870531652,1
375,C204772218,0
372,C527321556,0
362,C1032253908,0
380,C1481850110,0
369,C340276287,0
710,C256004333,0
380,C190127487,0
405,C1844576476,0
404,C1939043553,0
378,C1597012287,0
500,C217423481,0
369,C1916222896,0
359,C503097546,0
398,C1758460061,0
356,C227751544,0
402,C1401653177,0
518,C376421260,0
687,C1128494853,0
383,C616324101,0
399,C748639333,0
690,C243930801,0
404,C2007197262,0
564,C1659522389,0
379,C1911867013,0
586,C2001094600,0
563,C1438634191,0
614,C2032221498,0
591,C1387397359,1
404,C393602914,0
379,C2086227953,0
404,C517460591,0
378,C1760410344,0
380,C1128543818,0
356,C434895455,0
514,C180745724,0
546,C315456833,0
594,C1992048079,0
396,C1709524982,0
397,C853325791,0
594,C1804198416,0
694,C25799910,0
382,C1028135755,0
407,C157526610,0
380,C615639938,0
401,C489239629,0
369,C1182941144,0
397,C1161020699,0
490,C441779170,0
403,C1337290010,0
408,C1353047903,0
404,C1313374656,0
401,C622501116,0
527,C324141649,0
573,C1938288177,0
374,C1206002421,0
401,C372171418,0
395,C427637283,0
375,C839654708,0
396,C983147536,0
402,C125532264,0
694,C1471945721,0
594,C884910568,0
374,C1730181055,0
495,C1693080535,0
397,C1984973525,0
370,C1305038181,0
397,C389896423,0
653,C2106574163,1
664,C583667098,0
377,C1640833909,0
380,C372377372,0
588,C1587026430,0
371,C952840993,0
397,C1978405641,0
598,C2048558167,0
376,C1958936877,0
398,C2104398896,0
540,C30733583,0
426,C160539504,0
397,C937052629,0
374,C1103163336,0
395,C1016108702,0
571,C894603943,0
404,C635046478,0
402,C1028469434,0
375,C569054758,0
466,C2052022673,0
380,C1589949691,0
380,C584402633,0
399,C134447654,0
373,C2010961016,0
382,C167833503,0
375,C1218718349,0
476,C967759739,0
374,C374043474,0
400,C1020294060,0
688,C1099617405,0
370,C987327149,0
396,C1838524193,0
370,C540776279,0
612,C1729650113,0
573,C1258913467,0
397,C1376463156,0
403,C1747319320,0
400,C342992341,0
588,C1987128627,0
376,C945401448,0
377,C854889719,0
372,C1297202384,0
360,C610489106,0
399,C486534701,0
356,C1897990825,0
370,C1320649796,0
694,C1364037298,0
404,C1483734490,0
402,C83431458,0
394,C130484810,0
396,C140688736,0
399,C42260659,0
358,C1242754486,0
373,C637211415,0
360,C191332918,0
589,C1703341911,0
383,C1831795526,0
368,C197020106,1
397,C1559515525,0
399,C276965003,0
462,C244092764,1
400,C1739009934,0
684,C901631009,0
378,C1980291260,0
403,C1118204872,0
404,C2121603190,0
398,C1147617559,0
396,C2136219727,0
489,C65259597,1
522,C1418863893,0
522,C1886101018,0
360,C125577812,0
377,C1235107757,0
396,C587634249,0
692,C430888931,0
492,C1000239199,0
380,C654054465,0
379,C316692296,0
382,C873746901,0
442,C2027331008,1
690,C1463482505,0
701,C1064966733,1
715,C156333696,0
398,C557798748,0
398,C101399755,0
399,C1373331808,0
619,C1418074161,0
401,C1401494755,0
592,C2194785,0
642,C1186162517,0
399,C618582425,0
382,C1891039010,0
369,C1451811860,0
403,C1552202196,0
381,C119421067,0
403,C557269187,0
595,C1658491632,0
493,C249270743,0
395,C2112016484,0
356,C1720790821,0
544,C1351992105,0
402,C234260415,0
688,C2121067086,0
371,C1981856356,0
694,C24521483,0
373,C1202521043,0
378,C723239710,0
371,C1731691687,0
383,C31148310,0
404,C554452312,0
357,C1662358047,0
373,C1894220849,0
393,C1204814614,0
377,C478212568,0
403,C1311504638,0
683,C1292189300,0
372,C1845813352,0
419,C1883735627,0
356,C928254176,0
589,C276279,0
687,C1810918228,0
525,C1256544743,0
717,C1304831134,0
396,C1945911160,0
493,C306478872,0
404,C1841704574,0
404,C415396860,0
690,C846514995,0
587,C818545763,0
378,C763457797,0
407,C182897473,0
426,C1638025365,0
522,C1752940382,0
397,C1723259692,0
395,C1489498765,0
378,C1861670187,0
448,C1096103702,0
423,C652064279,0
400,C2132100306,0
356,C428678195,0
372,C1376351377,0
371,C325229356,0
378,C640596135,0
570,C1968267866,0
356,C358123325,0
357,C1007205931,0
360,C1097647999,0
370,C1749919818,0
380,C2961563,0
705,C638273133,0
466,C262196186,0
395,C1433363653,0
380,C2064425773,0
387,C1529702229,1
370,C2002692748,0
397,C1977649894,0
401,C1384971630,0
397,C1385361684,0
406,C1301970486,0
393,C1729823354,0
492,C1095728418,0
401,C159452183,0
396,C1374198196,0
379,C1209018675,0
400,C316460869,0
605,C610159138,1
451,C1394824922,0
705,C1635969620,0
690,C1351520648,0
404,C1079144673,0
369,C402574024,0
563,C1867478519,0
469,C1812247115,0
407,C1563828301,0
519,C448865084,1
683,C873798412,0
571,C1008366598,0
546,C1517874980,0
550,C1922022190,0
382,C581829543,0
407,C546940601,0
397,C1123503745,0
522,C875728769,0
402,C370339270,0
356,C1151506412,0
382,C1740077916,0
357,C429479374,0
402,C754830424,0
500,C1029538212,0
404,C191018342,0
681,C947434481,0
371,C1394100868,0
395,C1969908710,0
637,C846627784,0
401,C37507358,0
573,C1565179890,0
380,C1859391108,0
372,C1312260902,1
379,C426825734,0
401,C727087088,0
398,C2012705403,0
378,C1907407410,0
395,C1980663489,0
379,C502518307,0
375,C787984336,0
691,C1257268630,0
522,C1382917613,0
684,C636179545,0
393,C741045903,0
426,C1315746236,0
394,C1444119053,0
548,C1499372164,0
503,C533879006,0
373,C167524622,0
610,C490442075,0
377,C668392492,0
372,C250851592,0
522,C104374210,0
372,C1281871809,0
394,C1941608024,0
380,C1936016683,0
404,C643121834,0
528,C1490606634,0
402,C1700647773,0
400,C2090086012,0
400,C1566701286,0
522,C985493323,0
403,C1576387648,0
400,C128846351,0
585,C1713242347,1
402,C470578424,0
397,C814194844,0
621,C1214448307,0
527,C132262355,0
377,C2125867805,1
692,C1075979848,0
377,C499234574,0
540,C621394089,0
380,C143323856,0
404,C295466237,0
589,C2042557400,0
378,C1992939661,0
406,C913561777,0
369,C388273408,0
400,C585655808,0
373,C595865435,0
375,C1796370625,0
356,C66940980,0
399,C1050939287,0
526,C2117825082,0
358,C1548813560,0
356,C2022735345,0
399,C841694636,0
373,C1065714386,0
374,C2035700497,0
396,C276077219,0
372,C214652773,0
379,C1491223907,0
399,C2016274135,0
376,C1615829453,0
403,C1727718282,0
548,C1019872581,0
469,C1994393488,0
476,C353496302,0
380,C1449551000,0
405,C588589196,0
374,C846120075,0
404,C359499814,0
374,C1818810540,0
518,C332156791,0
522,C1676530066,0
379,C1511153849,0
380,C2089350922,0
396,C1525776500,0
373,C411127587,0
594,C1130848132,0
382,C1247341081,0
378,C185246216,0
684,C1552312729,0
396,C624504335,0
434,C640831254,1
404,C243306920,0
594,C2106502384,0
409,C2051416528,0
490,C1528122423,0
383,C653783627,0
397,C1758373636,0
669,C837019310,0
705,C742861613,0
403,C922229753,0
357,C1503244013,0
374,C1017301470,0
522,C1998961660,0
374,C1699971389,0
522,C284569865,0
588,C1457225466,0
540,C1229720822,0
380,C1018645027,0
544,C388235755,0
411,C1359467526,1
687,C1973453523,0
394,C368186185,0
399,C482345896,0
378,C839307306,0
667,C1175648893,0
638,C1474481275,1
396,C2116383109,0
393,C502275123,0
378,C641015303,0
570,C1176666341,0
490,C1485611866,0
370,C1283478794,0
403,C349064704,0
401,C1548296102,0
424,C323857001,1
571,C590654926,0
567,C1153224255,0
398,C1477491702,0
372,C174807760,0
377,C751132388,0
403,C574763980,0
540,C1346857885,0
404,C12446740,0
402,C424882527,0
402,C2072084760,0
378,C752677192,0
514,C2057598037,0
395,C1435181947,0
403,C104434154,0
356,C1199457745,0
692,C99481486,0
544,C199020201,0
356,C177731198,0
518,C210848970,0
377,C1861188764,0
394,C1873063896,0
396,C167087136,0
395,C1335912707,0
594,C1677087573,0
448,C92364929,0
380,C1625408977,0
495,C2123845708,0
395,C1063391934,0
396,C1612973321,0
530,C1627545028,0
379,C858936188,0
399,C1284596502,0
357,C393688185,0
404,C311515953,0
379,C984319567,0
505,C1904352957,1
393,C1392742006,0
397,C733277472,0
612,C581493638,0
402,C813618051,0
396,C202299956,0
372,C246349307,0
394,C202266211,0
570,C1460779808,0
378,C1264808130,0
379,C1923226519,0
369,C1914779577,0
373,C1344739479,0
476,C1591520066,0
466,C1650997900,0
369,C1773524458,0
403,C1967380400,0
406,C2036908206,0
372,C185861659,0
404,C2135852756,0
400,C1274162189,0
398,C993756899,0
404,C809582437,0
403,C916189592,0
395,C447252906,0
691,C1889164900,0
402,C2018819460,0
403,C689251435,0
564,C1937717918,0
379,C1527186693,0
595,C88600251,0
401,C1378920,0
373,C238893345,0
379,C714257771,0
405,C549133835,0
383,C1224451958,0
378,C2013136536,0
379,C795779641,0
694,C1792486780,0
715,C1744556975,0
401,C1409796026,0
379,C1708595815,0
476,C1670460194,0
476,C576227569,0
372,C334297119,0
375,C839521991,0
380,C1882926110,0
540,C2090068245,0
550,C1297825349,0
500,C197069111,0
380,C1424863706,0
550,C486066140,0
407,C961750659,0
356,C1907584176,0
589,C1007115029,0
378,C2064247486,0
395,C19905034,0
403,C631332529,0
357,C892381084,0
405,C184101628,0
573,C1458559430,0
378,C1565902081,0
395,C44558853,0
594,C1098336609,0
402,C1205744343,0
505,C749619972,0
692,C1826394868,0
570,C928815520,0
357,C1301169446,0
395,C110187709,0
546,C1927108055,0
619,C561500527,0
423,C1044034172,0
619,C1336000940,0
403,C1424512251,0
375,C988606728,0
394,C762311537,0
377,C1478106615,0
403,C718858690,0
525,C1339195635,0
395,C267284913,0
372,C2042693147,0
517,C627865551,0
687,C449848790,0
522,C1454032156,0
360,C1496534280,0
401,C1438334580,0
585,C953069153,0
493,C1404726199,0
370,C1715648211,0
358,C746120270,0
374,C1044304930,0
400,C626636909,0
402,C1680340211,0
396,C1949772926,0
404,C1682069098,0
372,C129222951,0
407,C1935970173,0
525,C1269818196,0
373,C1148221798,0
403,C431469103,0
563,C1630465211,0
506,C295695808,1
373,C1925404567,0
375,C1539940074,0
517,C1345668271,0
375,C621730732,0
544,C1432881609,0
396,C1448636268,0
399,C1588816092,0
396,C2025134616,0
527,C1323569716,0
404,C1664212093,0
359,C501567466,0
633,C2129660302,1
378,C1586772830,0
686,C122044608,0
398,C1260538598,0
397,C1346971056,0
374,C1925164223,0
402,C492226517,0
405,C539742017,0
403,C807438290,0
396,C598699586,0
403,C31666620,0
404,C1560229726,0
403,C920782109,0
687,C349012619,0
372,C1472040835,0
565,C1677313489,0
378,C1036504041,0
396,C1965357208,0
395,C394314224,0
376,C1674325401,0
517,C1036037179,0
709,C402955487,0
589,C1678728796,0
525,C800109691,0
509,C342872036,0
690,C389660670,0
377,C248377571,0
375,C1275175317,0
398,C120516998,0
401,C807548104,0
592,C495789740,0
595,C1422736429,1
403,C1761560801,0
398,C663807929,0
372,C688574328,0
688,C1165407745,0
359,C772266181,0
396,C747468574,0
379,C1492447058,0
695,C1934011446,0
376,C1661197973,0
379,C76363315,0
619,C1155450120,0
401,C1624259666,0
371,C573539537,0
371,C1566454087,0
684,C405936899,0
522,C1650235281,0
397,C730799815,0
401,C2124251845,0
448,C468344442,0
573,C1814660419,0
404,C2124897438,0
379,C1562688954,0
401,C330597288,0
709,C857702588,0
375,C932663337,0
687,C413662103,0
547,C2126380647,0
357,C536657123,0
397,C525585060,0
404,C1904497861,0
588,C987812075,0
378,C1422730982,0
398,C1437496664,0
375,C582925839,0
393,C2141039506,0
381,C214294058,0
527,C1822896478,0
402,C1066886342,0
586,C1005530982,0
380,C487240517,0
381,C1144063304,0
420,C1104641940,0
405,C242087823,0
371,C2005085497,0
550,C692739892,0
592,C1670554509,0
404,C1440612565,0
403,C906419161,0
358,C724538349,0
370,C1353817385,0
547,C666869003,1
379,C718989415,0
513,C1899106071,1
356,C58427438,0
399,C1547421687,0
596,C495369611,0
402,C1427065035,0
374,C1590465299,0
670,C106058139,1
380,C1167266312,0
380,C952073575,0
360,C1616931827,0
370,C1408281303,0
544,C1185604375,0
375,C747007900,0
674,C582884877,1
379,C591292535,0
400,C1314361279,0
371,C2003130080,0
380,C813194812,0
358,C1951586844,0
402,C765729787,0
687,C917013935,0
370,C2133469280,0
546,C2068139445,0
544,C1334822753,0
403,C1356933098,0
395,C1117355931,0
379,C753589916,0
356,C1952424904,0
375,C1906988140,0
585,C270194117,0
402,C1563304849,0
394,C1625610439,0
492,C1138922058,0
377,C1703740753,0
373,C376256398,0
401,C241894119,0
687,C2075375102,1
687,C204017122,0
683,C1841209566,0
546,C1444108733,0
376,C1012475854,0
371,C1140897190,0
401,C968607877,0
403,C40729142,0
622,C1559989964,1
690,C1060418306,0
552,C1304697562,0
405,C903896964,0
495,C185461868,1
380,C1193825614,0
545,C237778446,0
528,C1010904415,0
684,C973008714,0
400,C322148964,0
540,C1580220834,0
378,C448176011,0
550,C1882970509,0
380,C9190718,0
688,C238849194,0
380,C382644919,0
378,C402557472,0
661,C1296967646,0
688,C486494948,0
375,C1528843314,0
401,C1701369222,0
406,C1868826702,0
380,C981114921,0
399,C2120898251,0
469,C522251253,0
406,C988174648,0
401,C490190739,0
687,C1313415088,0
397,C29279209,0
663,C1315392572,1
400,C1705672739,0
379,C1098007373,0
585,C133886523,0
396,C1967285281,0
396,C796858161,0
373,C311600421,0
379,C260716917,0
545,C902261102,0
404,C2119484829,0
405,C256863783,0
371,C819211015,0
404,C1427015689,0
359,C833542670,0
709,C66862395,0
378,C797897443,0
371,C1249763083,0
399,C1838717819,0
573,C596417338,0
399,C1311575009,0
503,C879732838,0
514,C1780610876,0
585,C19580628,0
538,C1779253004,0
571,C2144863630,0
397,C1963994102,0
372,C411775642,0
379,C438913940,0
544,C534295305,0
549,C1609626070,0
373,C415373062,0
399,C1978071199,0
372,C1479543748,0
358,C1264011648,0
380,C588339776,0
370,C648273882,0
371,C1673856626,0
378,C665048893,0
373,C651205067,0
524,C830089385,0
384,C200294250,0
402,C261271997,0
356,C364800471,0
404,C525426906,0
375,C1615417574,0
395,C359488022,0
371,C420886682,0
406,C1113910740,0
688,C959240280,0
686,C681926924,0
396,C270452636,0
406,C665279246,0
400,C834203732,0
373,C1681558537,0
356,C1358088824,0
402,C583266780,0
370,C66463721,0
373,C262851348,0
378,C676163476,0
690,C780396294,0
544,C469161817,0
471,C1246039694,0
373,C1473299588,0
374,C1631607222,0
396,C344383580,0
398,C1123595705,0
401,C1158522208,0
402,C19885815,0
567,C393516497,0
371,C1861334984,0
373,C1270090160,0
400,C409290983,0
546,C1301791317,0
375,C249531810,0
400,C607787090,0
692,C1532266557,0
406,C492693443,0
402,C130762122,0
492,C255324054,0
544,C1836778086,0
576,C1353372081,0
400,C35221771,0
404,C941663546,0
398,C1583543632,0
397,C897786300,0
369,C1124928253,0
601,C1627664957,0
378,C2135874917,0
705,C641968738,0
378,C1737395230,0
595,C457645481,0
370,C1787950908,0
376,C1455043514,0
527,C847836445,0
709,C1317626088,0
565,C332587473,0
492,C845286087,0
405,C913462041,0
692,C1970830422,0
378,C976750191,0
565,C1680845849,0
394,C49399757,0
444,C1297114741,1
397,C1301264009,0
396,C41758954,0
381,C183454449,0
403,C1581156935,0
570,C584980032,0
376,C457850634,0
373,C802067620,0
514,C290687362,0
356,C705074865,0
374,C235779319,0
374,C1034304786,0
571,C978956379,0
398,C179195486,0
377,C1637745468,0
426,C3632342,0
715,C863559000,0
401,C1243046529,0
400,C1980162298,0
590,C550288350,0
398,C579106997,0
398,C230192137,0
426,C2101377752,0
394,C1537900203,0
681,C73489697,0
452,C1685936433,0
476,C1599580325,0
522,C1354915200,0
372,C1555056138,0
527,C1240306433,0
429,C948476445,0
619,C1291165836,0
550,C1986775009,0
373,C871952586,0
469,C515434450,0
372,C1077222704,0
401,C345746564,0
373,C1991294643,0
596,C1945141626,0
396,C277125543,0
402,C1915490053,0
376,C551643409,1
380,C742956786,0
397,C463389595,0
594,C732805092,0
379,C1614072752,0
397,C2138399625,0
376,C143567517,0
369,C655922033,0
405,C1006556015,0
394,C572121618,0
514,C543556493,0
637,C800616668,0
393,C1060422078,0
544,C1169884069,0
742,C1970706589,1
394,C82451201,0
396,C2106632010,0
610,C1879190581,0
587,C1299322845,0
378,C1687287352,0
370,C804417406,0
395,C1229535306,0
402,C1568183315,0
396,C1969050463,0
399,C635005348,0
540,C73784032,0
401,C1928035871,0
399,C200121802,0
396,C1153774025,0
588,C2001626357,0
398,C362588214,0
546,C387067753,1
704,C2135939957,1
393,C1967983057,0
615,C209058213,1
370,C1023335770,0
522,C1644201478,0
596,C1332386191,0
596,C494360476,0
590,C301061049,0
397,C46044817,0
403,C781437670,0
394,C2130119768,0
420,C1907958880,0
397,C2025262717,0
428,C346274723,0
356,C252348754,0
380,C143165539,0
586,C2086842925,0
405,C93029583,0
571,C1046845069,0
376,C362213807,0
371,C422139686,0
617,C639067884,0
370,C1336679468,0
478,C1702286599,1
373,C2004720742,0
375,C1280949290,0
395,C1529205822,0
594,C506139732,0
690,C874776413,0
402,C496590538,0
372,C843280321,0
406,C838762814,0
403,C1243342364,0
400,C1276167285,0
373,C1380223071,0
525,C2116343171,0
650,C536221830,1
567,C1379695788,0
357,C1270106624,0
404,C979216672,0
356,C950321147,0
429,C1549492099,0
407,C418680984,0
380,C29537497,0
402,C591314825,0
617,C2046048236,0
381,C1029013381,0
380,C1027554296,0
688,C1963084620,0
544,C1510694638,0
684,C2063535550,0
469,C1239216048,0
511,C1861046549,1
551,C1890211648,0
550,C1516240520,0
570,C1205960598,0
401,C675136707,0
381,C462275909,0
642,C1047743459,0
397,C416530221,0
357,C723356457,0
402,C582221446,0
383,C809416121,0
500,C1651069846,0
376,C1619023572,0
359,C573075572,0
380,C1984708139,0
372,C1583205099,0
574,C668216040,0
395,C1717964127,0
546,C2055823755,0
605,C1419487252,1
402,C1333159874,0
687,C1171838857,0
373,C455089993,0
371,C1284291885,0
687,C158378092,0
496,C1834901118,0
369,C1136756049,0
373,C1606143733,0
466,C1321085787,1
380,C2147269201,0
610,C1626028230,1
540,C413509780,0
357,C56183883,0
594,C623143167,0
377,C762140978,0
371,C1257443719,0
402,C754864258,0
371,C1521354637,0
371,C904118383,0
402,C145082837,0
669,C593287775,0
382,C2112445419,0
545,C197735894,0
542,C1365550890,0
403,C848698993,0
407,C245364206,0
378,C995131975,0
400,C2106386307,0
667,C1705589992,0
538,C925073885,0
692,C925155000,0
476,C1326859218,0
378,C664082728,0
369,C124775803,0
683,C2045698445,1
595,C132132867,0
373,C2125735324,0
399,C783010858,0
370,C940230044,0
492,C281334572,0
404,C1629780232,0
358,C1402558461,0
612,C1441749360,0
691,C202701994,0
406,C2062320275,0
661,C1884857458,0
474,C1789552895,0
370,C116631275,0
374,C329137201,0
550,C1762603041,0
381,C1953134693,0
376,C2026786329,0
687,C573167635,0
399,C1085979612,0
371,C1354776161,0
399,C693086567,0
567,C1863635726,0
404,C1367420613,0
370,C1674977698,0
573,C440065059,0
394,C1172780876,0
396,C702875482,0
356,C306724741,0
375,C1144630798,0
709,C303297661,0
401,C1659223628,0
378,C1728054729,0
370,C1404314752,0
398,C667073568,0
375,C946132476,0
525,C2135013049,0
681,C1921947893,0
394,C1473083211,0
378,C21926067,0
469,C306954341,0
588,C321360676,0
375,C736070055,0
402,C363683886,0
396,C1751265429,0
522,C1856882114,0
588,C778909185,0
372,C293684170,0
596,C1722809420,0
397,C1142134996,0
371,C1528019693,0
380,C1218922402,0
376,C487473631,0
546,C1066191297,1
373,C1957297770,0
692,C1713328923,0
587,C1768655102,0
495,C525200548,0
374,C1208611908,0
378,C978660270,0
588,C1899533296,0
404,C722869283,0
357,C741734677,0
565,C1968525616,0
524,C407929736,0
371,C743309025,0
404,C652829780,0
398,C1928355169,0
596,C266855980,0
375,C714644548,0
374,C2029091118,0
474,C1890150867,0
664,C1035659576,0
402,C844370503,0
567,C14110900,0
373,C1433232554,0
403,C327876021,0
451,C711520953,0
659,C414931107,0
375,C1743103445,0
379,C2050396666,0
396,C407865318,0
356,C1733382005,0
400,C1638338147,0
375,C759308812,0
520,C1467022332,0
356,C2003564963,0
514,C126842659,0
404,C1200116987,0
594,C731897655,0
395,C1997794192,0
567,C553614985,0
380,C2036891155,0
400,C1968020150,0
358,C1375835011,0
373,C456438449,0
380,C250378797,0
373,C949342763,0
378,C573844938,0
542,C1925212819,0
405,C541170006,0
371,C472273083,0
485,C1844195426,1
403,C2003859214,0
661,C2078416518,0
402,C1508528819,0
377,C758558310,0
377,C1652187004,0
379,C382358223,0
546,C259075124,0
396,C1372276067,0
595,C920964973,0
372,C627894055,0
379,C735063560,0
404,C1055603878,0
540,C1530037265,0
356,C1741652824,0
373,C481692743,0
379,C2045965241,0
372,C802473572,0
402,C695202161,0
400,C1961262387,0
402,C1838456344,0
371,C1445325194,0
546,C1454568565,0
403,C1386536769,0
378,C23657989,0
377,C2074693129,0
375,C1080271158,0
431,C908386891,0
695,C2034313020,0
702,C1461113533,1
399,C2147422442,0
384,C406776975,0
588,C1959849043,0
369,C518734648,0
371,C1569666893,0
573,C803654821,0
356,C596161107,0
420,C226864610,0
542,C1548365504,0
420,C552386469,0
372,C1859054619,0
371,C315659084,0
359,C1281701904,0
540,C993599951,0
397,C1908181980,0
399,C1226353936,0
402,C2037998289,0
469,C151804398,0
379,C1709212881,0
378,C674287782,0
378,C1857887815,0
372,C340736297,0
400,C835377218,0
397,C2098392428,0
595,C1997334470,0
378,C280613374,0
595,C1676610572,1
394,C1087437414,0
358,C933363331,0
594,C1179911228,0
406,C552479283,0
356,C411479043,0
396,C184556653,0
356,C1225666894,0
395,C1869617767,0
356,C921201849,0
383,C1366761448,0
657,C1550289532,1
356,C2069229362,0
372,C1701140426,0
399,C1706667061,0
393,C1669047596,0
370,C486124985,0
381,C1992459368,0
448,C1777453273,0
380,C145573831,0
692,C1386872793,0
405,C1798627884,0
379,C1070771285,0
369,C701901138,0
370,C1489593986,0
381,C272285843,0
404,C233067062,0
393,C2096211187,0
522,C1582067242,0
403,C126100160,0
371,C985320117,0
398,C332671852,0
403,C524701806,0
592,C291588117,0
406,C1216438383,1
684,C251340866,0
373,C1354244501,0
395,C414467094,0
379,C1570843882,0
396,C125669504,0
403,C1017185000,0
406,C1144650487,0
374,C1179820387,0
379,C1070441145,0
398,C1400985972,0
589,C200067090,0
540,C501959843,0
374,C607684917,0
378,C1040738932,0
659,C1022258556,0
394,C304781517,0
546,C2003051729,0
587,C1597545296,0
576,C2116325226,0
404,C1055366870,0
500,C1476424719,0
442,C440056722,0
399,C1665979735,0
382,C527678083,0
378,C627786628,0
378,C817721835,0
601,C1549340974,0
396,C1496976614,0
379,C567333675,0
617,C317724620,0
371,C1580251472,0
372,C377714838,0
398,C1149237494,0
370,C329482589,0
514,C809811887,0
398,C190395560,0
399,C1460239553,0
405,C1772711281,0
524,C151763688,0
601,C1961017545,0
589,C1176372959,0
400,C615016315,0
493,C1979771221,0
564,C1357699245,0
373,C1013628857,0
401,C305468975,0
401,C1378941905,0
394,C710057412,0
404,C1529150925,0
396,C1418864357,0
433,C1431630057,1
382,C119988834,0
396,C303462366,0
394,C925473162,0
374,C1308988706,0
695,C516424274,0
394,C659495277,0
379,C966879629,0
397,C85807605,0
369,C1326298426,0
394,C1877079229,0
397,C828454355,0
565,C1318345707,0
591,C2084263514,1
382,C1150751821,0
369,C2021865862,0
378,C930303794,0
493,C319500671,0
401,C370343964,0
398,C2056556834,0
590,C240730590,0
403,C2058116135,0
692,C1140048194,0
356,C1669997379,0
403,C300830682,0
659,C1628863480,0
379,C479164633,0
394,C1124053684,0
395,C136718322,0
394,C1281840106,0
397,C2042637298,0
399,C971985168,0
595,C2032293618,0
378,C1992081602,0
399,C426450081,0
370,C1954228260,0
399,C2005254666,0
478,C63485295,1
417,C1229699193,1
371,C290481221,0
379,C35058404,0
379,C286023106,0
520,C1741031215,1
530,C17893200,0
402,C1826035701,0
369,C748862753,0
374,C90120091,0
373,C1000733983,0
404,C1421419054,0
476,C744487030,0
544,C914750643,0
378,C2056510465,0
544,C948155629,0
569,C694643897,1
487,C1540815596,0
588,C740610739,0
393,C682107637,0
371,C685447423,0
419,C1050027299,0
404,C1577488867,0
370,C1267424578,0
407,C403582851,0
733,C482285608,1
381,C1359067624,0
383,C750569376,0
379,C439624566,0
375,C636927538,0
356,C1627449019,0
370,C1614513596,0
377,C2043293375,0
386,C1841715332,0
396,C728889216,0
558,C189647886,1
592,C1918203059,0
404,C2112913290,0
370,C297796418,0
524,C263849171,1
522,C957864852,0
594,C1171380033,0
448,C1359307228,0
404,C60559312,0
378,C703205981,0
487,C1573491047,1
509,C1445437580,0
376,C1105722528,0
397,C1289478237,0
374,C708040341,0
371,C284708770,0
730,C1868631555,1
378,C2072026173,0
404,C1899475203,0
557,C467552015,1
373,C1739633741,0
496,C1871874439,0
403,C646979061,0
409,C1729806693,0
381,C1790962901,0
357,C1190923038,0
404,C840292443,0
469,C1430184744,0
728,C1305559146,1
396,C1112584257,0
397,C1534341173,0
397,C1394344757,0
370,C656163134,0
595,C568168780,1
373,C611155897,0
404,C1744271246,0
372,C130132824,0
406,C1252492731,0
372,C242154843,0
407,C55077581,0
399,C1782787960,0
649,C1931992336,1
373,C355030713,0
500,C290491907,0
402,C1947841351,0
688,C943426098,0
378,C1092122044,0
379,C1678058156,0
399,C1077886216,0
394,C1771548480,0
400,C2050827127,0
400,C229863334,0
637,C787393636,0
362,C1058968085,0
681,C1698991541,0
478,C1706008290,0
514,C1245726590,0
395,C1266862943,0
356,C520336180,0
373,C1592714006,0
661,C1437006145,0
373,C1559768631,0
398,C212048233,0
566,C1025024603,1
447,C1937221024,1
401,C1253594735,0
612,C287498293,0
402,C244816156,0
379,C1072132166,0
380,C68251496,0
374,C1539604721,0
595,C799378709,0
356,C1031326839,0
522,C391119747,0
383,C1656853623,0
544,C1960073098,0
357,C1716578973,0
597,C1096993153,0
403,C1390902804,0
542,C1265046181,0
399,C352295311,0
382,C577100898,0
397,C2089778843,0
378,C2004933190,0
684,C1906296378,0
380,C1336612045,0
382,C1052567631,0
400,C1126977591,0
399,C2052447571,0
401,C1804682308,0
374,C1360487786,0
595,C893805748,0
402,C499287522,0
374,C956806392,0
381,C1334580871,0
394,C205725333,0
379,C1661937986,0
371,C362567814,0
522,C1550113252,0
570,C444622217,0
500,C509419906,0
358,C770286216,0
399,C1834291254,0
718,C558632475,0
395,C1678262486,0
359,C1957855900,0
375,C772448660,0
379,C2045828591,0
370,C1254110463,0
380,C452617557,0
399,C258087971,0
600,C1402128249,1
370,C2068604172,0
397,C223972507,0
400,C1471383369,0
393,C9800536,0
378,C268806456,0
373,C588103391,0
356,C821003195,0
380,C944536078,0
493,C355757233,0
372,C564354897,0
463,C1410654808,1
692,C988590378,0
688,C563181995,0
544,C1879137685,0
380,C2058437949,0
379,C277156786,0
404,C686916365,0
405,C1298228165,0
686,C1441615724,0
370,C167962781,0
522,C514827411,0
402,C1937832321,0
684,C373803359,0
471,C207463451,0
398,C1257634086,0
401,C934258956,0
681,C559684988,0
359,C674719592,0
612,C1648305481,0
359,C1248078350,0
380,C1935868970,0
374,C1399223554,0
642,C32469851,0
407,C1307845503,0
379,C1967959813,0
356,C949072463,0
404,C479808824,0
396,C1439366867,0
686,C664637586,0
401,C1115853305,0
378,C700539594,0
376,C1544162472,0
406,C1912506797,0
380,C2009280563,0
395,C1616990832,0
400,C1522102663,0
382,C249749323,0
380,C777698728,0
381,C536229178,1
688,C1572901658,0
397,C1654968029,0
596,C1464517272,0
399,C19242018,0
525,C929251136,0
403,C1070380256,0
380,C2135945154,0
570,C125027888,1
588,C355210651,0
380,C594359201,0
469,C1511110077,0
379,C1185220770,0
371,C395296965,0
397,C1161100349,0
402,C678622698,0
399,C736171186,0
394,C2030067282,0
565,C606035489,0
404,C106186557,0
394,C2024341305,0
400,C1023929049,0
400,C1545515659,0
406,C382809045,0
403,C266303201,0
406,C2104644436,0
358,C1249257461,0
617,C921176841,0
397,C1718603972,0
372,C831092719,0
378,C1685529267,0
396,C253322604,0
542,C797354074,0
378,C1829908308,0
398,C949993435,0
374,C1880119601,0
525,C1824047260,0
525,C2034806764,0
375,C1662672774,0
546,C1982139426,0
401,C258925253,0
356,C1311871118,0
381,C1429740704,0
374,C1436052945,0
378,C1817643948,0
522,C1882246050,0
372,C953321123,0
467,C1873382948,1
680,C1158825212,1
382,C635473858,0
707,C1238715369,0
474,C1325439718,0
402,C1458006481,0
395,C1109441086,0
404,C377649496,0
690,C871631720,0
547,C2058634303,0
370,C1896788239,0
399,C1002369563,0
374,C134868170,0
594,C728373566,0
403,C351572581,0
374,C380297484,0
374,C2040671885,0
403,C1292386638,0
396,C490447901,0
590,C2068731384,0
403,C276994707,0
673,C1419832653,1
714,C408843266,0
621,C813882300,0
372,C1322079606,0
463,C1158527799,1
380,C2058185743,0
395,C1772331724,0
399,C23189773,0
490,C1146119337,0
379,C886282881,0
394,C380207047,0
428,C1677062711,0
376,C1216350884,0
377,C1690040461,0
520,C1734949902,0
590,C128299299,0
394,C575104937,0
572,C149758209,1
597,C9825132,0
403,C1204979411,0
512,C1698844307,1
552,C1687161553,0
700,C311401803,1
395,C214697002,0
681,C128732112,0
373,C1369502719,0
393,C846928031,0
400,C905124987,0
358,C628970811,0
599,C1452524962,0
518,C977617431,0
374,C1739135947,0
357,C271413931,0
372,C792337674,0
590,C1769335281,0
407,C2012585885,0
395,C1539649706,0
408,C388339123,0
381,C1175731134,0
404,C551623039,0
644,C312463248,0
382,C1469141122,0
483,C1237045559,0
474,C290727308,0
379,C1791986907,0
399,C463123100,0
670,C751709456,0
372,C520368241,0
373,C1058094676,0
399,C1713564256,0
402,C1200982471,0
403,C1748900169,0
376,C1605805071,0
563,C804072353,0
373,C353448681,0
379,C723427226,0
394,C819495750,0
361,C1606370538,0
402,C286955379,0
597,C1475089997,0
401,C122573796,0
490,C945414435,0
399,C1291034976,0
404,C16278703,0
400,C889948317,0
599,C852939685,0
371,C1686813980,0
373,C1586279671,0
418,C1463709824,1
474,C1876882583,0
394,C1361894330,0
375,C616644133,0
550,C1251545022,0
406,C390395645,1
358,C1255533630,0
371,C268899202,0
398,C573999682,0
373,C100883870,0
404,C283610717,0
374,C1480744004,0
396,C994567393,0
709,C1549787318,0
377,C1444299981,0
403,C874181225,0
395,C537682763,0
396,C1826351176,0
380,C2077375421,0
369,C462296357,0
398,C1858485796,0
397,C1132867810,0
598,C1189373169,0
709,C272928354,0
462,C1101966116,1
544,C1955052380,0
688,C1438273158,0
394,C1424247704,0
382,C809847921,0
405,C358953338,0
369,C1875926575,0
522,C1149705011,0
522,C1853259227,0
356,C2000725918,0
594,C1285283553,0
520,C1579517417,0
426,C935804182,0
522,C220564203,0
377,C499481399,0
370,C1952355850,0
500,C1594258248,0
398,C483516089,0
518,C894327936,0
404,C442232752,0
514,C852909709,0
374,C2121171538,0
369,C494294904,0
398,C699808652,0
396,C687660735,0
714,C441193392,0
379,C1691633084,0
380,C2050154108,0
522,C2135180005,0
396,C24593130,0
402,C1380382530,0
372,C571445653,0
546,C1130522923,0
548,C1368412148,0
356,C1992230352,0
377,C307951197,0
382,C184373908,0
510,C1071582702,1
394,C648342069,0
615,C177838089,1
371,C1872729400,0
380,C1663297921,0
393,C345822752,0
378,C1671780635,0
378,C1914964276,0
406,C1914252459,1
547,C1617518587,0
399,C229906411,0
522,C1479981320,0
376,C1995978282,0
376,C2000531710,0
398,C1414561176,0
397,C2146836200,0
395,C1394711871,0
409,C28043543,0
375,C485673890,0
379,C1039867338,0
397,C1485643706,0
370,C993098158,0
402,C135546084,0
403,C1960174084,0
376,C600173845,0
378,C538389938,0
680,C1669123566,1
374,C186075022,1
379,C894067889,0
378,C1675351393,0
684,C219133586,0
550,C662184778,1
489,C1002895272,1
405,C378198481,0
688,C394241919,0
479,C122142426,0
395,C1870181283,0
357,C1902199840,0
375,C812049071,0
398,C597732065,0
402,C1848296445,0
396,C664529950,0
379,C71707566,0
379,C9560667,0
380,C1512885256,0
399,C592721011,0
377,C165278572,0
402,C2020857514,0
375,C1767267812,0
378,C256879201,0
371,C225769769,0
399,C549079074,0
538,C110283695,0
694,C599212256,1
379,C619412210,0
374,C1727448826,0
522,C689540763,0
404,C1538211331,0
458,C2126395117,1
705,C1719737389,0
619,C124284615,0
379,C1307862612,0
448,C1556275913,0
538,C1472936458,0
402,C1936816140,0
594,C1325211703,0
403,C1261356190,0
403,C1129424373,0
380,C1956180887,0
378,C1693264685,0
398,C766564967,0
483,C1658688393,1
397,C1095502692,0
399,C29360422,0
552,C101552969,0
395,C1161459668,0
402,C47808646,0
426,C132611339,0
522,C60461398,0
400,C573118746,0
398,C505766549,0
359,C1854441404,0
376,C429749756,0
465,C1907027988,1
395,C1093798524,0
619,C1416455112,0
397,C1831599431,0
357,C7326398,0
571,C820969286,0
357,C193950939,0
378,C525589131,0
356,C1175008810,0
379,C819905729,0
568,C287337523,1
402,C369613422,0
370,C2003687654,0
545,C80808410,0
379,C578344175,0
381,C230230835,0
657,C1783297640,1
397,C183617710,0
376,C1980656314,0
492,C2018680623,0
571,C369410952,0
404,C606316558,0
405,C894877544,0
448,C1325778477,0
360,C1339006997,0
374,C1941496102,0
407,C1066194985,0
373,C319900030,0
608,C120686089,0
370,C916319423,0
596,C1208166603,0
396,C48246331,0
356,C185134145,0
402,C1351557167,0
358,C561353508,0
594,C629778676,0
661,C1644885094,0
375,C35807367,0
469,C2087130336,0
476,C468453649,0
395,C1904669860,0
403,C1653423569,0
400,C1014136198,0
377,C1671856682,0
544,C1508209258,0
382,C414926358,0
690,C351791555,0
402,C857512693,0
394,C787849649,0
404,C239061031,0
402,C640733488,0
474,C1885715747,0
402,C11329263,0
399,C1880852419,0
379,C214320894,0
404,C1084916960,0
357,C2081266018,0
378,C1592044342,0
400,C1632411586,0
449,C1017426038,0
377,C39424656,0
376,C475369272,0
373,C815452086,0
405,C1818116264,0
469,C218945310,0
402,C417842080,0
373,C65259992,0
400,C908310452,0
492,C53346238,0
545,C1557565467,0
400,C279967454,0
357,C484370614,0
379,C811569156,0
370,C1928594025,0
399,C1596453327,0
688,C2144114406,0
659,C1719904280,0
373,C1543180069,0
396,C1600041682,0
661,C1474871562,0
684,C1210150591,0
397,C480667387,0
398,C1565801530,0
356,C222979543,0
374,C1670155928,0
563,C1069229013,0
356,C1270298685,0
617,C1612029411,0
544,C1436169754,0
381,C1822584395,0
403,C2028337212,0
514,C1884299737,0
370,C521534402,0
474,C249731415,0
396,C1193150448,0
397,C757114882,0
356,C810844311,0
356,C392177633,0
573,C93961685,0
403,C1426519627,0
382,C1408306578,0
381,C490605562,0
371,C623789359,0
590,C481931493,0
379,C1845424321,0
686,C1452140230,0
546,C2077791043,0
451,C983355709,0
374,C2051653945,0
396,C1317438575,0
592,C1619635602,0
382,C838456837,0
588,C497886293,0
404,C848474079,0
398,C1028384678,0
402,C1283513276,0
374,C939665713,0
538,C615843583,1
428,C138346980,0
525,C1445936005,0
379,C1356660099,0
371,C764927894,0
715,C833100499,0
371,C2054953439,0
551,C500819962,0
399,C1763456375,0
359,C1359122686,0
394,C851502641,0
471,C1690415712,0
403,C1137075578,0
399,C744857151,0
394,C2087556772,0
374,C2111220449,0
695,C1696624196,0
372,C1253880217,0
571,C1950060152,0
400,C1048766061,0
684,C251054795,0
406,C1142415689,0
681,C1129328323,0
407,C1355511754,0
566,C421429089,0
397,C1852344724,0
402,C1592314695,0
361,C1868221629,0
398,C309836874,0
394,C1051693154,0
426,C765640834,0
397,C2020918822,0
373,C2111900191,0
384,C2138450783,0
570,C2041089841,0
402,C1446322902,0
375,C663778269,0
394,C1621206859,0
692,C365047763,0
550,C1317546431,0
358,C1003046250,0
398,C949092086,0
375,C32535922,0
400,C1519711236,0
681,C1973321637,0
379,C1005475131,0
404,C455718629,0
379,C1810958718,0
408,C1018271412,0
397,C613945234,0
596,C539530263,0
686,C1595102087,0
542,C364529315,0
405,C1837182679,0
404,C1458746895,0
375,C325746602,0
404,C1742220689,0
379,C72272215,0
404,C1376628186,0
401,C167901330,0
398,C189726075,0
582,C938063535,0
393,C1304910863,0
681,C1865785992,0
358,C1037212537,0
396,C1324859301,0
396,C1261116519,0
400,C1115133775,1
397,C1801935439,0
514,C46636375,0
379,C2027054235,0
394,C612891851,0
375,C612654159,0
595,C1645992663,0
376,C902827729,0
373,C151259366,0
360,C230109403,0
401,C1704681200,0
394,C1908782952,0
396,C1533628522,0
374,C1872973308,0
397,C217704700,0
428,C1051268853,0
397,C1594512539,0
589,C1369286842,0
370,C1129436028,0
381,C1526795445,0
378,C1919489193,0
399,C1128939163,0
398,C1565440610,0
398,C162644344,0
401,C114786755,0
695,C398865090,0
397,C622966479,0
369,C175939936,0
525,C415126297,0
369,C585378481,0
455,C1061263760,0
373,C402988872,0
394,C917329944,0
528,C722330487,0
405,C1962912498,0
681,C483809428,0
400,C922447660,0
522,C681056657,0
401,C1739602473,0
400,C322376900,0
664,C1816016520,0
380,C1815914543,0
394,C1787230514,0
372,C2011687419,0
375,C1826852308,0
379,C515481039,0
399,C950589693,0
548,C1915687470,0
692,C1039681029,0
373,C2043693975,0
400,C1429286765,0
542,C1862168533,0
378,C555723925,0
518,C1352624111,0
373,C377357295,0
382,C565029300,0
589,C97516088,0
395,C406102436,0
370,C1607630534,0
400,C1807426314,0
673,C1409955538,0
566,C588240495,0
406,C384118494,0
373,C1413573026,0
608,C43374021,0
399,C670585869,0
596,C380570785,0
403,C1268062242,0
369,C1333497137,0
518,C485213160,0
373,C180174877,0
376,C1347844176,0
396,C1832463202,0
403,C1688430107,0
687,C382243090,0
371,C154622157,0
403,C653882417,0
394,C1506792888,0
378,C1141380624,0
406,C2100223744,0
592,C1779597185,0
398,C1937283428,0
464,C180932654,1
395,C223029431,0
546,C261274951,0
594,C528483470,0
514,C373378811,0
373,C2128777707,0
514,C1395357140,0
397,C1448905403,0
377,C852703435,0
380,C783117623,0
469,C322566213,0
544,C716485481,0
384,C565562031,0
404,C653844146,0
403,C2072759471,0
402,C1271342923,0
401,C1915295066,0
396,C220364055,0
371,C698112151,0
374,C1757423579,0
405,C181804908,0
379,C1302146241,0
400,C404275342,0
358,C1768007167,0
408,C1633585452,0
379,C1338354996,0
356,C1808551664,0
596,C407770061,0
371,C987018325,0
547,C1113784888,0
380,C906190663,0
714,C157853793,0
404,C1880876613,0
405,C1930759501,0
398,C1844715381,0
359,C336381303,0
392,C384434585,1
545,C1970251910,0
401,C457818962,0
372,C2068879130,0
694,C494304798,0
394,C1470188711,0
570,C1603654704,0
381,C2110133134,0
614,C110548555,0
402,C448651734,0
402,C1802758442,0
493,C1832175739,0
522,C206202421,0
378,C1249205035,0
491,C994518144,1
400,C732919517,0
367,C1210833971,1
375,C1836140703,0
596,C978791574,0
356,C707161213,0
565,C139296304,0
403,C1260108317,0
567,C956106894,0
404,C1278608248,0
402,C619259827,0
428,C1346992915,0
548,C1280631511,0
490,C241873367,0
374,C202847181,0
522,C1503387307,0
661,C892376343,0
403,C1852993594,0
372,C1487105306,0
523,C439658405,1
517,C1878915641,0
394,C863375903,0
400,C219362747,0
398,C619883378,0
474,C914849707,0
500,C345653285,0
377,C323005573,0
357,C486732223,0
360,C934906098,0
369,C775329977,0
378,C336993898,0
681,C1990892739,0
544,C1796208013,0
383,C1554659370,0
522,C194574171,0
398,C1243762292,0
403,C1980277403,0
356,C1131662551,0
372,C1964288204,0
401,C358116374,0
691,C575934813,0
639,C929319226,1
356,C1301297767,0
379,C620008398,0
373,C210314111,0
378,C1299418640,0
404,C1874309526,0
379,C551858633,0
416,C2019276610,0
380,C1461892732,0
380,C1113250792,0
567,C960463381,0
358,C285027536,0
377,C47600594,0
400,C1038537515,0
401,C895104999,0
378,C1934465882,0
401,C964882060,0
399,C361960188,0
684,C609715255,0
360,C1635073538,1
382,C591425999,0
379,C1536166952,0
583,C538317086,1
525,C1208506601,0
403,C1892611504,0
381,C58710667,0
380,C165561650,0
690,C472822047,0
357,C225740182,0
520,C955101286,1
396,C1763848030,0
378,C1692196187,0
709,C1544227599,0
374,C1444443958,0
369,C75652104,0
469,C787241038,0
381,C770833438,0
713,C1240168728,1
717,C1782267845,0
372,C2016242990,0
370,C2079454493,0
692,C1970917550,0
617,C700384880,0
550,C549109724,0
382,C1220033890,0
471,C318595983,0
688,C2101551536,0
371,C357429415,0
403,C465749106,0
407,C859527559,0
358,C1042830573,0
403,C1267448763,0
394,C964877463,0
612,C386400463,0
379,C67250582,0
371,C617805144,0
404,C1974643797,0
442,C1117911944,1
371,C2115913360,0
379,C395471333,0
386,C1593579457,0
407,C1603845193,0
372,C932907902,0
372,C895090141,0
596,C326031924,0
684,C608892865,0
396,C1099391082,0
380,C1593372058,0
409,C1245169091,0
378,C1665430482,0
514,C52654407,0
380,C1985199034,0
401,C1638697205,0
396,C1276544100,0
399,C1740647608,0
376,C227436643,0
403,C2123665998,0
402,C1568288794,0
595,C1454644509,0
380,C1929541915,0
373,C1337274322,0
375,C282599128,0
359,C1252962162,0
405,C223671698,0
376,C1129407140,0
359,C1032371403,0
469,C370286354,1
531,C1889786802,0
557,C171758172,1
573,C1438055971,0
617,C335846855,0
376,C1326328845,0
570,C913808481,0
637,C1960953151,0
369,C1441664236,0
379,C2104729215,0
527,C1899079763,0
661,C1179487871,0
397,C2081711057,0
375,C591843681,0
379,C2042057030,0
690,C1994136242,0
428,C802030763,0
379,C1810299986,0
396,C779146242,0
372,C1404129414,0
403,C1176176348,0
401,C1064543860,0
403,C812979314,0
403,C278801984,0
448,C34245895,0
408,C1991534531,0
396,C866947634,0
404,C1446363492,0
394,C559024612,0
369,C2064014136,0
378,C1720818389,0
694,C767813723,0
400,C1002621541,0
378,C533754211,0
671,C1406252838,1
479,C126312988,0
397,C873478022,0
373,C437712275,0
513,C1780909298,1
393,C565427506,0
594,C498162843,0
610,C703729475,0
692,C1274892642,0
369,C1564794783,0
402,C43608528,0
403,C287142077,0
399,C1840401063,0
403,C549970095,0
522,C1007460903,0
400,C981731717,0
500,C1201314434,0
688,C113870568,0
550,C1320853812,0
356,C421583776,0
373,C1918366615,0
360,C152493563,0
594,C1292591569,0
373,C303734796,0
404,C325019625,0
403,C1302178991,0
356,C102102319,0
400,C3248193,0
397,C2141057240,0
393,C1045996631,0
525,C1707092443,0
681,C935232626,0
440,C2134666226,1
396,C895014841,0
408,C915446479,0
381,C668735117,0
356,C386204068,0
374,C1364206061,0
402,C239296123,0
476,C1548847220,0
402,C1317244285,0
373,C1151070292,0
439,C491119745,0
407,C1901491528,0
378,C1222849880,0
507,C1981839007,1
599,C363704154,0
729,C871824170,1
522,C464642347,0
370,C773260889,0
424,C1043016955,1
380,C788931971,0
394,C781102993,0
373,C292549607,0
359,C146665825,0
402,C1209305761,0
372,C346465160,0
399,C862432819,0
394,C917827445,0
399,C606135544,0
401,C1614585187,0
399,C248474342,0
526,C1346194314,1
500,C550351137,0
384,C510588940,0
416,C1184256904,0
372,C1423067460,0
710,C1461217353,0
404,C338520221,0
375,C1068532726,0
397,C1425487588,0
383,C807143809,0
403,C1093983453,1
380,C149431529,0
565,C1666463785,1
402,C1840230577,0
401,C2030190308,0
659,C1249882087,0
569,C920372748,0
378,C961985003,0
379,C1747988381,0
401,C1425167591,0
382,C639022195,0
688,C903651320,0
588,C1741603014,0
359,C543672650,0
403,C2128970900,0
358,C836432218,0
402,C1422646819,0
378,C1412495963,0
372,C1089307214,0
398,C1148186647,0
395,C222041421,0
594,C394435157,0
403,C750048473,0
405,C2095591251,0
376,C933910143,0
525,C214111805,0
469,C1165734465,0
404,C95848629,0
402,C1057216129,0
691,C771084704,0
381,C1150719834,0
378,C686741169,0
394,C400058228,0
405,C2119373927,0
375,C488147794,0
550,C1856414703,0
406,C1192266568,0
358,C2056316537,0
396,C325001561,0
619,C2016573915,0
403,C280177431,0
398,C1362220166,0
681,C1451571767,0
478,C937684185,0
688,C1473111564,0
563,C1605351838,0
403,C275331609,0
403,C350190679,0
695,C1200026451,0
393,C1670063992,0
695,C444570613,0
369,C2117517594,0
357,C1788699626,0
592,C1897580455,0
405,C1464265928,0
403,C547230124,0
376,C453144751,0
359,C1528248960,0
379,C1653036847,0
393,C1723331885,0
403,C901368071,0
395,C2097648430,0
576,C1682124801,0
388,C76062067,1
601,C429228162,0
401,C624515487,0
380,C924454006,0
367,C961270274,1
358,C742659668,0
357,C92021956,0
397,C176732960,0
373,C798595261,0
357,C787501058,0
359,C468310052,0
397,C269977405,0
379,C174975080,0
397,C1453819906,0
371,C1252465330,0
398,C938895226,0
378,C419941214,0
730,C315149365,1
369,C911822249,0
380,C2132742668,0
400,C1776043962,0
358,C2144874855,0
401,C1181302903,0
544,C29414968,0
586,C137609755,0
395,C1314889175,0
398,C702734132,0
373,C645443990,0
403,C1727515827,0
690,C1371060633,0
705,C378559404,0
376,C19843444,0
400,C2095851642,0
544,C599949237,0
372,C66236192,0
397,C1757133952,0
394,C127482999,0
356,C943537136,0
377,C1767853304,0
372,C998014423,0
429,C677406792,0
621,C1986822150,1
687,C1826560112,0
377,C1722518830,0
402,C717663259,0
405,C1788143265,0
563,C1270484213,0
404,C1852139728,0
439,C1756549121,0
396,C545694665,0
359,C457178924,0
358,C958837725,0
376,C1036351258,0
395,C425476489,0
690,C886147315,0
471,C402573614,0
402,C206050364,0
644,C361026688,0
400,C1176066844,0
404,C1902103011,0
500,C761321888,0
406,C625668205,0
431,C1877066603,0
378,C205038476,0
400,C1191349785,0
396,C1441127858,0
403,C1031058502,0
709,C865744880,0
404,C1764749362,0
400,C792745438,0
695,C1507747500,0
403,C1921671474,0
356,C1561721441,0
691,C199375381,0
394,C1102463325,0
522,C869934752,0
598,C1880926262,0
376,C453459004,0
379,C1747759386,0
371,C50753157,0
596,C1176835103,0
661,C1152763963,0
374,C1364544570,0
546,C1745106269,0
378,C2001390272,0
692,C1362081662,0
398,C2062387667,0
542,C1106968979,0
612,C1764498789,0
375,C301797693,0
356,C1330782593,0
402,C1660686406,0
371,C1704217532,0
403,C611849595,0
370,C1874246453,0
403,C1918101550,0
379,C2084166173,1
396,C1264780024,0
400,C1380926921,0
522,C1404325291,0
402,C399246672,0
382,C80463680,0
396,C605619406,0
598,C2031919983,1
376,C146949769,0
589,C610082101,0
359,C1812182490,0
705,C1538387209,0
380,C1478811435,0
398,C1180665952,0
492,C937734682,1
378,C1603899494,0
358,C24627495,0
378,C1422313384,0
544,C419564897,0
397,C614953287,0
381,C1350455661,0
381,C1440711035,0
395,C1490383406,0
395,C1140466143,0
500,C1994442779,0
469,C1579884955,0
403,C2038283601,0
402,C677776379,0
619,C1157348093,0
378,C943072603,0
428,C1405740688,0
379,C1722483750,0
396,C1905117087,0
370,C761828025,0
380,C161167319,0
599,C557227834,1
397,C1253496432,0
400,C2017310533,0
493,C510500520,0
370,C1198205051,0
474,C211949468,0
469,C1913235785,0
370,C1401720002,0
594,C1235157272,0
403,C739136233,0
384,C408955365,0
546,C861864774,0
398,C2082183207,1
419,C121886720,0
380,C279676063,0
396,C831087014,0
403,C936911863,0
395,C537629123,0
380,C365742666,0
423,C1061777516,0
374,C469110884,0
396,C168925601,0
715,C69631759,0
375,C154484222,0
385,C1209478912,0
545,C267263386,0
397,C188954143,0
358,C643109955,0
357,C892541146,0
378,C1253724966,0
574,C1454358109,0
371,C846900486,0
356,C1105768252,0
369,C2085151661,0
382,C1941182728,0
469,C338358967,0
369,C1258238349,0
399,C1368953503,0
370,C1696678398,0
582,C2113990819,1
378,C52120872,0
376,C228629924,0
375,C192479849,0
374,C429159888,0
378,C811796834,0
371,C1193519472,0
548,C1374702585,0
525,C1244298708,0
393,C2073269493,0
393,C1465351514,0
403,C1650435261,0
380,C1198101763,0
394,C1723283319,0
401,C1864517275,0
378,C878369014,0
382,C181014438,0
648,C1889568678,1
357,C1132331534,0
546,C1792498833,1
471,C2006060647,0
358,C1784114770,0
398,C1331246011,0
640,C1365004104,1
407,C948806574,0
371,C208400478,0
378,C1857510589,0
393,C1262793476,0
381,C2034942986,0
695,C856415290,0
377,C363423753,0
381,C1020612011,0
608,C1047942249,1
375,C1082923222,0
403,C1120498314,0
514,C315522912,0
416,C862940106,0
400,C1571153407,0
374,C2063028192,0
378,C16192898,0
403,C1946435449,0
492,C881799987,0
369,C449882212,0
590,C295565182,0
357,C907064159,0
495,C1041040634,0
404,C1569494907,0
375,C415893792,0
371,C1535899244,0
401,C1089316085,0
356,C177541461,0
395,C1987768645,0
401,C639876728,0
397,C2022535357,0
548,C683300264,0
379,C1628082798,0
375,C2093319443,0
377,C1350715737,0
397,C1605534174,0
397,C1243873314,0
397,C548093556,0
396,C2129878420,0
594,C86230497,0
357,C735095876,0
597,C1472963572,0
594,C1196773746,0
403,C43161859,0
371,C1827344791,0
402,C590041674,0
393,C1767081114,0
403,C35559355,0
722,C366293837,1
526,C1266491032,0
592,C377411014,0
408,C2054561091,0
376,C1286669998,0
474,C259551399,0
401,C299823740,0
381,C840499011,0
393,C1058919374,0
396,C266325960,0
557,C1046755509,1
406,C1640706710,0
690,C1526876207,0
403,C113196301,0
379,C868621341,0
356,C1742370445,0
371,C1036341047,0
374,C1649057627,0
374,C68610219,0
408,C1401996714,0
476,C167045006,0
380,C665836763,0
373,C841199381,0
380,C403644281,0
372,C922380454,0
373,C2145820469,0
374,C891389549,0
619,C1578856501,0
407,C1132329964,0
398,C1298197251,0
587,C1960916344,0
399,C1101705575,0
664,C512708052,0
544,C1867759332,0
407,C814309712,0
403,C764793358,0
400,C529583543,0
400,C1632094058,0
373,C1874281355,0
476,C788926981,0
664,C1524452028,0
402,C125681494,0
546,C965873704,0
374,C642527820,0
517,C121622608,0
584,C89821733,0
400,C1280769540,0
397,C405766204,0
589,C576355952,0
546,C1541278113,0
402,C586930549,0
369,C2141425804,0
404,C99195905,0
393,C1068072695,0
548,C1961120062,0
394,C602465690,0
393,C1984031407,0
545,C1084208648,0
398,C1288687189,0
371,C187823990,0
402,C1342244082,1
379,C36353401,0
401,C1913965178,0
370,C418540926,0
378,C779030870,0
542,C1591105545,0
400,C102735567,0
379,C363040040,0
394,C1851465763,0
357,C512305148,0
402,C572724346,0
396,C1180768517,0
476,C1516591273,0
403,C2038901962,0
395,C515916228,0
586,C1349346377,0
403,C1378001627,0
362,C200530145,0
376,C1094839760,0
709,C1129778458,0
400,C1963355579,0
383,C1375863683,0
598,C970356974,0
588,C494416085,0
692,C1630587674,0
378,C1779975166,0
550,C1565571818,0
405,C489214217,0
361,C634243376,0
380,C1167072747,0
375,C373005707,0
549,C1698806243,0
404,C373926054,0
448,C1080399029,0
393,C310958848,0
525,C1401869724,0
370,C1404604176,0
379,C1721659774,0
393,C1628382897,0
374,C1973454895,0
362,C258331520,0
597,C1960649034,0
403,C1161271994,0
404,C1692906904,0
369,C65068154,0
371,C554157439,0
380,C445931806,0
408,C419064964,0
374,C1886873176,0
683,C149285282,0
527,C8326879,0
372,C1087740338,0
517,C821380750,0
393,C2007324527,0
564,C1354049019,0
378,C2116415550,0
715,C853091614,0
407,C13364330,0
396,C2094845693,0
370,C384528183,0
405,C1385251285,0
377,C1503424296,0
401,C792417519,0
403,C1266045187,0
369,C1154291963,0
375,C115712312,0
538,C490549398,0
396,C981321778,0
406,C1005951064,0
573,C1498600100,0
371,C1220315965,0
371,C1532060342,0
397,C1994475871,0
381,C1385141684,0
574,C300282846,0
397,C492819273,0
545,C537621827,0
688,C1125933875,0
375,C903248184,0
407,C9963626,0
684,C1176102886,0
395,C1049523613,0
360,C692427141,0
381,C223198627,0
550,C943843133,0
398,C485240414,0
397,C547996947,0
379,C1171862465,0
406,C1548744192,0
646,C130070267,1
395,C2134060273,0
542,C1471521059,0
588,C44703918,0
405,C68677284,0
564,C987967282,1
407,C15163252,0
596,C1602827634,0
372,C160502512,0
358,C1392317537,0
725,C1518086244,1
688,C1309277212,0
395,C47140740,0
369,C1820409703,0
373,C1511703004,0
565,C60566167,0
402,C38820381,0
406,C1247076371,0
565,C1310935517,0
379,C105537875,0
380,C1999265642,0
370,C1476458037,0
380,C1826392204,0
698,C679742636,1
692,C1016233790,0
401,C1991637823,0
552,C217740580,0
396,C983475893,0
597,C1997773123,0
395,C292284286,0
376,C1607765994,0
452,C834497493,0
400,C107972440,0
735,C383197535,1
395,C312638719,0
379,C591023216,0
399,C14243454,0
372,C1086510568,0
356,C478790870,0
588,C412389581,0
596,C321832267,0
372,C574181523,0
371,C784150043,0
598,C1453789688,0
404,C682841553,0
431,C1739383790,0
596,C177306408,0
402,C56121622,0
396,C1909805872,0
378,C125138112,0
394,C1455352984,0
544,C1323119379,0
589,C1438962064,0
371,C786113824,0
378,C748626989,0
393,C1010551443,0
455,C2094331919,0
406,C586635935,0
381,C1299268907,0
360,C351558803,0
357,C1505155244,0
395,C325776423,0
617,C62882249,0
577,C1626069370,1
356,C13806955,0
594,C459698578,0
567,C1914351877,0
403,C769527331,0
381,C6272766,0
522,C1568031771,0
659,C2021568397,0
406,C231380025,0
372,C955561697,0
382,C819884606,0
402,C1802830426,0
378,C2138608645,0
524,C67636490,0
359,C293255829,0
396,C782729042,0
379,C490133101,0
522,C1443195246,0
363,C152821682,1
487,C1327755107,0
371,C1782397363,0
400,C2108178810,0
395,C1430877604,0
359,C1533719863,0
429,C506244367,0
403,C894974240,0
538,C2119269095,0
525,C2092409205,0
522,C146612280,0
403,C386829916,0
401,C1834705553,0
404,C1465337262,0
370,C1547357989,0
691,C762975704,0
381,C1047424273,0
396,C411457956,0
659,C1080809819,0
370,C670204129,0
495,C406197271,0
594,C1373324941,0
403,C1365779009,0
379,C1513034105,0
401,C5203829,0
356,C998484726,0
399,C1793980036,0
404,C236114507,0
370,C1647307204,0
589,C1481181330,0
402,C123647346,0
525,C306671093,0
373,C1770358282,0
378,C634571817,0
490,C1661895236,0
376,C347805219,0
377,C402198301,0
382,C1242556732,0
574,C1746096304,0
698,C598739398,1
372,C1519731956,0
379,C1518162066,0
378,C53441191,0
405,C409524376,0
661,C1797603235,0
399,C2067261481,0
587,C1372837611,0
356,C39576889,0
522,C1108950716,0
379,C1729263692,0
371,C1565203767,0
379,C271794815,0
524,C651362305,0
476,C1566088420,0
380,C1619495698,0
396,C1503862566,0
369,C1339093295,0
573,C1064122730,0
544,C498588056,0
617,C869824382,0
379,C1019868393,0
394,C1021803559,0
378,C1032915663,0
381,C1402882730,0
596,C1184832083,0
528,C821357016,0
402,C369436934,0
375,C1278323374,0
469,C800155703,0
403,C1008059434,0
380,C1400846055,0
382,C1239422997,0
377,C1034502255,0
382,C739025043,0
356,C2107893152,0
571,C1408681395,0
542,C476163535,0
397,C1569308606,0
400,C115536580,0
637,C673180616,0
523,C2047262761,1
400,C1627678706,0
393,C491438162,0
399,C793852063,0
378,C1090892986,0
400,C641383054,0
359,C1886631421,0
594,C1074050232,0
398,C1277264104,0
692,C239394596,0
525,C1661392602,0
396,C1366446147,0
396,C563638173,0
407,C1395696397,0
524,C474762956,0
378,C1161199941,0
409,C6213154,0
400,C1577367980,0
415,C1765991027,1
405,C1593161328,0
707,C1528046572,0
694,C1139794814,0
372,C253153747,0
356,C150844430,0
664,C1040904940,0
401,C2137925155,0
522,C1208768608,0
370,C1797663986,0
402,C890157789,0
379,C82922494,0
402,C407029077,0
525,C626857380,0
546,C1891784574,0
373,C60949208,0
393,C952606875,0
374,C443971775,0
396,C452895225,0
686,C84704541,0
379,C1612281649,0
392,C542918191,1
402,C1474342960,0
397,C1856246911,0
379,C154935853,0
670,C745371914,0
393,C1382745511,0
372,C995266127,0
681,C994665391,0
382,C1439918533,0
377,C1654522110,0
374,C2082188335,0
370,C573051525,0
356,C1957030433,0
405,C461440302,0
379,C1211164940,0
410,C1626793558,1
359,C967880795,0
493,C1340552418,0
395,C633637187,0
380,C903193045,0
378,C182745915,0
394,C2063678404,0
383,C606589446,0
374,C887161845,0
393,C307068170,0
402,C1615028077,0
373,C33925738,0
399,C1360966302,0
384,C1085176958,1
402,C2135546024,0
379,C1657052809,0
379,C559925798,0
402,C1633583427,0
517,C268633057,0
448,C455928717,0
404,C724897986,0
405,C1880565061,0
397,C97528031,0
397,C970954239,0
401,C655854932,0
402,C2002660227,0
707,C1878591550,0
413,C2060464348,1
375,C29889444,0
681,C1664490750,0
714,C1378313671,1
361,C1032421986,0
381,C1270720040,0
382,C2074901035,0
525,C1836621526,0
395,C1793846070,0
692,C1721197377,0
424,C624146963,1
526,C580513588,0
381,C140126511,0
357,C1937923703,0
402,C1573283369,0
398,C1716385111,0
379,C1526541488,0
401,C679947971,0
376,C701051376,0
398,C1718664822,0
466,C1891374197,1
358,C262850998,0
540,C2077034812,0
373,C2808814,0
380,C1709942521,0
383,C347077304,0
644,C280325817,0
370,C1401247056,0
373,C878684081,0
373,C245750111,0
404,C1954889519,0
624,C1966432997,1
394,C2142313815,0
449,C398190393,0
525,C2026642180,0
394,C1815388873,0
550,C2043137760,1
550,C405600448,0
408,C1548698580,0
369,C1564054858,0
380,C1434075159,0
394,C1517145122,0
398,C703945878,0
372,C1240129271,0
621,C1865812655,0
567,C164574919,0
376,C2028259274,0
396,C2083719803,0
401,C1708349662,0
370,C2068063002,0
374,C232184280,0
358,C15305452,0
370,C989449758,0
586,C1168747121,1
664,C1790317598,0
397,C709745513,0
567,C1757103474,0
596,C955972021,0
356,C239025127,0
514,C1142019087,0
565,C1789853232,0
403,C1580261064,0
403,C546528689,0
495,C1392156627,0
514,C1990211181,0
401,C1731651336,0
400,C1295536343,0
378,C1585726297,0
688,C528758831,0
420,C905695499,0
401,C79954234,0
404,C457757882,0
402,C455872281,0
403,C1325441974,0
398,C1812793914,0
374,C785107366,0
448,C1251473595,0
377,C799707682,0
359,C1486747482,0
492,C1055278781,0
564,C1378868626,0
372,C1602758833,0
396,C2043144945,0
500,C1969486183,0
540,C57852022,0
503,C790464877,0
400,C99825800,0
403,C1210208249,0
522,C920063697,0
374,C809887831,0
375,C2136970056,0
357,C1865587994,0
400,C89165648,0
549,C718351152,1
407,C1675193802,0
383,C799338257,0
370,C1040438158,0
664,C1630316210,0
370,C672288491,0
500,C1409939761,0
396,C521244658,0
397,C1336506625,0
694,C1519966355,0
661,C913926527,0
520,C579891414,0
398,C506810525,0
596,C175206099,0
379,C1013682279,0
686,C1586722489,0
399,C1441432971,0
373,C1689741970,0
376,C2046371102,0
380,C1974709382,0
376,C1103427801,0
588,C108349587,0
396,C606831899,0
398,C117493095,0
397,C1937960892,0
573,C772620167,1
398,C899600873,0
696,C318150552,1
408,C807087945,0
357,C2014587537,0
404,C1234995125,0
686,C550554259,0
377,C2137768054,0
403,C627441907,0
373,C329624134,0
384,C2093959142,0
683,C164252461,0
544,C219921170,0
542,C114146559,0
458,C631720270,0
383,C24634017,0
397,C229410820,0
564,C1806442473,1
393,C402029828,0
594,C452967286,0
394,C178880814,0
393,C533938246,0
399,C852884180,0
397,C1875644519,0
382,C382570025,0
378,C696568403,0
379,C40571249,0
356,C816335411,0
393,C1671804886,0
566,C2029086866,0
376,C1030338353,0
404,C1426223041,0
487,C117837854,0
404,C733803845,0
374,C478347640,0
518,C794255240,0
705,C1602905256,0
442,C1899533391,0
408,C2063252732,0
399,C125273551,0
370,C1096980862,0
557,C2020357947,1
402,C1880290655,0
380,C575128619,0
375,C1904498207,0
426,C1698638929,0
527,C611963745,0
377,C1211692036,0
681,C1573777776,0
371,C2039756889,0
378,C747428282,0
374,C474120980,0
404,C300652354,0
493,C1407828358,0
688,C1231479608,0
690,C82702141,0
402,C1399183911,0
550,C1163718440,0
687,C276152601,0
377,C2146146796,0
400,C773022867,0
402,C1260241553,0
405,C1081854698,0
398,C140221110,0
397,C903473680,0
469,C1964637058,0
369,C1946104459,0
400,C1280277445,0
403,C186615058,0
687,C1893966164,0
358,C877351746,0
644,C594373709,1
514,C1261848625,0
492,C1916759563,0
402,C202327868,0
396,C232489152,0
395,C208544196,0
370,C686164033,0
402,C923121415,0
377,C2033655513,0
585,C697240229,0
567,C1091626887,0
373,C1583449851,0
377,C352498231,0
596,C784645287,0
402,C593552050,0
691,C1253590222,0
382,C1960502935,0
692,C1505922237,0
383,C521683720,0
369,C1320293456,0
378,C1129716286,0
393,C246648162,0
406,C15766968,0
378,C225496256,0
372,C252714024,0
588,C1972152852,0
612,C2071171195,0
684,C426858510,0
377,C272991363,0
371,C1257122347,0
687,C2114614108,0
406,C1357770570,1
398,C1062095985,0
374,C1276398571,0
690,C55413570,0
398,C533314653,1
661,C1807260427,0
403,C1229241213,0
401,C245507598,0
397,C760548395,0
394,C711362398,0
397,C1407637106,0
374,C874183668,0
617,C1921799679,0
378,C727692302,0
372,C623169393,0
381,C1030576728,0
500,C625357088,0
559,C471097879,1
393,C725507207,0
428,C1181018787,0
416,C872222773,0
545,C1534422511,0
370,C1925358509,0
684,C1804707140,0
377,C328343392,0
402,C45548684,0
395,C987314506,0
380,C289794533,0
399,C1702843344,0
370,C564740459,0
376,C157202879,0
380,C1495563575,0
400,C1684780671,0
400,C1768653189,0
570,C1396021082,0
382,C158128491,0
681,C2098352256,0
394,C1560256208,0
401,C414659622,0
373,C1315332386,0
398,C1226839932,0
576,C385109772,0
369,C65021064,0
371,C1049015929,0
687,C1191757435,0
408,C1757220881,0
522,C1167954841,0
400,C1492450641,0
588,C1189806308,0
403,C949307694,0
397,C115566723,0
356,C2126240545,0
545,C217108846,0
718,C866201802,0
517,C187089227,0
710,C101942145,0
399,C1674406258,0
404,C2000343798,0
376,C1587512990,0
380,C1406441660,0
397,C1100573327,0
589,C1215100150,0
596,C1360000106,0
393,C1188692228,0
683,C330096707,0
548,C1184689400,0
370,C865914611,0
492,C845551416,0
395,C62466898,0
358,C1207532496,0
399,C1110787026,0
404,C1717842376,0
357,C869293856,0
383,C1831689292,0
356,C1205295636,0
463,C1471437030,1
667,C398645492,0
356,C1544093236,0
514,C1159364571,0
378,C1479196833,0
398,C1926857203,0
397,C1894532966,0
400,C947409616,0
400,C1902140529,0
397,C1372847414,0
546,C645998411,0
399,C930311358,0
501,C1750444391,1
404,C764390149,0
374,C998206156,0
597,C142976182,0
378,C1150974847,0
396,C1181022559,0
522,C1403875666,0
398,C1308920087,0
371,C1140507883,0
490,C998461518,0
378,C99189099,0
403,C153259612,0
378,C254372062,0
573,C1549100477,0
398,C158250219,0
526,C1630930486,0
403,C929163318,0
563,C941664975,0
428,C1833004950,1
383,C553779420,0
426,C1643285116,0
688,C1331025633,0
636,C1723552410,1
492,C1911085218,0
376,C1961505450,0
469,C1103350974,0
692,C551582953,0
400,C1719592814,0
490,C1868609913,0
380,C362281210,0
395,C919887554,0
548,C364851653,0
681,C104822519,0
402,C588631789,0
385,C1615615967,0
403,C230727140,0
400,C238333134,0
460,C719693497,1
695,C1556866221,0
505,C1341755763,0
399,C319831998,0
381,C1927010604,0
372,C1995159905,0
356,C170051444,0
396,C1264821623,0
395,C584358289,0
375,C1731378220,0
406,C2011967982,0
371,C1937649661,0
371,C1569354799,0
413,C753726287,1
401,C1432854480,0
374,C1536431986,1
681,C1083219705,0
423,C1582611136,0
370,C1478535194,0
396,C1586505099,0
401,C167091471,0
397,C631063760,0
371,C586298479,0
399,C666142740,0
373,C812081387,0
373,C1253089931,0
692,C586691007,0
380,C1623401295,0
587,C1589086241,0
403,C1570336052,0
379,C1279379141,0
381,C753284583,0
565,C940134150,0
369,C1488544571,0
402,C1565695823,0
544,C1505059475,0
402,C1670188305,0
394,C2060322720,0
374,C1522884338,0
451,C471287471,0
522,C179442103,0
408,C2131375513,0
670,C1326958130,0
373,C715686326,0
380,C836337335,0
377,C127794774,0
380,C2003165005,0
374,C545283558,0
380,C1230758772,0
681,C871636751,0
490,C43833818,0
565,C830654755,0
589,C167722339,0
401,C1773231925,0
518,C1910242200,0
375,C1460700942,0
538,C745498256,0
644,C1805412420,0
373,C473570308,0
357,C1038489445,0
399,C1963657946,0
469,C88526790,0
503,C1633401419,0
548,C945818240,0
400,C555464272,0
374,C1695921917,0
380,C2027975486,0
368,C1842995301,1
356,C146709429,0
407,C996685014,0
398,C1342023905,0
548,C1577870845,0
398,C1816609741,0
500,C1109446175,0
404,C914247848,0
495,C173716141,0
567,C36738586,0
479,C1299137401,1
400,C1614893797,0
520,C1852294915,0
358,C933313595,0
398,C1856916736,0
396,C1519905009,0
380,C1145134627,0
379,C1293014557,0
373,C1455870178,0
369,C1652601133,0
546,C1881150710,0
371,C1432065482,0
394,C648229916,0
403,C1308848716,0
397,C1302928498,0
589,C81688981,0
379,C829850238,0
687,C45492529,0
357,C371490387,0
398,C1824608925,0
377,C1136416886,0
375,C1550094609,0
405,C406637688,0
380,C1636659860,0
377,C1479032863,0
380,C1958208420,0
546,C993714342,0
380,C1375693740,0
379,C1067813033,0
585,C523592721,0
538,C300246028,0
564,C1798264747,0
405,C1715228558,0
372,C1463819274,0
587,C1119643786,1
402,C149449983,0
394,C687818553,0
374,C1832740589,0
406,C423498783,0
384,C116094792,0
402,C1773652624,0
393,C1378799713,0
356,C985649418,0
356,C976081897,0
380,C186343000,0
399,C572640377,0
379,C1480686513,0
378,C1070970925,0
400,C1593762335,0
383,C726226029,0
563,C1114163548,0
371,C634139046,0
403,C1741833813,0
585,C1180783796,0
372,C785781832,0
692,C300798234,0
629,C203112109,1
370,C1471804968,0
548,C123437023,0
670,C673785885,0
400,C973518036,0
370,C698556865,0
401,C1910360291,0
595,C671060946,0
393,C1070553064,0
373,C778873365,0
525,C1886058427,0
451,C1869466906,0
379,C306646915,0
406,C381240513,0
379,C267370112,0
400,C1492415895,0
670,C1117285571,0
686,C1668933229,0
514,C717042166,0
671,C1086171385,1
540,C1188930957,0
371,C1032531176,0
377,C565465121,0
400,C909163833,0
546,C91427990,0
358,C356329984,0
380,C1708714083,0
500,C1676745886,0
378,C1999594267,0
500,C1415067722,0
398,C125009637,0
378,C573948025,0
406,C169794917,0
379,C1892511584,0
378,C183017636,0
378,C1327517667,0
375,C1689333042,0
401,C1233244726,0
374,C1494664754,0
692,C1827767683,0
525,C2053676167,0
476,C392057784,0
396,C1034191207,0
375,C2022365842,0
406,C450630495,1
691,C446231318,0
375,C1286491252,0
361,C39420818,1
378,C757752936,0
377,C1707908392,0
692,C2085310670,0
369,C109692700,0
394,C1104079690,0
546,C347339416,0
546,C452380175,0
380,C762489,0
379,C685959433,0
544,C1514310894,0
374,C522220507,0
370,C1190119955,0
590,C997884403,0
382,C77333061,0
403,C1741911404,0
376,C1899400288,0
401,C2012528830,0
644,C489263501,0
397,C338916660,0
422,C785533942,0
372,C1919329114,0
448,C1791217613,0
612,C491464330,0
574,C664417056,0
396,C745237888,0
376,C677877123,0
373,C440017664,0
379,C1509074887,0
381,C1922652548,0
396,C1543351751,0
394,C488055700,0
406,C1869879282,0
369,C1574353188,0
614,C49128674,0
404,C1046764202,0
394,C1530839389,0
585,C870673836,0
401,C2112917735,0
377,C1886184969,0
405,C1616915592,0
396,C1314057074,0
661,C1086349497,0
394,C958587549,0
550,C1952267229,0
400,C1790383858,0
396,C346469716,0
404,C1170070085,0
401,C1430884085,0
379,C1189297010,0
359,C478008196,0
446,C1998926306,1
691,C1669454281,0
379,C1396491157,0
377,C29128787,0
371,C2032398628,0
371,C831871789,0
371,C425012243,0
369,C637257180,0
378,C625171987,0
394,C531294026,0
383,C326489343,0
382,C1365108794,0
378,C1054948786,0
686,C85584046,0
373,C1313953949,0
692,C459396894,0
404,C1753472917,1
405,C1412671145,0
406,C1943190301,0
400,C640627496,0
493,C1845142798,0
370,C1389521998,0
396,C1509851922,0
374,C1511801231,0
399,C1020968997,0
428,C1173811303,0
570,C668499087,0
378,C496999824,0
356,C1228982354,0
698,C500011939,1
393,C869277830,0
664,C528998506,1
592,C1477028289,0
527,C717947757,0
388,C1860777745,1
371,C178039927,0
378,C1808896512,0
370,C878041413,0
356,C1154683333,0
406,C779155142,0
369,C1017280489,0
383,C1636385890,0
378,C192855231,0
538,C2097704633,0
379,C704946754,0
356,C1954489446,0
584,C2110064935,0
540,C309295928,0
403,C71128709,0
520,C1399279229,0
406,C231054980,0
426,C1677967351,0
401,C1023088863,0
398,C1821102020,0
358,C410953975,0
371,C1044498801,0
512,C130072062,1
373,C1766580705,0
356,C501161484,0
371,C1744358846,0
374,C1221172242,0
377,C586195697,0
667,C1581873592,0
403,C2047487350,0
522,C1848067285,0
424,C1147249534,1
687,C568335814,0
400,C582542855,0
400,C1495814763,0
426,C692546816,0
404,C773037676,0
373,C12387713,0
401,C1310614006,0
373,C415768220,0
377,C685659382,0
357,C307605031,0
375,C1751121083,0
400,C469346206,0
601,C586560948,0
596,C1649799900,0
359,C729455045,0
370,C1008922699,0
375,C1989978785,0
550,C1342501296,0
707,C812117475,1
592,C715599040,0
637,C943377748,0
403,C197800349,0
401,C1699932807,0
439,C237859508,0
592,C535542217,0
372,C1363912317,0
403,C11359194,0
356,C1616969438,0
374,C1655113493,0
376,C1653755970,0
380,C119142984,0
377,C92487148,0
574,C29669247,0
403,C893882832,0
589,C488845550,0
522,C599949393,0
687,C1121720744,0
714,C527787477,0
524,C1979992793,0
525,C30948819,0
356,C1451109253,0
394,C678384407,0
396,C1718211154,0
377,C63332529,0
400,C2079020169,0
500,C1901365313,0
356,C2114251760,0
380,C439997211,0
398,C1682618458,0
380,C70244549,0
372,C1993422494,0
371,C84987195,0
518,C738083640,0
394,C1004783722,0
517,C1092936194,0
487,C209991081,0
378,C1981651167,0
394,C1106131226,0
358,C629805487,0
403,C1579080453,0
608,C2004824502,0
499,C1925386760,1
374,C344164456,0
402,C481119203,0
527,C1886355960,0
404,C980908680,0
612,C337146420,0
403,C407783082,0
380,C1211978783,0
402,C113510771,0
403,C1306284569,0
404,C374112353,0
372,C459396702,0
595,C547248749,0
550,C425347920,0
405,C1618880937,0
379,C1796030369,0
451,C1483178358,0
538,C278252613,0
395,C484626775,0
394,C2147367750,0
403,C1128005047,0
401,C1810648916,0
611,C1259697063,1
398,C247510887,0
587,C111143670,0
397,C20699097,0
661,C942511862,0
372,C1590690108,0
370,C86089214,0
520,C913068480,0
394,C1961342753,0
381,C1362964916,0
357,C964219593,0
661,C87437378,0
356,C57459091,0
664,C125936569,0
669,C1403181387,0
359,C1246850920,0
379,C1409271182,0
596,C1998326036,0
404,C718946488,0
373,C1812464195,0
402,C155285163,0
357,C740752654,0
362,C1209135917,1
692,C1256418242,0
380,C1036482101,0
375,C1191118307,0
403,C408095186,0
469,C1881740759,0
358,C627169196,0
371,C1773732724,0
356,C682902819,0
398,C342049171,0
371,C2068405399,0
690,C1606267920,0
394,C1321893012,0
517,C1610734158,0
403,C197893590,0
403,C1551672409,0
404,C1653610217,0
522,C237222432,0
549,C296042902,0
399,C1936027038,0
370,C1359598078,0
400,C1328169497,0
476,C968647154,0
490,C1646052382,0
405,C1259247596,0
382,C770234771,0
566,C1764975847,0
378,C1153065522,0
705,C2008455766,0
401,C615964619,0
547,C183821087,0
401,C1674446145,0
471,C1680537870,0
396,C1595496777,0
380,C1462246252,0
378,C1858065219,0
405,C1476908047,0
544,C455600283,0
640,C117932216,0
401,C31554302,0
383,C2119017844,0
401,C18184897,0
370,C1418149996,0
378,C2139048692,0
374,C342118015,0
393,C58256510,0
372,C2116589577,0
356,C1077434455,0
377,C69788521,0
398,C1305382249,0
379,C1150032486,0
394,C842987533,0
660,C1205421023,1
466,C1562571452,0
416,C801043090,0
640,C33015618,0
378,C94402652,0
371,C432824007,0
692,C120028059,0
370,C876223595,0
637,C1460857797,0
637,C1459086065,0
490,C785022554,0
563,C764635549,0
395,C923565020,0
691,C789162961,0
715,C1190428457,0
545,C638361314,0
374,C1521529470,0
373,C1490716514,0
396,C586598279,0
404,C1704705883,0
401,C186906069,0
397,C1202481382,0
617,C1700293507,0
374,C41837811,0
406,C986492092,0
376,C1057072881,0
369,C1299355413,0
400,C345134713,0
379,C1850340,0
374,C1614951227,0
380,C1862340692,0
382,C727932850,0
401,C1014309887,0
394,C393826829,0
397,C1345998389,0
400,C946200533,0
394,C491027587,0
416,C1842359527,0
400,C39842068,0
408,C888090726,0
403,C314089711,0
370,C947243626,0
356,C125334541,0
375,C112916960,0
402,C53566001,0
375,C1208224592,0
396,C192945174,0
393,C31558630,0
422,C267348488,0
687,C941987067,0
659,C1588863402,0
381,C929885135,0
683,C1243568993,0
492,C297016855,0
374,C619706427,0
577,C948736122,0
379,C1031667182,0
548,C946749167,0
379,C1193441320,0
379,C1770236095,0
542,C2098136577,0
399,C1984998510,0
718,C564196754,0
400,C1992819501,0
378,C241649598,0
403,C2079885577,0
377,C779100981,0
372,C537912920,0
683,C201782737,0
380,C68015936,0
403,C1880301402,0
687,C121182237,0
436,C1440545718,1
381,C2005654043,0
399,C42430479,0
592,C474810256,0
358,C1131027988,0
379,C2051388051,0
356,C1478652537,0
371,C116307889,0
394,C629453850,0
378,C704128115,0
545,C1443955313,0
380,C949083514,0
380,C44370575,0
402,C684993298,0
397,C1782437902,0
399,C1097832939,0
397,C1208890824,0
373,C536316767,0
692,C630486346,1
396,C1852091313,0
595,C871556948,0
401,C1121840514,0
371,C147314976,0
396,C885569256,0
399,C1156000088,0
378,C33680714,0
375,C1163072510,0
393,C1563348237,0
394,C1284131957,0
399,C581956150,0
691,C2135018318,0
378,C23680668,0
374,C1443973154,0
356,C932308264,0
403,C1018028870,0
399,C1589276394,0
378,C1079185077,0
397,C824702023,0
595,C610833223,0
405,C322352527,0
538,C1164046868,0
370,C926771019,0
358,C477293685,0
372,C1296027797,0
469,C1001966568,0
382,C633575581,0
401,C824413952,0
547,C1290979313,0
393,C156163996,0
540,C924977775,0
400,C519115719,0
407,C127456107,0
403,C1673395904,0
370,C1165632268,0
358,C2140057708,0
403,C192435946,0
373,C296306560,0
380,C1808015994,0
426,C794116086,0
378,C1248099204,0
393,C615841799,0
373,C390497161,0
379,C1757850838,0
375,C1345638916,0
692,C912796742,0
402,C1330285983,0
451,C2099459014,0
397,C1821626078,0
380,C1313828593,0
404,C1142018328,0
587,C725872743,0
372,C1441723461,0
737,C2010561147,1
589,C2008209747,0
356,C1557490077,0
374,C249751971,0
375,C122157861,0
563,C1555306094,0
399,C1290176335,0
395,C1076745247,0
643,C4856718,1
448,C1451396581,0
514,C1660972372,0
370,C945432555,0
404,C2020517374,0
403,C1545307556,0
379,C1872317062,0
358,C1612444865,0
420,C1517115019,0
402,C1360211198,0
372,C1075022565,0
381,C556144819,0
356,C353753835,0
500,C1532540492,0
684,C579256103,0
669,C1663305170,0
377,C1295664477,0
377,C648047210,0
396,C395740572,0
431,C2112880800,0
380,C1236217683,0
379,C2098279517,0
396,C437625319,0
492,C1646975432,0
380,C1596623686,0
644,C530239686,0
376,C1409671762,0
370,C271610144,0
402,C1666070858,0
374,C1134344853,0
373,C162597240,0
375,C1457357528,0
394,C637165258,0
396,C288192573,0
376,C678989078,0
375,C1248032584,0
656,C608700860,0
586,C221867225,0
373,C1253417535,0
517,C543670132,0
401,C375202475,0
587,C1054344788,0
393,C346048804,0
394,C1129933809,0
399,C1573058441,0
710,C1589347786,0
357,C1696516527,0
548,C378543557,0
407,C1595202925,0
403,C1171229085,0
406,C1590085073,0
374,C1372443338,0
396,C1241304216,0
357,C104064813,0
373,C1705933305,0
416,C1011883916,0
403,C2032934660,0
356,C1585212122,0
373,C482065113,0
396,C1324467206,0
397,C539199529,0
403,C769337256,0
552,C218922058,0
596,C16092005,0
546,C976180823,0
370,C1117635815,0
397,C901807469,0
380,C344034678,0
402,C646207170,0
404,C1077057207,0
589,C2015200745,0
520,C1848944590,0
571,C348575947,0
377,C1625517038,0
398,C1399153477,0
403,C1553593991,0
401,C907777483,0
384,C1206532322,0
396,C478169567,0
374,C1549359712,0
573,C1658258573,0
372,C615016748,0
356,C1102649597,0
394,C461570100,0
416,C648600524,0
661,C454722713,0
426,C1688430633,0
399,C1196688208,0
379,C911595996,0
548,C662383891,0
403,C1263228319,0
619,C1260090717,0
375,C118170753,0
401,C193811652,0
379,C2147093482,0
373,C1029415279,0
399,C487846891,0
469,C1427969839,0
396,C1590761330,0
404,C578015302,0
546,C515933251,0
741,C780743034,1
404,C852017095,0
398,C2042573269,0
488,C1085308330,1
718,C1231251587,1
394,C1438061630,0
397,C1028754731,0
588,C2102339813,0
380,C2071610764,0
374,C1497119525,0
383,C1293442289,0
567,C719778503,0
378,C2093292959,0
522,C1765804575,0
394,C220852608,0
403,C1664126219,0
400,C170868229,0
403,C1135640845,0
403,C146666364,0
377,C361771319,0
371,C697293927,0
385,C1325556979,0
683,C9949704,0
396,C1880460541,0
358,C604305178,0
376,C1112590180,0
594,C1860207227,0
568,C574884951,1
396,C264876237,0
681,C1902446653,0
402,C1836840490,0
399,C1915605294,0
567,C1654348947,0
358,C1537425451,0
396,C1909050236,0
380,C1157484669,0
380,C1121188111,0
376,C1877416869,0
690,C878774552,0
395,C1442483643,0
359,C928969073,0
372,C952939790,0
399,C996231209,0
406,C2029274234,0
373,C989553671,0
373,C1667855197,0
617,C409236734,0
420,C1264626676,0
668,C1924819365,1
374,C922142582,0
373,C354439034,0
373,C968389929,0
394,C32986306,0
406,C1163254145,0
531,C283150147,0
594,C688702091,0
401,C841701567,0
372,C1427378088,0
397,C818502357,0
379,C1091632021,0
382,C502970876,0
393,C362509159,0
380,C1291574542,0
372,C1396542245,0
394,C271494344,0
518,C877959719,0
372,C1044490523,0
684,C1294739901,0
402,C2062835294,0
377,C257972140,0
567,C1726562212,0
379,C465558301,0
357,C1710625926,0
400,C917624094,0
594,C1146444663,1
378,C880462750,0
394,C1949386406,0
501,C1923690438,1
403,C545862121,0
688,C2055257790,0
403,C747980280,0
379,C866181940,0
690,C754807264,0
705,C896129107,0
379,C896102805,0
439,C1913194127,0
371,C2040105842,0
731,C1764583028,1
383,C155653157,0
563,C473509013,0
372,C20848800,0
612,C435772648,0
406,C464390634,0
356,C17880166,0
374,C2069855288,0
371,C175390913,0
401,C1797460350,0
407,C1330928324,0
401,C1885138903,0
357,C1324555201,0
528,C1036084713,1
404,C724724770,0
514,C1439716538,0
592,C1437312927,0
599,C1904849436,0
382,C1166069713,0
550,C539763821,0
405,C1627829859,0
428,C2107000276,1
402,C1142174499,0
687,C1490798259,0
375,C602861929,0
398,C1269905109,0
588,C1705227630,0
687,C1924403282,0
404,C1915717520,0
372,C654154330,0
687,C97015876,0
378,C457102602,0
370,C142523170,0
377,C1212695804,0
356,C741945926,0
674,C1268763135,1
396,C1968601009,0
396,C404682997,0
371,C94503222,0
408,C727650176,0
546,C688061247,0
646,C382584608,1
599,C14841059,0
369,C549969649,0
397,C1922782046,0
448,C1941300717,0
403,C1765466514,0
370,C1158762613,0
503,C586920910,0
358,C61254110,0
594,C1588015104,0
500,C821817702,0
688,C1566740760,0
406,C1737344142,0
371,C2138431295,0
376,C1026270913,0
500,C994838100,0
522,C1135377437,0
686,C1916624821,0
402,C1884816503,0
544,C1949650746,0
492,C1498109005,0
398,C606497858,0
372,C1245567481,0
396,C1968979222,0
399,C1980602677,0
402,C67427454,0
400,C843859615,0
379,C1823388936,0
619,C1041116694,0
492,C829941044,0
375,C1269288556,0
370,C567538810,0
373,C2042452071,0
687,C36157295,0
426,C1266628685,0
391,C291081099,1
400,C133999447,0
527,C24198899,0
381,C104582586,0
372,C214107036,0
401,C1079625378,0
596,C1408176413,0
692,C1835862046,0
370,C1567406476,0
380,C1363737082,0
399,C1487327263,0
380,C379248199,0
683,C418677410,0
359,C1044564787,0
399,C954103740,0
423,C994000324,0
361,C1681482095,0
369,C56087491,0
691,C1642301776,0
376,C1991871508,0
380,C988646948,0
405,C1829042347,1
550,C538425336,0
379,C334131528,0
377,C173297573,0
371,C385548717,0
573,C1565364693,0
356,C1733559929,0
408,C303046041,0
487,C1445262023,0
661,C1568266162,0
357,C1666015929,0
394,C2100032659,0
402,C92587737,0
370,C102077767,0
372,C48429494,0
398,C894776203,0
619,C1232503273,0
374,C88648008,0
637,C1344349437,0
687,C417776295,0
356,C1887349525,0
393,C1415107223,0
384,C96826977,0
402,C1688827910,0
564,C1884238434,0
376,C1895540807,0
430,C265373063,1
378,C696791016,0
395,C1418359564,0
397,C1882832769,0
374,C2049620013,0
394,C1806401050,0
396,C1273676618,0
395,C1617614400,0
405,C96460845,0
373,C1942869518,0
629,C1384976980,1
522,C1922087695,0
381,C146571205,0
377,C113027379,0
396,C1370858736,0
374,C1151455044,0
406,C679507703,0
402,C1311714141,0
525,C1072663523,0
592,C1624141050,0
524,C759130178,0
395,C1444322819,0
407,C1370814849,0
403,C1564252637,0
372,C2016075380,0
382,C102717165,0
376,C251519323,0
604,C454938739,1
405,C2008627039,0
422,C1218246188,0
398,C1169578007,0
379,C646165530,0
448,C1002307130,0
375,C1659834934,0
403,C395431558,0
396,C936580603,0
396,C267010566,0
373,C508616999,0
482,C677179162,1
429,C875036276,0
374,C819732109,0
367,C1069202179,1
403,C226861779,0
399,C422578878,0
379,C1191588159,0
684,C92684608,0
369,C1311778838,0
356,C1151892943,0
372,C1932807303,0
487,C737756051,0
629,C1176430814,1
370,C381024593,0
404,C494332238,0
375,C12108789,0
394,C1147496938,0
404,C355812022,0
374,C1636407409,0
375,C761800307,0
644,C397102137,0
490,C414293272,0
544,C1338153200,0
393,C1827421323,0
403,C1570801619,0
356,C1161719989,0
691,C906570629,0
358,C276336907,0
372,C1909973194,0
505,C1960849749,1
383,C1851248865,0
358,C2107244760,0
584,C1819971579,1
361,C1988646471,0
402,C1896040378,0
393,C1572079524,0
379,C569009870,0
404,C962721487,0
370,C950386436,0
371,C368921296,0
687,C772018755,0
378,C1351592521,0
588,C1348544279,0
642,C1547797101,1
401,C1814279629,0
377,C575320121,0
371,C85641992,0
398,C114111399,0
589,C141684607,0
378,C735525218,0
356,C282531965,0
592,C481677405,0
594,C1328878276,0
401,C301134974,0
526,C1979082988,0
396,C912435033,0
382,C3851430,0
402,C1442949948,0
375,C400877017,0
398,C316978582,0
398,C1713128392,0
401,C1782196226,0
372,C2061402001,0
563,C543572225,0
518,C1651648798,0
692,C165157624,0
594,C43925157,0
688,C2045634882,0
596,C793591383,0
375,C145411781,0
514,C1616164199,0
373,C582347164,0
394,C1070128435,0
403,C70480226,0
542,C958762293,0
688,C1220725459,0
688,C846332158,0
377,C1067546125,0
399,C35324452,0
588,C945278618,0
403,C1747970875,0
522,C633304234,0
380,C204895386,0
377,C296680168,0
372,C877100348,0
525,C337759189,0
408,C623494445,0
396,C468903352,0
431,C1241754459,0
401,C1395967711,0
370,C1339605318,0
380,C49580589,0
403,C1104082647,0
540,C1226029125,0
403,C1248372016,0
403,C352985377,0
358,C573467544,0
407,C1944586566,0
398,C1873256778,0
588,C1553615658,0
401,C1678097480,0
566,C1727876376,0
371,C1884477560,0
426,C728013232,0
402,C927110802,0
393,C1819623067,0
522,C1154169073,0
383,C519347804,0
403,C119706461,0
378,C597128623,0
675,C99498713,1
571,C1684173148,0
393,C266706519,0
404,C42316466,0
684,C2055898064,0
358,C363622275,0
376,C2092281816,0
356,C1679775912,0
399,C546563794,0
377,C375235185,0
373,C1049322909,0
372,C1746460963,0
404,C1300632399,0
373,C680527687,0
405,C576667563,0
619,C48956689,0
404,C4673111,0
404,C1803661961,0
402,C1762160174,0
447,C786548391,1
640,C1071028026,0
469,C1139911387,0
398,C1176335290,0
500,C1245825176,0
403,C558438550,0
400,C2021770393,0
597,C1590618286,0
701,C601921404,1
379,C1566972468,0
400,C300863929,0
370,C638728863,0
571,C327402551,0
596,C532294275,0
377,C1847689098,0
393,C545717841,0
691,C1712161317,0
530,C1687894218,1
526,C577121322,0
394,C1317430072,0
401,C925162767,0
378,C2071821737,0
380,C885214887,0
402,C1881649018,0
400,C1117345595,0
371,C298382400,0
403,C545306757,0
615,C1634206825,1
406,C1301985613,0
617,C1780580381,0
681,C227801001,0
416,C1916732423,0
357,C1970551288,0
362,C119923582,0
610,C1511951796,1
402,C264297375,0
589,C1197597901,0
379,C2122378794,0
589,C1443032516,0
373,C1134796151,0
404,C165960360,0
515,C276602564,1
538,C158714920,0
358,C1937710922,0
404,C1297899230,0
403,C261624633,0
398,C1269887007,0
395,C1352210678,0
380,C374018659,0
587,C1560699636,0
404,C1733874846,0
398,C2043817676,0
421,C1505056771,1
520,C703390042,0
370,C1102225556,1
503,C183264384,0
403,C1333203529,0
378,C1003450221,0
383,C88642064,0
380,C1606782165,0
401,C44836781,0
375,C1124218894,0
379,C1701871524,0
695,C892315581,0
681,C1685899718,0
399,C688088986,0
384,C2090253636,0
394,C835003401,0
514,C1257309143,0
378,C740206512,0
406,C1579514128,0
356,C504007846,0
597,C2043497779,0
692,C1897599801,0
377,C1741867831,0
356,C2024793877,0
399,C1719712733,0
685,C1135563168,1
398,C1657262749,0
358,C833205242,0
404,C1227727477,0
563,C772739279,0
378,C1429146137,0
522,C1486001210,0
514,C1025483039,0
548,C1724251521,0
565,C2005611890,0
599,C874786425,0
656,C1062767268,0
383,C1391904913,0
453,C1015856166,1
381,C1989082519,0
588,C1744185154,0
356,C1432960863,0
394,C51732390,0
375,C1691867348,0
403,C1000576535,0
490,C1262690873,0
563,C1950244893,0
399,C1132795303,0
684,C509254493,0
495,C1520982603,0
379,C1153844174,0
379,C1965832743,0
356,C1811791599,0
705,C131082527,0
359,C1999368795,0
374,C1297511596,0
406,C223164152,0
403,C1024126263,0
400,C2022280151,0
469,C968822604,0
357,C1080376578,0
369,C1735342953,0
396,C227899508,0
590,C1427164437,0
402,C417711750,0
380,C1333642019,0
403,C756774071,0
373,C507494658,0
379,C223478892,0
394,C1428187981,0
401,C1565149549,0
369,C1929529576,0
403,C1899725817,0
397,C1439311193,0
681,C942962181,0
376,C157007113,0
383,C1811689536,0
370,C1153049301,0
617,C122162876,0
397,C432882704,0
396,C101102336,0
734,C1987403065,1
469,C930167815,0
359,C1254526650,0
380,C1231118670,0
614,C745740843,1
401,C147367825,0
382,C704678453,0
404,C1318593279,0
397,C468483443,0
397,C1147263479,0
378,C245582611,0
369,C2124982891,0
403,C1237325614,0
374,C2058491434,0
442,C1327359469,0
670,C220133739,0
396,C696293161,0
370,C555918226,0
469,C2041942844,1
402,C215114887,0
399,C1301972861,0
379,C483199442,0
379,C1313924769,0
378,C1407651350,0
370,C2096794550,0
370,C231823759,0
375,C429325499,0
369,C1783147390,0
360,C1173720569,0
373,C1747734175,0
612,C46770325,0
522,C683530282,0
380,C43213105,0
369,C883345674,0
619,C843172294,0
647,C1995588993,1
408,C2058047957,0
370,C209739366,0
379,C641295413,0
378,C1790565500,0
637,C2037852916,0
372,C828221688,0
399,C1613054850,0
594,C952857517,0
402,C308935434,0
379,C1352497271,0
373,C1168650429,0
639,C187250365,1
492,C814655815,0
403,C404593770,0
588,C1061552275,0
372,C1072040138,0
371,C2061890085,0
397,C430750501,0
404,C1246915406,0
474,C335903336,0
394,C2116423563,0
704,C1701872761,1
379,C868993541,0
692,C1688424580,0
407,C474366211,0
379,C1514062445,0
429,C21638315,0
401,C1485246484,0
439,C1052486086,1
376,C91201549,0
397,C686431538,0
360,C1276169018,0
400,C1004536150,0
403,C80288040,0
370,C1128649867,0
357,C1155871528,0
374,C1127858833,0
374,C1022160837,0
514,C1912564207,0
565,C2037611547,0
567,C925157510,0
379,C1869457787,0
378,C907851950,0
527,C430465046,0
681,C1963826022,0
380,C1949006956,0
525,C1417094847,0
644,C709894702,0
398,C161457417,0
542,C212650701,0
380,C1265579470,0
402,C1691856508,0
394,C723268895,0
403,C1025172448,0
469,C1171104651,0
373,C851586410,0
426,C1099540275,0
379,C776574782,0
382,C1302821482,0
544,C970712835,0
381,C624177335,0
400,C1869502028,0
451,C1216531088,0
382,C548723546,0
371,C12991702,0
379,C1232011319,0
372,C390988717,0
379,C1921139293,0
402,C2023969774,0
395,C1118591801,0
448,C119050185,0
492,C425690252,0
381,C888709165,0
375,C395094557,0
370,C130677874,0
597,C1620162814,0
406,C1006101601,0
397,C464606097,0
372,C2064428701,0
522,C602303817,0
401,C1625077649,0
548,C1060421222,0
400,C1397425800,0
605,C937391405,1
544,C1176244981,0
428,C1770322436,0
570,C1759690684,0
376,C1993882479,0
372,C962724363,0
356,C1535125185,0
574,C1630621932,0
394,C623721127,0
564,C786706343,0
546,C781635877,0
546,C1178900600,0
692,C572465448,0
597,C650858651,0
383,C1625099888,0
372,C1001377630,0
403,C580194198,0
538,C527299291,0
395,C296401712,0
406,C1725343135,0
395,C1887263667,0
396,C1016608098,0
471,C602225424,0
379,C488292793,0
687,C2091585989,0
375,C1642543188,0
396,C324528036,0
526,C912366825,0
478,C1621754743,0
501,C1949843837,1
571,C390175181,0
402,C1038429339,0
476,C368887344,0
594,C190310969,0
397,C375015812,0
397,C238920393,0
379,C1256704337,0
514,C1426102774,0
397,C803067599,0
407,C460577402,0
694,C847504527,0
710,C489731213,0
374,C1055751074,0
718,C1545616572,1
381,C1771871745,0
661,C1888584266,0
394,C1481979997,0
490,C628740339,0
379,C1826508030,0
422,C1586997601,0
522,C967171969,0
397,C1693931959,0
393,C918419693,0
468,C618333968,1
375,C935008843,0
398,C622288171,0
380,C1383936846,0
380,C965167259,0
373,C471669393,0
398,C1721191799,0
514,C51454278,0
625,C1802530107,1
382,C1441552162,0
548,C377370214,0
396,C1244112917,0
664,C1944915883,0
695,C1952314133,0
383,C281185826,0
399,C1161153768,0
522,C161618015,0
400,C746910947,0
547,C1031496825,0
373,C1808101339,0
544,C832887696,0
401,C265882706,0
371,C967680184,0
567,C840866897,0
592,C1461446032,0
372,C212128654,0
688,C744292349,0
378,C976819611,0
522,C1425918551,0
401,C1671931752,0
402,C1508808213,0
403,C1798133251,0
379,C200557224,0
398,C449167682,0
570,C2004304755,0
525,C584093576,0
405,C1954757965,0
378,C1137410750,0
360,C804459903,0
402,C1059749515,0
372,C847740721,0
369,C474402212,0
403,C1758843318,0
394,C366480185,0
378,C407193891,0
656,C1083136870,0
691,C1426866791,0
373,C1516337599,0
374,C707960161,0
381,C1530991329,0
538,C1157147234,0
405,C1838691314,0
495,C693824061,0
396,C209449441,0
378,C1575146261,0
690,C42160585,0
526,C29062376,0
522,C1750811108,0
542,C1493563922,0
401,C2039245631,0
397,C1139699632,0
396,C316812718,0
379,C2090374770,0
406,C706315907,0
375,C1788274792,0
356,C1305215412,0
356,C1722388110,0
448,C1486211814,0
402,C844260542,0
377,C1393757780,0
370,C997108670,0
402,C993083064,0
546,C1472002414,0
599,C1290168877,0
394,C1682124585,0
360,C855494719,0
404,C1083448066,0
373,C1403239128,0
594,C1651425378,0
370,C1244406370,0
544,C1651878983,0
373,C503708693,0
445,C1558137654,1
594,C2088783622,0
380,C1801574679,0
403,C849423709,0
379,C1485670882,0
416,C194098468,0
402,C1229710274,0
383,C701340650,0
369,C844674871,0
400,C807501189,0
394,C2082848363,0
400,C661355868,0
378,C1795711397,0
399,C178077431,0
362,C2030295854,1
405,C1427592325,0
574,C1562302981,0
382,C407729828,0
373,C1997722801,0
401,C1321527446,0
564,C440923354,0
587,C1362051855,0
356,C1613253905,0
403,C1358732548,0
380,C1874443688,0
393,C79950532,0
694,C1120772486,0
404,C1474018234,0
393,C1650091015,0
358,C1307075047,0
476,C1182171062,0
694,C584450640,0
374,C472584163,0
687,C1741951628,0
379,C432744128,0
395,C1662459244,0
681,C805615792,0
405,C1029047067,0
692,C1200398223,0
378,C723794174,0
356,C819080624,0
369,C677665231,0
527,C1154228310,0
356,C1326026151,0
451,C733845370,1
380,C307907534,0
405,C2088680704,0
379,C371327650,0
408,C1997103484,0
550,C49405029,0
371,C1564243550,0
374,C105235417,0
656,C1202547210,0
400,C1985835076,0
538,C1528349086,0
478,C1873785185,0
396,C537224906,0
384,C994891374,0
403,C955282204,0
442,C412786017,0
398,C1295970129,0
379,C1428114194,0
520,C1627032333,0
379,C1568286645,0
380,C780132950,0
597,C1611178989,0
402,C1165281062,0
569,C1522253641,1
718,C1203084509,0
695,C1784556480,0
380,C1191734283,0
397,C1154370066,0
379,C883704875,0
379,C378762293,0
380,C1402287132,0
371,C947215241,0
398,C44120853,0
406,C1604061660,0
370,C1924965083,0
400,C1461542840,0
474,C613548613,0
705,C210559543,0
595,C1426422524,0
686,C1763461488,0
644,C1569020149,0
383,C646156031,0
371,C1707706565,0
356,C29480710,0
406,C1262316916,0
596,C1322890318,0
520,C986932244,0
404,C1156376844,0
399,C448117485,0
396,C1580256349,0
426,C156229444,0
610,C821986467,0
383,C833186368,0
405,C396262084,0
408,C1114216226,0
397,C253320005,0
407,C189911730,0
379,C1477568862,0
399,C1246964336,0
404,C1312210373,0
356,C960696123,0
403,C234059597,0
718,C1037620927,0
492,C1005084290,0
686,C99924798,0
356,C26040453,0
565,C879877319,0
405,C677923609,0
592,C1578668530,0
380,C1807201095,0
373,C796420866,0
377,C1892423919,0
370,C834421494,0
374,C868912099,0
403,C757334347,0
399,C16008925,0
567,C1151105774,0
377,C313203250,0
376,C2058902157,0
399,C1759706524,0
371,C1760864446,0
403,C1627091979,0
405,C778960410,0
373,C2144422175,0
395,C2006673334,0
356,C443997186,0
374,C124181619,0
393,C1333496322,0
400,C1124403689,0
458,C1719312846,0
563,C1074236562,0
594,C219811904,0
356,C1714759035,0
376,C1887852620,0
378,C238247365,0
384,C1342487201,0
358,C1089990479,0
381,C740386485,0
394,C141988310,0
404,C304241256,0
356,C955565273,0
705,C1723417902,0
396,C1542061545,0
375,C1433906505,0
405,C298484790,0
394,C2044919988,0
404,C75379472,0
379,C741149619,0
377,C288443808,0
372,C1011778976,0
398,C5167172,0
365,C610867855,1
371,C1414010791,0
571,C572990996,0
393,C18939713,0
552,C348829617,0
710,C378242927,1
380,C928180068,0
378,C725749936,0
402,C1265413228,0
397,C2066671050,0
407,C1485104732,0
394,C1210184890,0
690,C824705229,0
422,C129198079,0
421,C1979477621,1
372,C810774046,0
404,C1131630642,0
573,C1578541857,0
395,C1371642209,0
397,C841775903,0
378,C1683520085,0
398,C761481212,0
371,C914263994,0
395,C1973637124,0
709,C1951209160,0
369,C1029140176,0
359,C1117084809,0
401,C1962516380,0
359,C2052842135,1
500,C8072175,0
357,C789646378,0
370,C576394597,0
686,C1812949183,0
394,C1435475117,0
370,C1605445322,0
381,C1272734154,0
379,C1180272296,0
356,C1806857825,0
574,C401695362,0
526,C1203976859,0
379,C960345888,0
375,C1052992150,0
606,C2128461532,1
371,C1654111202,0
401,C1528222977,0
379,C1095520768,0
407,C1016221888,0
397,C1108297965,0
476,C1023402674,1
356,C657409798,0
371,C1106944531,0
394,C417276773,0
357,C289384557,0
396,C381842682,0
500,C1476834464,0
407,C1376445393,0
614,C2052190092,0
406,C1275639469,0
399,C1692661077,0
545,C1479408652,0
356,C783193133,0
397,C1459819881,0
474,C657033756,0
383,C1977955332,0
547,C173297084,0
599,C366619155,0
524,C2093551965,0
396,C2125247931,0
540,C1140240041,0
378,C1034296591,0
372,C536452042,0
376,C122405515,0
397,C697445154,0
369,C1743679867,0
406,C1941579575,0
395,C163269139,0
514,C558835458,0
379,C1623791151,0
394,C1921010033,0
526,C1446292048,0
402,C2041672229,0
596,C132336286,0
356,C542125705,0
382,C561958696,0
585,C833817458,0
380,C1884124849,0
378,C1237989765,0
399,C1884126687,0
376,C305896607,0
402,C1184507308,0
379,C1127592063,0
514,C1950926360,0
398,C1709972760,0
394,C316660646,0
687,C275546075,0
399,C1395953352,0
369,C1653282478,0
397,C1230228443,0
527,C971314877,0
486,C1899244815,1
576,C1389141346,0
373,C750500360,0
423,C1869626477,0
545,C234801476,0
692,C1528078724,0
370,C2017898590,0
356,C470508882,0
369,C336373894,0
380,C741299960,0
380,C1874814118,0
356,C1676152952,0
374,C1123875883,0
372,C1713329452,0
395,C707163389,0
378,C2006853046,0
383,C535540359,0
473,C731157772,1
682,C1799298799,1
405,C2144430283,0
398,C1282146605,0
544,C5880973,0
381,C1938442098,0
402,C1053429936,0
588,C1686902211,0
672,C2036720607,1
401,C32497569,0
379,C123537164,0
405,C1730079336,0
396,C253682335,0
372,C965102604,0
402,C782900603,0
379,C1940285111,0
505,C1824419874,0
373,C1448485813,0
514,C1188960764,0
687,C665985331,0
522,C1845781698,0
405,C2069428999,0
566,C1069100089,0
524,C2042216488,0
612,C282720989,0
400,C633863501,0
403,C284448877,0
474,C832190857,0
398,C1107041903,0
474,C1228190124,0
371,C1066940432,0
405,C213786352,0
396,C908520294,0
372,C1626322069,0
404,C1379748883,0
383,C1795615076,0
362,C1674803892,0
522,C1266608126,0
422,C70222098,0
394,C1121139084,0
380,C1910368096,0
376,C2076993014,0
394,C1623902766,0
406,C153883283,0
373,C1090161622,0
399,C788585220,0
717,C460636949,0
452,C1384295717,0
565,C1535515046,0
404,C1380884235,0
379,C1328556992,0
402,C1760311922,0
379,C912441307,0
546,C472845074,0
381,C153638026,0
592,C586064569,0
401,C1623009470,0
372,C541865044,0
374,C560754277,0
398,C1796390323,0
402,C135520490,0
399,C1010177209,0
400,C391470327,0
596,C1125268266,0
479,C1972773729,0
359,C907798750,0
661,C1482986661,0
402,C693257991,0
393,C867643476,0
358,C1626966409,0
401,C744890470,0
458,C1165837899,1
694,C1165634220,0
358,C1728814841,0
399,C63329772,0
692,C1124371735,0
403,C945437372,0
377,C961079887,0
372,C1376204346,0
376,C1663620716,0
370,C1990797684,0
393,C229693208,0
374,C999461020,0
380,C1514745531,0
478,C1390504458,0
661,C245393269,0
376,C1204485952,0
394,C2058655456,0
401,C1576470643,0
476,C408880788,0
380,C1058089197,0
400,C1276932991,0
370,C1657536435,0
402,C1488137684,0
687,C1829524955,0
411,C303116308,1
403,C389540748,0
376,C740080481,0
627,C969013741,1
357,C916332145,0
371,C149896443,0
370,C217586264,0
372,C124220386,0
397,C1853365530,1
401,C527507312,0
394,C1283660504,0
637,C1709645229,0
500,C1664098422,0
619,C411013894,1
408,C1191696703,1
373,C1325196055,0
375,C1005706527,0
595,C1968510946,0
396,C205415414,0
382,C1841655937,0
500,C1589692099,0
369,C1595340678,0
404,C992599013,0
374,C702536052,0
374,C152730147,0
399,C1603716914,0
403,C580859750,0
592,C252328833,0
644,C1777712004,0
378,C387577343,0
619,C1859758846,0
398,C1384180986,0
522,C792206475,0
484,C1373191789,1
374,C1861967608,0
383,C1741007646,0
692,C1213541944,0
393,C331904341,0
595,C941774183,0
393,C1338377380,0
374,C1157988589,0
384,C598505256,0
393,C662051246,0
357,C835170752,0
374,C943659507,0
449,C1410981762,1
690,C1655017417,0
374,C507296802,0
571,C2024456176,0
380,C1966427989,0
399,C467894310,0
712,C776636792,1
599,C217764218,0
399,C2083769214,0
550,C2066178244,0
398,C1472566884,0
586,C1585593442,0
688,C711131092,0
396,C592509784,0
396,C2052955290,0
402,C1170285197,0
404,C1081288988,0
398,C1076680342,0
396,C1117571734,0
399,C2088638536,0
370,C1861698412,0
404,C402058930,0
396,C1391094093,0
571,C1536186128,0
398,C929816238,0
582,C957739463,0
742,C2089752665,1
588,C403696373,0
399,C1059269221,1
400,C1504914229,0
617,C74519953,0
369,C340450120,0
393,C25069486,0
395,C2008189935,0
404,C1465501294,0
378,C955683972,0
369,C33961495,0
369,C444153773,0
402,C1942787741,0
406,C1851881228,0
369,C549603749,0
401,C24654256,0
400,C239159434,0
692,C1376177077,0
690,C205921575,0
408,C852323605,0
378,C1428522853,0
394,C176993614,0
377,C517262914,0
375,C804540315,0
402,C1644145371,0
402,C1957343306,0
720,C1493011618,1
402,C232557465,0
596,C187201392,0
402,C980339765,0
397,C1095005869,0
407,C1204258556,0
595,C1551098898,0
396,C305521879,0
379,C1496237080,0
404,C1582865471,0
592,C1193530379,0
399,C1312759257,0
403,C10730780,0
493,C1640703547,1
380,C1428228738,0
376,C19912501,0
478,C820359357,0
397,C1993010655,0
356,C1731994147,0
548,C195985805,0
400,C893290574,0
398,C751877769,0
356,C1984443158,0
404,C1807322611,0
550,C765068564,0
383,C987054788,0
691,C1870370728,0
378,C674972793,0
444,C1850675328,1
402,C553613569,0
402,C797449347,0
403,C720596366,0
404,C1595791479,0
596,C2100687948,0
369,C404018549,0
396,C82260711,0
375,C109182886,0
396,C1165609025,0
548,C547089559,0
644,C390229393,0
467,C1294019179,1
358,C1741103928,0
394,C1203974917,0
396,C2051862155,0
522,C1689957798,0
522,C1579626913,0
375,C406362755,0
403,C1059607429,0
399,C389588712,0
400,C2079658602,0
402,C1511399515,0
370,C603812769,0
399,C1017935636,0
378,C720826773,0
377,C1545374217,0
404,C769942584,0
517,C1102919148,0
376,C1897462441,0
415,C80491623,1
564,C403866580,0
532,C1634365603,1
548,C444067255,0
522,C739795935,0
357,C1257771784,0
544,C1369037717,0
375,C573441080,0
396,C2067380028,0
461,C2004363483,1
571,C1491819514,1
712,C1552242254,1
402,C1475652023,0
374,C809724565,0
375,C1599044585,0
393,C1921790975,0
590,C99777022,1
404,C611301060,0
398,C1878560903,0
397,C1897932317,0
692,C43061498,0
487,C1553540945,1
356,C435962160,0
395,C1514929162,0
380,C1885824222,0
600,C276670943,1
583,C912160043,1
589,C123108160,0
356,C1915182048,0
397,C1792669014,0
705,C1981764894,0
712,C1594841264,1
402,C1249105721,0
380,C566596587,0
399,C1592610643,0
356,C1642580349,0
373,C1332899091,0
403,C53255225,0
589,C167530299,0
592,C1560190234,0
400,C312527415,0
405,C81420712,0
398,C828410987,0
514,C2040062218,0
380,C1133922565,0
376,C1314480342,0
358,C1098467052,0
370,C1724804319,0
590,C1927952326,0
565,C1454484969,0
399,C1596369077,0
522,C1321096010,0
600,C551820728,1
396,C616182457,0
380,C1419068687,0
374,C362307921,0
400,C924548039,0
358,C247506730,0
370,C1749200578,0
404,C1085066036,0
406,C1010394351,0
688,C2008276100,0
397,C807198218,0
373,C256968399,0
396,C1224234082,0
490,C558340983,0
393,C1492792728,0
500,C1304780569,0
407,C614628132,0
406,C204546674,0
377,C197857497,0
396,C1228810526,0
514,C1384928954,0
379,C515643679,0
356,C595965259,0
371,C1839788921,0
403,C896504756,0
393,C191272334,0
659,C2020893101,0
402,C140362389,0
394,C578810903,0
403,C1464368952,0
540,C593586576,0
688,C1310518014,0
379,C777268474,0
548,C495755755,0
398,C1850659178,0
446,C1056720143,1
374,C1572762609,0
694,C2080516007,0
373,C1201712646,0
536,C723208527,1
401,C1579025030,0
394,C485190600,0
589,C202204173,0
405,C1429335095,0
400,C176306530,0
379,C70572686,0
405,C516877493,0
395,C1161341661,0
403,C1410594681,0
402,C626827731,0
415,C631901150,1
360,C1455240599,0
372,C1074005170,0
379,C745950421,0
375,C1055321553,0
378,C172355026,0
595,C1809374077,0
406,C1398078503,0
471,C421931601,0
374,C90699397,0
522,C390410878,0
378,C739489732,0
550,C2069549572,0
547,C1785723855,0
520,C47191683,0
381,C1482736542,0
375,C1608125941,0
369,C790460345,0
687,C33154926,0
402,C1072235880,0
595,C1669702210,0
356,C1141551915,0
396,C1400746027,0
525,C830793203,0
684,C1067283905,0
395,C495688553,0
396,C1100175720,0
394,C80068886,0
473,C867506541,1
518,C1275668058,0
503,C1557394938,0
403,C580985603,0
567,C1705698479,0
469,C486802296,0
375,C991220323,0
356,C900140204,0
373,C1924488967,0
381,C3004927,0
394,C215174148,0
397,C1779604880,0
659,C1193390688,0
406,C907640426,0
396,C104972552,0
372,C1200195990,0
396,C1073241312,0
500,C41892326,0
401,C1700227103,0
400,C1169670612,0
404,C1279009363,0
372,C1230183214,0
692,C593147042,0
371,C1364978640,0
371,C759146805,0
375,C1304520403,0
396,C185345891,0
395,C1221960397,0
404,C928238604,0
397,C283069385,0
374,C107035128,0
403,C432665285,0
684,C1744276151,1
401,C1746129011,0
375,C1421028355,0
400,C1152892944,0
380,C242275916,0
358,C735879882,0
373,C442349695,0
374,C613462314,0
380,C1950302231,0
403,C836563799,0
397,C1735874039,0
400,C179181925,0
372,C2040963678,0
371,C1161360842,0
566,C1783849480,0
608,C1323084511,0
398,C1831856970,0
520,C1820727460,0
378,C2063996587,0
374,C1177803283,0
381,C676483925,0
376,C876726494,0
381,C273445170,0
398,C1640395845,0
404,C1029717884,0
395,C44963262,0
393,C1304367721,0
545,C435078943,0
371,C787581938,0
379,C1263743860,0
373,C1503664303,0
400,C594846147,0
404,C1768114358,0
397,C606869166,0
425,C1737680610,1
401,C609366957,0
380,C1491834852,0
380,C895988389,0
548,C1819949394,0
378,C2018413842,0
522,C1235003739,0
381,C694990112,0
378,C576290368,0
394,C818641811,0
408,C1143394896,0
592,C1353194779,0
596,C2066758703,0
394,C1128510858,1
373,C305155843,0
403,C1034128062,0
374,C2043540614,0
397,C1260553932,0
522,C96593416,0
383,C1793345743,0
400,C173019082,0
357,C1109529203,0
406,C155693562,0
397,C1201298912,0
375,C1953920258,0
382,C1539411424,0
403,C744372703,0
401,C115070623,0
402,C1429842280,0
401,C1040643757,0
538,C543363131,0
661,C932238234,0
377,C617925254,0
395,C150815141,0
595,C2053944682,0
369,C947717474,0
380,C1010137352,0
406,C1910137952,0
372,C1845559293,0
379,C1415873458,0
403,C1927086401,0
376,C1635439217,0
403,C1604773313,0
688,C1044812040,0
375,C1266979624,0
451,C818599174,0
401,C2100248785,0
399,C821098527,0
403,C739238975,0
379,C1792926171,0
502,C1709405633,0
569,C1864740767,0
516,C829436029,1
379,C1761880177,0
379,C1113301127,0
403,C1972319488,0
393,C1049222085,0
378,C1272064754,0
642,C31297436,0
377,C1969733713,0
407,C273883173,0
380,C1569761588,0
715,C2071077494,0
379,C595827276,0
684,C186680058,0
680,C528702862,1
403,C314606448,0
394,C771010115,0
522,C708804086,0
540,C111678032,0
451,C282008076,0
378,C2094585991,0
376,C1524745869,0
469,C1001064466,0
496,C1679215077,1
402,C1625456732,0
374,C1149527445,0
374,C676881933,0
398,C416132401,0
378,C1958197149,0
372,C1972651812,0
505,C722533111,0
526,C1893669841,0
522,C974664018,0
398,C1347540936,0
612,C2045876504,0
378,C1245266636,0
597,C1467623962,0
378,C1206368206,0
382,C1967189445,0
451,C1011226943,0
379,C125144357,0
394,C895891440,0
688,C171434137,0
378,C2017460870,0
692,C1519305963,0
359,C476186543,0
369,C371563175,0
399,C1612763586,0
502,C1427506012,0
380,C134304266,0
378,C495623243,0
546,C1392879459,0
402,C1534795698,0
371,C177064427,0
393,C195889616,0
404,C2105572971,0
408,C817883798,0
647,C334503836,1
669,C628538240,1
394,C251796828,0
398,C2128632360,0
397,C176232751,0
399,C791558473,0
684,C2084068772,0
492,C2139364691,0
520,C552843402,0
379,C562707265,0
690,C1246170032,0
402,C1163778856,0
526,C822754348,0
380,C1820084872,0
439,C124549167,0
514,C1314424147,0
396,C1161042310,0
357,C1493761372,1
356,C509315354,0
667,C2129318316,0
378,C760644700,0
522,C2051084682,0
359,C1002346407,0
383,C166945105,0
544,C843326271,0
401,C2139746486,0
393,C1624812109,0
369,C1308713387,0
514,C122762216,0
379,C511498330,0
372,C773604450,0
474,C840879194,0
682,C1642527163,1
400,C639143126,0
590,C1819855273,0
372,C1154918103,0
380,C432443004,0
407,C117356859,0
356,C2127243700,0
395,C1464265570,0
595,C403023355,0
372,C1618937997,0
566,C1214573388,0
379,C237087251,0
500,C1531048463,0
397,C1652864512,0
394,C318174823,0
403,C921045994,0
370,C998196534,0
383,C1645396562,0
402,C1204115780,0
493,C1138845032,0
469,C625006881,0
594,C1683958321,0
501,C1034418491,1
374,C2086828013,0
404,C962304059,0
399,C1029804384,0
592,C1598074079,0
396,C1090052589,0
719,C236547965,1
589,C893594378,0
374,C946836686,0
395,C396743745,0
371,C20434121,0
692,C130621732,0
502,C419579204,0
399,C1815455844,0
356,C958400386,0
626,C931224089,1
594,C1730273958,0
692,C145761031,0
375,C121773386,0
669,C867215345,0
692,C1289962433,0
564,C1263835935,0
571,C1157473041,0
372,C66878378,0
357,C1050717239,0
619,C1068694959,0
396,C1413931572,0
380,C1376704948,0
401,C1581609859,0
514,C23955577,0
400,C1256460245,0
373,C1576487074,0
395,C570170915,0
357,C624684299,1
386,C704571203,0
399,C704594004,0
382,C2094499022,0
371,C1118321098,0
375,C1632249292,0
395,C1327043717,0
514,C1548375343,0
661,C869181615,0
408,C2096623112,0
686,C2067191304,0
372,C1378386161,0
460,C617173071,1
599,C1659288274,0
691,C2107456820,0
570,C1961337467,0
369,C1198879279,0
382,C138993484,0
612,C1890428778,0
552,C1466536143,0
393,C2106895072,0
403,C444563530,0
370,C28772481,0
402,C1011929771,0
571,C1387609015,0
379,C1855762014,0
598,C869816802,0
371,C2138409721,0
358,C1531329762,0
564,C1742032722,0
405,C418622716,0
692,C1888347569,0
427,C1173353466,1
574,C652070696,0
540,C1850326277,0
691,C1052616081,0
398,C917330503,0
373,C1468649294,0
528,C1369684976,0
393,C2086515249,0
565,C400057312,0
395,C1381112289,0
394,C658916464,0
398,C1997341806,0
371,C1944708525,0
370,C881022173,0
395,C1074584873,0
564,C1470699422,0
370,C452655493,0
399,C1815341398,0
395,C1165857898,0
422,C1431994597,0
596,C1990760053,0
401,C1816013486,0
589,C1723552974,0
404,C318404895,0
373,C151655082,0
403,C1508408527,0
619,C1656733796,0
394,C1991869797,0
402,C944739785,0
370,C2072708608,0
522,C1848295735,0
379,C148672692,0
598,C498303384,0
398,C806112138,0
426,C1493300021,0
396,C1790647316,0
661,C2029023278,0
399,C1649018191,0
379,C468989884,0
565,C57159618,0
399,C469778158,0
426,C1729613570,0
370,C1180577264,0
378,C794214950,0
692,C1871114075,0
375,C993671488,0
371,C1076719742,0
397,C542122623,0
670,C1392551965,0
369,C1450132961,0
370,C1456823477,0
701,C272466753,1
548,C1156874822,0
377,C1752212726,0
426,C314539708,0
382,C880044710,0
514,C926232091,0
380,C1204552520,0
370,C1355610376,0
469,C494881055,0
544,C2115187469,0
522,C708032912,0
356,C322542722,0
444,C1674281831,1
692,C369511848,0
544,C370120159,0
599,C1706721536,0
395,C1638713215,0
374,C324097677,0
422,C1097746067,0
403,C1108565506,0
393,C1309944102,0
380,C2070810594,0
400,C2096185771,0
612,C487189536,0
398,C305750280,0
404,C413095054,0
378,C240890778,0
522,C1796335850,0
408,C1454323228,0
403,C392732150,0
589,C326575152,0
356,C1592736417,0
594,C2035367389,0
398,C597911809,0
564,C1664637035,0
695,C1184803930,0
394,C96629225,0
522,C671932574,0
377,C35043651,0
377,C1450865748,0
544,C2061163379,0
574,C1604531740,0
690,C2073472284,0
380,C722597969,0
370,C1735260096,0
401,C1825931907,0
375,C1656875765,0
370,C2052954570,0
356,C1188375828,0
359,C316775989,0
594,C960453062,0
374,C2035068038,0
469,C1234394205,0
356,C1529050555,0
399,C863381012,0
400,C181344568,0
617,C722766356,0
402,C216433126,0
377,C1871260378,0
550,C871239728,0
402,C2019763287,0
359,C1774086665,0
403,C820315178,0
398,C667668323,0
405,C1631495370,0
356,C1800800816,0
374,C1383465365,0
525,C351556427,0
567,C1793284612,0
524,C759846799,0
690,C269776966,0
399,C1888226691,1
397,C388719412,0
396,C438932010,0
379,C985979854,0
404,C1714904003,0
589,C331973579,0
357,C52029382,0
567,C643395761,0
538,C554748495,0
570,C91880890,0
376,C556421643,0
373,C1523458892,0
397,C1909098940,0
396,C867681555,0
617,C1971175979,1
373,C516873952,0
595,C1673225510,0
404,C2091554866,0
381,C1787786895,0
370,C1189051427,0
393,C1037159160,0
514,C205837631,0
375,C1800556892,0
596,C2131685103,0
451,C1951119213,0
394,C550010064,0
370,C225998728,0
369,C1360570414,0
371,C118906086,0
376,C123316673,0
500,C760987354,0
369,C236822376,0
379,C1266552440,0
370,C1917355365,0
394,C980399331,0
401,C2092087490,0
564,C1632468844,0
373,C1744942925,0
370,C555964031,0
371,C1537938702,0
378,C556219913,0
407,C1003833491,0
547,C1715161984,0
404,C199203377,0
540,C498197079,1
374,C860570959,0
524,C2132829320,0
479,C1082019145,0
374,C1035912314,0
390,C1924115884,1
667,C459308324,0
373,C1886474616,0
715,C1730614430,0
684,C1574296931,0
522,C1890896175,0
380,C982849067,0
372,C1975658209,0
372,C598797196,0
381,C662151793,0
590,C512965090,0
588,C91734749,0
572,C2022356819,1
690,C567904658,0
398,C495869761,0
374,C418409679,0
588,C1797978554,0
396,C545046943,0
540,C631917844,0
372,C1707799706,0
403,C590911512,0
374,C82641668,0
400,C1248539527,0
403,C1693034714,0
378,C718468138,0
692,C1036659131,0
478,C1489415045,0
581,C239145615,1
397,C1320061636,0
596,C1980960526,0
405,C794785430,0
398,C1321311510,0
547,C1459023381,0
545,C1172736636,0
714,C1688255783,0
377,C155791412,0
360,C1767796687,0
399,C2118878417,0
374,C1600499334,0
377,C743372979,0
400,C1434675294,0
402,C368995227,0
380,C1414185244,0
398,C1788417752,0
407,C323438206,0
378,C394253431,0
471,C396551616,0
357,C1486880996,0
715,C1663993817,1
379,C347564005,0
404,C970970251,0
403,C526054406,0
377,C1743503137,0
384,C1661174988,0
644,C1777556878,0
386,C1286606921,1
369,C546468830,0
383,C23250894,0
401,C1778824934,0
681,C1743526859,0
373,C1769687741,0
379,C572822121,0
546,C112556267,0
474,C107566089,1
451,C670460113,0
396,C1569748607,0
374,C691203410,0
492,C1227072295,0
372,C1319185823,0
406,C1659163183,0
408,C809683747,1
379,C534649085,0
399,C1865756350,0
595,C478053743,0
396,C1667326443,0
588,C1460021098,0
546,C2007410300,0
394,C1300911503,0
402,C422024507,0
540,C1060082684,0
495,C749063724,0
595,C575522258,0
406,C1830724827,0
690,C818983201,1
404,C1121227505,0
398,C1408152121,0
380,C574433211,0
402,C714418485,0
587,C854065670,0
426,C516439722,0
396,C973796546,0
493,C1888523673,0
374,C678262294,0
398,C307446034,0
372,C1737022772,0
357,C830157856,1
700,C1407322771,1
397,C320800419,0
405,C1211085689,0
394,C1118951968,0
370,C1179755766,0
373,C1839234571,0
376,C1569289831,0
382,C1399445126,0
403,C108388259,0
395,C891837803,0
402,C2060313265,0
372,C722683345,0
356,C1554292058,0
597,C391150291,0
681,C2015664868,0
396,C2019266868,0
550,C1104695154,0
595,C1609435992,0
495,C1050037134,0
376,C40051644,0
394,C757464057,0
398,C98816727,0
400,C64375360,0
356,C285641740,0
372,C937272627,0
573,C1105713450,0
404,C1725085569,0
614,C1142703765,0
381,C542628702,0
403,C2020835530,0
401,C1692127985,0
623,C489879149,1
399,C1533167359,0
397,C2016846471,0
520,C1845073935,0
408,C1100976285,0
400,C646364115,0
379,C933712413,0
394,C328539444,0
401,C1906540434,0
580,C561189362,1
357,C117800787,0
397,C1114781231,0
379,C671581605,0
667,C2110314322,0
394,C1075634376,0
371,C1367710000,0
590,C212398231,0
522,C1990351986,0
372,C1074820987,0
378,C204510310,0
360,C255374387,0
687,C56077011,0
380,C375423790,0
377,C269544539,0
379,C687454260,0
418,C366045175,1
370,C1378574212,0
403,C952568828,0
398,C1426844206,0
401,C1997666801,0
399,C1981882143,0
396,C1427994093,0
378,C1015082789,0
369,C2101039817,0
400,C407041601,0
371,C51434566,0
400,C77146804,0
375,C846708427,0
371,C1876409282,0
382,C1391539897,0
404,C1744993856,0
399,C1443309159,0
587,C5305439,0
570,C961655297,0
416,C500832728,0
564,C2118400584,0
681,C202431498,0
402,C303198087,0
398,C739800747,0
524,C962711145,0
400,C92388061,0
394,C471977842,0
382,C1482019129,0
426,C1393780352,0
404,C1643392796,0
357,C1997960033,0
396,C1632352968,0
684,C331915670,0
373,C281150534,0
380,C462209437,0
396,C255761874,0
426,C256245084,0
401,C758424515,0
396,C322327370,0
402,C1444928952,0
370,C79124104,0
394,C22523119,0
476,C876195571,0
377,C2061155219,0
383,C1605507289,0
378,C432566129,0
637,C99327990,0
472,C957619820,1
377,C461920673,0
377,C118899404,0
403,C1411768396,0
400,C1094453536,0
370,C723270485,0
403,C747855107,0
684,C1847601220,0
379,C1140318705,0
426,C1048852500,0
405,C95481118,0
684,C1757853322,0
369,C636502735,0
656,C310277172,0
375,C1846377243,0
402,C1042076654,0
373,C1682148316,0
400,C416678273,0
380,C1186347770,0
374,C2055464448,0
404,C1937856887,0
692,C1389472511,0
395,C355097009,0
617,C115002821,0
400,C1642368060,0
545,C1417202251,0
403,C1503100923,0
373,C1413995619,0
373,C475202619,0
373,C1810433634,0
383,C2042460178,0
371,C225748198,0
407,C1169414084,0
398,C2008018210,0
646,C1474911553,1
514,C274109706,0
637,C20392775,0
401,C1723752035,0
406,C1939601461,0
356,C427416207,0
522,C182035657,0
398,C1395909161,0
403,C242619539,0
525,C572362610,0
380,C1810734715,0
374,C507133693,0
405,C597972390,0
396,C1685719968,0
395,C1736532660,0
401,C2035485856,0
379,C1977391120,0
474,C1186749182,0
397,C1275401830,0
372,C812658246,0
401,C231444703,0
492,C1643354124,0
359,C1473929414,0
376,C448223062,0
379,C1765404044,0
382,C732582601,0
371,C1517042840,0
403,C1141984847,0
399,C957844349,0
401,C1377192374,0
357,C659857393,0
381,C379289851,0
375,C1061796151,0
379,C766621877,0
646,C192639055,1
474,C2114761575,0
394,C921876214,0
546,C1794607407,0
356,C1785425352,0
407,C784167294,0
378,C545153113,0
408,C659502903,0
396,C2004717118,0
617,C42006673,0
642,C209334902,0
356,C1920366417,0
359,C2084881919,0
525,C1294630166,0
400,C776703826,0
403,C180676061,0
405,C1134071128,0
406,C1299055016,0
548,C1878851795,0
398,C937818009,0
597,C1015234903,0
420,C1319752261,0
373,C300047706,0
373,C537595525,0
552,C910930199,0
415,C1055929140,1
426,C19984541,0
374,C1453892736,0
687,C415316901,0
379,C731770159,0
358,C465864608,0
544,C1830421946,0
376,C1584664276,0
540,C997519013,0
380,C326739842,0
373,C1736077841,0
395,C585209571,0
401,C1379720508,0
360,C1908711535,0
396,C1494898278,0
379,C1943285141,0
545,C1262964995,0
399,C850881405,0
356,C2076439666,0
396,C844192801,0
399,C2101891141,0
356,C1876891255,0
399,C421796387,0
594,C1973812937,0
656,C817947790,1
372,C1243413577,0
380,C93144608,0
691,C250127603,0
375,C995474351,0
566,C1365618371,0
664,C1757575782,0
684,C650744945,0
522,C1556315332,0
378,C303668197,0
378,C514039134,0
400,C1944384216,0
397,C1264586742,0
399,C1716431370,0
514,C153944777,0
370,C758967848,0
370,C1795584688,0
375,C498234893,0
521,C1471407934,1
514,C177326031,0
466,C137539886,0
397,C1859440456,0
378,C1312311468,0
381,C1392943797,0
525,C57842793,0
371,C1186321372,1
405,C267504531,0
484,C389614238,1
715,C2062646064,0
357,C1612241616,0
405,C525412637,0
371,C1259567230,0
396,C1603994356,0
394,C1741075718,0
644,C2065003527,0
688,C1282169220,0
402,C1883246415,0
375,C2003697239,0
393,C1098150464,0
503,C1775758908,0
680,C863787360,1
380,C443414291,0
400,C1781937782,0
552,C380408443,0
398,C550121421,0
382,C150818999,0
570,C1511954426,0
383,C1441058361,0
402,C1898489272,0
395,C1739806917,0
379,C1424972982,0
398,C570550110,0
401,C1769163115,0
661,C1277587640,0
378,C1600345269,0
403,C836198713,0
379,C597077848,0
420,C995366214,0
375,C155743307,0
399,C1547243597,0
402,C1917932945,0
396,C1310818447,0
542,C1577858730,0
380,C12356835,0
661,C341573287,1
383,C520356904,0
596,C1530528261,0
495,C900480774,1
399,C823889140,0
686,C731198045,0
402,C823565906,0
522,C516591400,0
382,C1923368976,0
375,C1138118979,0
380,C1029234436,0
401,C626244653,0
356,C417194441,0
487,C1689112462,1
401,C1864750557,0
520,C760952753,0
376,C1720352034,0
357,C1918267923,1
371,C1048255702,0
524,C1937012052,1
393,C1603367831,0
358,C798142178,0
403,C1743190091,0
356,C539358835,0
395,C315222386,0
380,C1195408959,0
564,C31514809,0
380,C1420199795,0
375,C1343542964,0
377,C674323416,0
687,C431265691,0
396,C1068848391,0
396,C1155641565,0
378,C1480599722,0
564,C432264411,1
376,C1824154592,0
503,C1817166268,0
394,C1060069372,0
370,C967197255,0
374,C183240830,0
372,C2035391675,0
687,C1085542540,0
402,C187104752,0
557,C1958670415,1
596,C912572699,0
374,C777275955,0
681,C246196968,0
644,C846500946,0
372,C249228161,0
587,C1861757159,0
373,C509165710,0
356,C778980400,0
381,C131228789,0
374,C455045191,0
400,C1764388706,0
378,C333442067,0
381,C1942484603,0
527,C1600841041,0
398,C45284405,0
692,C1314117340,0
550,C1160707422,0
551,C1967596177,0
403,C9777527,0
410,C1976927795,1
402,C1490971232,0
370,C877614645,1
373,C1228207916,0
404,C1113576931,0
596,C339816059,0
518,C1626863212,0
401,C874457673,0
409,C1428146086,0
375,C1336344077,0
375,C1574855152,0
372,C1709368692,0
356,C577903215,0
514,C706891174,0
373,C1549942975,0
404,C1754695542,0
370,C595015023,0
357,C190250248,0
373,C1975704927,0
644,C302591500,0
379,C1278240644,0
687,C1767169980,0
415,C1853390476,1
373,C659952328,0
547,C1385596640,0
379,C1311694233,0
358,C1089726305,0
687,C1554190444,0
378,C316717802,0
380,C1970773345,0
522,C170834774,0
378,C1333883232,0
403,C992827929,0
382,C1476356874,0
546,C29499288,0
403,C614432419,0
407,C1908614740,0
403,C2012240132,0
405,C743971735,0
451,C43253572,0
416,C1172114344,0
357,C1763754996,0
399,C560122815,0
374,C936150005,0
691,C215759300,0
380,C243446082,0
538,C1231581070,0
401,C2097353346,0
705,C2008420293,0
525,C59130632,0
399,C2035769486,0
394,C393029738,0
398,C14164966,0
592,C902859339,1
596,C15794317,0
368,C1991181153,1
373,C882251158,0
369,C283494881,0
659,C573139326,0
372,C1718397957,0
617,C1287795984,0
403,C665682017,0
407,C498992011,0
585,C937044123,0
405,C38207040,0
546,C1426999656,0
372,C1287173804,0
403,C1955806497,0
402,C1223324715,0
371,C273680102,0
567,C352754336,0
370,C820522864,0
492,C1488810510,0
371,C850932562,0
397,C1459718735,0
375,C1497260111,0
375,C994761805,0
399,C84117876,0
394,C486446778,0
589,C1954976823,0
378,C82868815,0
569,C671416529,0
398,C1383502759,0
399,C367518403,0
397,C1347625198,0
451,C1379417891,0
362,C2059535727,1
394,C53010362,0
406,C314938179,0
378,C752942744,0
401,C317583093,0
395,C1104628150,0
400,C1780582975,0
397,C661818337,0
405,C715383844,0
590,C513044941,0
405,C809369835,0
483,C149249593,1
469,C643905340,0
396,C1650354512,0
380,C377310069,0
375,C1579194950,0
371,C376447230,0
395,C723307967,0
400,C1613894354,0
404,C2105506241,0
588,C1149131910,0
380,C1300274377,0
692,C259091933,0
359,C206828968,0
378,C734175472,0
478,C1031188186,0
394,C659549100,0
487,C467131548,1
399,C2095175371,0
690,C1748956509,0
369,C1360042697,0
428,C1819538802,0
597,C823554074,0
394,C928888831,0
375,C895816013,1
378,C414459969,0
402,C1575342242,0
402,C601305890,0
404,C1065486913,0
401,C1036485950,0
414,C1469626651,1
397,C1217298779,0
402,C2062496580,0
399,C987220999,0
524,C703494277,0
356,C1004114082,0
691,C329842232,0
372,C1241470976,0
378,C485127448,0
640,C1914145815,0
490,C1398302760,0
401,C785243412,0
359,C145266043,0
356,C306810800,0
564,C1272686374,0
544,C106169030,0
404,C963386400,0
373,C801027818,0
403,C338499776,0
405,C693423360,0
373,C1391970673,0
375,C1274063087,0
406,C1353470948,0
377,C1606561343,0
444,C1841711424,1
409,C1473281051,0
398,C501893069,0
500,C2058454528,0
452,C1840156962,0
403,C1580343446,0
358,C1355035923,0
397,C1780907173,0
404,C997079332,0
394,C768458413,0
403,C234068208,0
394,C856497582,0
394,C62539247,0
379,C1640809282,0
382,C1345448203,0
596,C427264865,0
356,C1824603545,0
690,C638080261,0
399,C15371641,0
406,C1686821060,0
378,C1661807822,0
402,C1023002662,0
376,C254051524,0
394,C1904950567,0
426,C686423239,0
702,C523152614,1
372,C544564723,0
402,C1676025614,0
692,C1098576161,0
405,C825531993,0
375,C1882439055,0
397,C1759219793,0
379,C688074140,0
401,C1891080718,0
393,C1895639250,0
642,C1897925974,0
492,C1160817179,0
404,C384131459,0
404,C626018209,0
564,C1285350272,0
399,C1798425653,0
376,C1619154889,0
371,C1294432334,0
373,C166349970,0
403,C1342090706,0
381,C502949187,0
427,C711131179,1
378,C1373615380,0
401,C690835925,0
404,C1501395060,0
373,C1224219529,0
426,C994882842,0
402,C896105727,0
690,C1020332168,0
403,C223373556,0
404,C2111210615,0
356,C868546440,0
405,C1552050176,0
371,C327194386,0
397,C1733140325,0
546,C676527464,0
396,C876007751,0
403,C2029780385,0
400,C737915327,0
393,C737550356,0
570,C1325691477,0
522,C524313205,0
377,C937193508,0
377,C1291131207,0
373,C1419326407,0
394,C1174069089,0
393,C1376778812,0
356,C958300544,0
420,C1233825406,0
372,C1467745914,0
356,C1449449878,0
395,C383618217,0
378,C891216636,0
457,C828404341,1
370,C999307972,0
397,C1708446852,0
376,C371722126,0
371,C494143983,0
703,C1503196403,1
398,C259523057,0
476,C872922844,0
374,C899413592,0
403,C1374426574,0
514,C682745559,0
552,C1540771046,0
595,C522214669,0
396,C1751098536,0
589,C1655352879,0
400,C1993305207,0
589,C2079534183,0
379,C963081296,0
371,C1528649982,0
401,C1641701729,0
686,C925957767,0
649,C347416384,1
373,C535572213,0
394,C167577018,0
545,C2120439232,0
381,C1045312534,0
369,C1036163638,0
406,C1282522798,0
546,C232925636,0
524,C1818399454,0
542,C2006763369,0
395,C771340482,0
514,C1833956137,0
375,C577733315,0
375,C1885533609,0
476,C462806797,0
400,C1455108562,0
402,C1528872945,0
375,C328866724,0
371,C1049577735,0
695,C969727960,0
398,C1542100642,0
474,C1499327018,0
403,C1484789472,0
714,C1557160588,0
376,C1247273982,0
380,C1974722596,0
374,C1979845503,0
397,C2096763724,0
357,C620114904,0
517,C482849190,1
399,C665986006,0
373,C1210631304,0
380,C894583507,0
520,C1790151133,0
404,C1651334303,0
525,C2066027185,0
378,C653555594,0
564,C171196098,0
380,C778994328,0
394,C831189306,0
570,C1625002053,0
399,C1480423282,0
373,C1250322477,0
595,C925066146,0
403,C1136086196,0
709,C90228184,1
379,C1985035462,0
403,C1150452759,0
401,C591771131,0
370,C178905449,0
476,C112392131,0
382,C463845813,0
370,C973502449,0
397,C1468799010,0
378,C181007281,0
370,C1549779649,0
544,C280837244,0
476,C1078457977,0
492,C656625261,0
548,C1775328899,0
372,C1636557258,0
381,C1904059430,0
672,C1526831204,1
475,C743231238,1
403,C1376116561,0
394,C826660541,0
401,C1780331170,0
618,C1253152318,1
381,C161909320,0
692,C1389964808,0
381,C1438287055,0
525,C600916792,0
402,C1945198882,0
686,C2050506716,0
394,C448634537,0
375,C1898022533,0
522,C178281566,0
469,C1858991643,0
380,C267385460,0
372,C538552769,0
403,C489512703,0
683,C918302183,0
380,C790962752,0
688,C1613068233,0
373,C902016639,0
406,C1700594580,0
526,C61720644,0
399,C721871753,0
403,C313208754,0
542,C1970841956,0
731,C1950153528,1
399,C670199021,0
513,C1898980323,1
373,C17191595,0
688,C628632772,0
376,C1421549004,0
377,C308232398,0
404,C636504756,0
399,C1405784080,0
399,C1513291182,0
383,C501668436,0
395,C1889051079,0
374,C1510174947,0
376,C1800895717,0
400,C557831075,0
589,C1374880217,0
442,C1139962604,0
369,C1833690734,0
375,C1523788919,0
379,C1660440542,0
382,C657402646,0
735,C1148037845,1
667,C465174444,0
399,C1535077961,0
375,C176637879,0
357,C647337329,0
379,C1393579802,0
356,C1921204255,0
596,C47434493,0
377,C1020149026,0
546,C131879061,0
469,C30007713,0
371,C61453211,0
686,C33679390,0
692,C685854011,0
659,C1504687870,0
404,C534581826,0
380,C982972451,0
380,C2069740356,0
379,C1883891471,0
382,C1825477933,0
661,C919454682,0
681,C219247928,0
386,C138811723,0
396,C1435622474,0
394,C1885865889,0
526,C1152987421,0
401,C1997760704,0
522,C898582416,0
373,C1448173619,0
400,C1609939045,0
372,C842540926,0
356,C1054018629,0
589,C1202964252,0
358,C1520000530,0
382,C1500988690,0
379,C784176398,0
399,C1590521063,0
381,C358479489,0
406,C1713258281,0
374,C1052224405,0
382,C927181463,0
375,C647088876,0
378,C2069503448,0
405,C241889755,0
356,C184097752,0
383,C1200509561,0
644,C1055635553,0
397,C1271445150,0
405,C1396305228,0
692,C669681656,0
378,C1997671476,0
371,C969240737,0
548,C414959336,0
587,C1075806515,0
371,C1272227195,0
384,C1519561637,0
405,C993756352,0
376,C1390590621,0
400,C1461542220,0
376,C933064896,0
401,C169399893,0
398,C608617669,0
431,C35271551,0
687,C1066083735,0
359,C926624641,0
394,C1946936955,0
380,C1242993918,0
374,C1278094472,0
404,C1374673173,0
419,C1780181346,0
525,C1145535256,0
370,C1521130048,0
709,C16792050,0
402,C53163782,0
661,C319600715,0
540,C402180046,0
399,C1965302001,0
617,C1070504021,0
573,C880679730,0
599,C1192782089,0
398,C939447889,0
398,C2058678749,0
370,C1463218209,0
396,C201740332,0
378,C888139706,0
404,C657491126,0
398,C922315325,0
374,C755409608,0
370,C860141211,0
580,C261904702,1
378,C1540635096,0
382,C1006149418,0
380,C755485013,0
394,C242324583,0
404,C1640692983,0
687,C399412707,0
395,C1103127634,0
384,C401755316,0
692,C1719254573,0
396,C1769138826,0
524,C1939801744,0
376,C1248953742,0
356,C1435524724,0
397,C617092158,0
380,C255481052,0
408,C1394839850,0
376,C445716724,0
403,C1964925449,0
380,C1136178750,0
594,C1806713316,0
403,C196092759,0
404,C1902022778,0
637,C1102322823,0
399,C372947863,0
382,C926689787,0
373,C1583350727,0
584,C1008727545,0
589,C1135889648,0
619,C417289533,0
382,C1259939096,0
400,C781942167,0
360,C1686873356,0
379,C338419656,0
370,C631753652,0
371,C335579484,0
372,C1335543954,0
493,C671500615,0
402,C272268277,0
400,C1442881427,0
397,C773379273,0
371,C1810174464,0
686,C1056684469,0
659,C1232967383,0
405,C219029988,0
376,C679005849,0
397,C355075554,0
458,C1049307957,0
683,C1026741074,0
688,C847357341,0
429,C338139800,0
398,C1182654319,0
399,C1945646799,0
404,C1710991552,0
690,C393241360,0
371,C978141826,0
403,C775685318,0
370,C1054128617,0
373,C1815888238,0
399,C1228600029,0
490,C1132242168,0
378,C1553589523,0
384,C1683396127,0
375,C1199160870,0
715,C316134890,0
550,C198033049,1
372,C1052436312,0
374,C644172514,0
476,C1219392740,0
374,C1110370326,0
614,C1891534889,0
358,C1024427567,1
401,C1632221080,0
381,C1090840593,0
375,C461939129,0
403,C728222241,0
401,C968363584,0
395,C1151975105,0
524,C1612735338,0
405,C554384967,0
373,C1449244074,0
400,C897818481,0
395,C1811302281,0
400,C320606148,0
394,C572152559,0
395,C235066168,0
356,C1082798966,0
396,C1310040785,0
399,C1641584622,0
387,C587748822,1
525,C1522735461,0
381,C92617417,0
402,C49653121,0
514,C1626430717,0
397,C1947740972,0
687,C1616110227,0
378,C1850461887,0
393,C1955142295,0
393,C625988369,0
586,C617210181,0
569,C449491720,0
398,C1299392097,0
401,C799243047,0
396,C95225031,0
604,C2144116571,1
403,C196640553,0
373,C1487438796,0
594,C842990412,0
406,C1961818179,0
403,C1269732048,0
357,C385056993,0
376,C638053213,0
432,C412631050,1
408,C1597560419,0
692,C528343888,1
393,C338788385,0
381,C580647087,0
397,C1043594470,0
377,C740531710,0
356,C1646804632,0
404,C1533355463,0
370,C1165130690,0
400,C1830554141,1
371,C112277383,0
373,C941259313,0
500,C2073334494,0
735,C1450763584,1
379,C1704479504,0
371,C1319702073,0
403,C1258523562,0
396,C836185409,0
548,C366984915,0
399,C410010379,0
397,C605110984,0
356,C201099658,0
357,C2049463907,0
402,C1537167027,0
371,C1637464810,0
402,C911479368,0
375,C1440055170,0
407,C452400964,0
402,C2020601420,0
403,C1275443851,0
500,C324936642,0
690,C288090587,0
359,C1667147575,0
610,C1275264326,0
370,C251896389,0
386,C1515364803,0
370,C394456600,0
448,C514677433,0
402,C178927398,0
372,C2040521458,0
544,C95826962,0
545,C708292813,0
690,C1551733385,0
684,C523894688,0
379,C1199411425,0
399,C1406037261,0
619,C314382783,0
358,C1115023714,0
399,C751967761,0
384,C1692284539,0
469,C1096442254,0
378,C1719724473,0
596,C885039202,0
398,C439680498,0
492,C1665795016,0
380,C278208541,0
373,C1931571396,0
495,C1069559758,1
394,C448197613,0
522,C125199843,0
399,C1454478504,0
396,C575502021,0
378,C1837753145,0
686,C747052795,0
690,C2054609729,0
357,C703874662,0
471,C583221818,0
565,C1323855195,0
369,C1793703274,0
374,C279701750,0
687,C785730062,0
380,C1753057732,0
371,C152103473,0
375,C811709618,0
370,C1728143488,0
356,C328405725,0
404,C1637965909,0
402,C923007633,0
375,C326793715,0
519,C1383213814,1
377,C768780601,0
399,C1893227695,0
514,C1390225445,0
399,C291934028,0
369,C337655490,0
405,C2001860676,0
379,C1397169916,0
522,C369745204,0
377,C1240669976,0
400,C1227383615,0
442,C1298013069,0
405,C539021763,0
372,C1316190153,0
371,C515368969,0
527,C1869951845,0
378,C1085284802,0
380,C1846572545,0
420,C1086491191,0
394,C1699760382,0
378,C2068439581,0
398,C65646711,0
476,C2038369039,0
610,C1718262784,0
397,C1157946312,0
372,C1515179383,0
404,C1517576872,0
375,C966180392,0
419,C393374945,1
401,C914326209,0
403,C452123050,0
371,C1453364930,0
379,C1140794553,0
497,C1243051391,1
403,C1645767646,0
373,C1501906931,0
397,C1570419948,0
530,C1551191463,0
372,C1170856490,0
393,C1827132965,0
380,C722639909,1
596,C493229059,0
408,C1301984670,0
409,C431564092,0
374,C1206060727,0
525,C1191719630,0
372,C698112883,0
522,C1737910605,0
370,C702080213,0
380,C1101660325,0
374,C568558466,0
681,C58453673,0
476,C1167983449,0
423,C1772494561,0
490,C1035376007,0
717,C1967668092,0
514,C1043850662,0
397,C1470095324,0
371,C560371788,0
406,C1624302538,0
405,C2050872344,0
514,C1429844877,0
544,C788037155,0
521,C843090294,1
397,C537972517,0
371,C2139472929,0
371,C1170000573,0
407,C12287154,0
595,C863190332,0
400,C1465721691,0
684,C1497396600,0
449,C395830208,0
370,C1604071564,0
395,C1534258932,0
714,C867514986,0
692,C1515743743,0
404,C848891347,0
393,C1123012202,0
403,C764604920,0
397,C1493349645,0
398,C1828597315,0
395,C1569082581,0
371,C1669164603,0
379,C1185121849,0
400,C503589678,0
370,C2062439321,0
395,C1300405364,0
357,C1703381911,0
403,C1648091455,1
710,C1228248356,0
687,C1287552106,0
380,C1043480678,0
395,C1287114783,0
379,C1683577591,0
444,C468251407,1
492,C1152246350,0
370,C1855472672,0
520,C1290531392,0
369,C388760536,0
398,C1057461427,0
380,C156675489,0
382,C1201520177,0
356,C1618856573,0
379,C1374361418,0
385,C1216831600,0
401,C1522849204,0
522,C1421343899,0
375,C1779850595,0
399,C525745874,0
356,C1118630713,0
378,C923263322,0
420,C2111483895,0
705,C1014343186,0
371,C2135277299,0
403,C368429663,0
380,C749279677,0
500,C2061300801,0
599,C1883915827,0
492,C738609409,1
401,C2141181814,0
379,C1656201642,0
374,C1905033226,0
371,C1537289374,0
527,C1019129907,0
490,C805265702,0
595,C944009179,0
370,C1709034399,0
404,C1033754978,0
397,C29690875,0
664,C1722169897,0
572,C1350659055,1
405,C2083974653,0
379,C13663592,0
356,C1707818115,0
381,C1796011477,0
357,C1042114558,0
373,C2015480819,0
380,C261671523,0
379,C728309219,0
542,C1736457227,0
356,C398086318,0
589,C155170157,0
402,C1155656393,0
379,C298680062,0
400,C1608161513,0
402,C347979536,0
565,C335578187,0
398,C1276466367,0
681,C1311173342,0
383,C1039114780,0
402,C1038828154,0
375,C605955934,0
402,C217673116,0
380,C391896902,0
379,C1510033208,0
383,C1497139417,1
397,C1770988797,0
403,C51720229,0
492,C981690229,0
545,C1901710605,0
438,C114220496,1
405,C1231091853,0
397,C286702587,0
550,C834706268,0
372,C1407580860,0
378,C1260674049,0
360,C1740790949,0
400,C1621674834,0
656,C130003954,0
500,C1243859265,0
471,C925585812,0
374,C76772437,0
596,C199410837,0
400,C1163977657,0
476,C1542886757,0
381,C513737189,0
381,C1658798266,0
407,C1612977257,0
469,C985297504,0
370,C1653287028,0
374,C1032355037,0
402,C1412693474,0
393,C281621905,0
379,C774153406,0
500,C1433675930,0
400,C1255486901,0
407,C1678993322,0
404,C386832275,0
373,C1977091268,0
407,C942766677,0
404,C258269669,0
399,C739707011,0
493,C792376587,0
393,C465728971,0
402,C374005384,0
370,C1433946751,0
380,C963680758,0
492,C1101862354,0
681,C2142945073,0
372,C1957449426,0
379,C54749465,0
686,C701190452,0
469,C1830049306,0
380,C1910963012,0
503,C557964793,0
398,C1577112966,0
404,C1486386468,0
448,C804676345,0
544,C393659306,0
637,C495378320,0
439,C1800788841,0
370,C552318473,0
451,C1433890460,0
377,C970125621,0
372,C2110449754,0
403,C952575780,0
492,C375583627,0
376,C1609240611,0
382,C1182231852,0
374,C1528395455,0
399,C1161198982,0
522,C334075356,0
397,C1360648454,0
395,C1526228093,0
527,C1983565801,0
586,C995960618,0
371,C716259116,0
401,C1865370672,0
378,C446609777,0
404,C309855227,0
688,C2095080553,0
525,C270226264,0
656,C19419235,0
380,C255782892,0
705,C1147570222,0
522,C1786146992,0
691,C1719421204,0
522,C162218145,0
369,C862833680,0
379,C2072987449,0
359,C1670896556,0
469,C806845917,0
544,C1134036401,0
398,C1101378336,0
393,C111392424,0
423,C218246238,0
396,C2092161358,0
403,C1363233001,0
375,C921563716,0
398,C1817004100,0
401,C365752864,0
419,C1308612417,0
356,C1949700071,0
372,C1697201391,0
564,C1269380605,0
565,C149292692,0
538,C1371383725,0
375,C1634629549,0
399,C1223951451,0
403,C913666618,0
431,C1197723159,0
404,C963778062,0
380,C1544679705,0
356,C1136632394,0
587,C343255208,0
395,C437165766,0
399,C206458422,0
395,C671352545,0
426,C718131777,0
565,C45849369,1
380,C759224531,0
402,C644811533,0
402,C567470100,0
402,C121130589,0
401,C760704657,0
378,C482507818,0
542,C352140805,0
399,C2106584513,0
400,C932261342,0
522,C823473685,0
688,C1898853366,0
715,C960764069,0
404,C2985131,0
686,C694337168,0
373,C12915348,0
379,C164561562,0
376,C221238473,0
377,C1098373444,0
528,C1609348427,0
469,C1726694477,0
371,C1533988509,0
374,C1385686233,0
378,C2013626935,0
402,C12978441,0
356,C1622920533,0
395,C1262711701,0
401,C1769599307,0
370,C1432528840,0
359,C1521229947,0
400,C984229812,0
399,C1149529810,0
399,C290526037,0
376,C2083793267,0
404,C1900349210,0
359,C424968147,0
400,C1006358179,0
397,C248474359,0
500,C1702322101,0
400,C1450158707,0
550,C1305468625,0
548,C1164383965,0
402,C1443051276,0
372,C1933467063,0
429,C1296139954,0
356,C525292346,0
551,C1441570263,1
490,C1461210154,0
401,C854159604,0
356,C1382512254,0
428,C1770070097,0
396,C278601631,0
690,C1627298842,0
381,C1317087413,0
612,C2019422029,0
403,C1506959087,0
378,C1232339150,0
395,C2023828847,0
396,C1500881412,0
379,C1073228900,0
395,C839578120,0
587,C116214674,0
370,C1305914021,0
396,C1771601173,0
378,C1869388671,0
397,C67732659,0
378,C2012827598,0
359,C1067070936,0
469,C546604279,0
437,C823071811,1
518,C115874865,0
686,C1619945850,0
378,C68709283,0
378,C76753713,0
362,C465168929,0
379,C1569973559,0
399,C1927325756,0
396,C356509624,0
401,C84368630,0
374,C42789970,0
382,C1072362593,0
371,C844313495,0
357,C600990531,0
396,C712029925,0
522,C1630231582,0
394,C123266209,0
371,C138436169,0
402,C410460633,0
402,C2090020336,0
527,C895757751,0
400,C244108244,0
400,C903135826,0
542,C355717032,0
471,C29155654,0
381,C62263714,0
397,C352955622,0
376,C713953771,0
570,C1881982754,0
374,C1210721279,0
384,C364525755,0
378,C1395519744,0
400,C803880946,0
402,C1505482328,0
404,C1406831039,0
420,C1354511981,0
403,C397891631,0
400,C1018478302,0
596,C1302091359,0
374,C1094549070,0
359,C225790125,0
377,C1589532991,0
399,C946505183,0
401,C1454300466,0
356,C216348828,0
552,C2136556787,1
375,C668629151,0
372,C689610776,0
371,C509098044,0
428,C1902786611,0
402,C1542699141,0
715,C763570667,0
379,C2050918585,0
656,C1834908821,0
525,C1722924048,0
528,C472682468,0
375,C200224185,0
405,C471873127,0
610,C1744704083,0
522,C775452301,0
393,C464557210,0
380,C1137747644,0
612,C270075466,0
401,C1581794347,0
373,C1939330507,0
373,C1675172875,0
374,C118368354,0
381,C1645950028,0
492,C544538690,0
380,C2080954013,0
403,C2053413090,0
375,C689720873,0
514,C1397357918,0
395,C403501295,0
398,C1270730957,0
356,C2119772825,0
375,C716848755,0
372,C1278059889,0
400,C1195965655,0
374,C468638454,0
408,C2114012991,0
398,C875940947,0
403,C622245965,0
380,C2011430844,0
356,C846495904,0
709,C1318962093,0
397,C2048896527,0
371,C2066365509,0
396,C929605896,0
403,C1209447725,0
374,C1378928335,0
383,C1643667331,0
369,C569311270,0
404,C1203001593,0
408,C19514366,0
400,C1321273727,1
373,C203283332,0
371,C820663396,0
407,C1399528652,0
358,C1101709927,0
356,C1784154332,0
401,C1738712187,0
379,C1497269262,0
371,C1394258822,0
396,C136644332,0
393,C1495482997,0
681,C666872773,0
404,C1445148061,0
360,C726208863,0
400,C1970725146,0
373,C2136386576,0
403,C269676291,0
402,C642664165,0
588,C542394077,0
379,C1661868261,0
592,C1308534743,0
370,C278926860,0
404,C1925925117,0
369,C1800602116,0
376,C2126356468,0
378,C1779623789,0
701,C841535427,1
637,C1616664270,0
403,C2030792642,0
393,C1717248571,0
371,C507425786,0
544,C1012137456,0
396,C1586597413,0
357,C204348865,0
565,C1708761124,0
394,C2056371908,0
396,C1921119744,0
399,C1661967837,0
402,C156928880,0
375,C370740916,0
377,C461455331,0
380,C266681156,0
393,C844249614,0
492,C360908025,0
356,C1057201732,0
645,C1859428383,1
586,C1252335050,0
380,C1370484780,0
394,C1146369213,0
356,C1592704937,0
681,C1584534398,0
359,C114489724,0
398,C2078978583,0
546,C1138154436,0
686,C1863893472,0
514,C1112528986,0
404,C283794371,0
403,C1318045364,0
358,C1832154088,0
404,C2090079873,0
407,C1465398274,0
376,C1907686148,0
397,C2101311555,0
396,C2028162979,0
404,C428657000,0
420,C977428696,0
466,C718569329,0
398,C1245871384,0
692,C1220249255,0
596,C524143634,0
381,C1990465797,0
714,C309374342,0
376,C292275559,0
522,C1930845372,0
402,C149946451,0
380,C1997786837,0
382,C1132901550,0
525,C1940759733,0
403,C232145526,0
382,C1863574742,0
356,C1893530412,0
401,C724497183,0
590,C202849091,0
369,C2062884065,0
393,C188636128,0
379,C199863623,0
715,C1160452545,0
395,C207722904,0
372,C1761412892,0
372,C1755498942,0
670,C817270649,0
546,C961083269,0
642,C773609076,0
510,C1729291850,1
458,C939763438,0
376,C1861349015,0
374,C90649439,0
384,C1760219599,0
397,C1847306075,0
376,C662077080,0
520,C1193119451,0
588,C377824226,0
563,C840518041,0
369,C578263167,0
382,C1499256767,0
380,C2122042638,0
400,C1770679007,0
396,C115674156,0
394,C1410990092,0
651,C887830623,1
401,C7983536,0
596,C124149602,0
382,C1562581533,0
442,C440513342,0
379,C764082480,0
394,C1579302604,0
402,C1360808610,0
520,C1803628275,0
564,C54676004,0
405,C747691325,0
687,C1626174644,0
380,C1613925614,0
370,C1102826958,0
458,C2006504115,0
422,C1620352089,0
373,C450898436,0
403,C57469474,0
394,C1352661831,0
402,C723540466,0
709,C682356990,1
361,C1797681519,0
540,C550934002,0
396,C489830050,0
403,C123088708,0
379,C1699088594,0
408,C367309419,0
586,C1900881653,0
369,C968641539,0
522,C411164785,0
375,C1594949741,0
419,C1883929423,0
383,C1609837048,0
397,C2012115183,0
372,C2037178774,0
469,C1101580136,0
666,C69590839,1
661,C1248050113,0
404,C1066802038,0
399,C1832371320,0
399,C1638308271,0
403,C1836855996,0
395,C49917246,1
550,C632175419,0
476,C2132652345,0
681,C1867642441,0
373,C302238755,0
373,C894660973,0
378,C2063822263,0
379,C1202150130,0
404,C378547475,0
596,C841038696,0
404,C1337761227,0
659,C1454578520,0
400,C47207857,0
359,C59738077,0
550,C775090812,0
370,C999825608,0
573,C1398903807,0
402,C959603405,0
371,C923574313,0
687,C1619729810,0
406,C1880870510,0
405,C1073245858,0
371,C920330451,0
377,C244188948,0
372,C500514115,0
399,C804224682,0
400,C50460965,0
380,C295898183,0
540,C1832936896,0
429,C179994465,0
396,C1007437128,0
396,C1902137403,0
374,C1809774473,0
376,C1254285827,0
489,C2071075791,1
376,C1149821994,0
474,C1997274816,0
372,C330468380,0
544,C1807803070,0
525,C1190569892,0
661,C437952756,0
595,C619620878,0
411,C338311472,1
398,C240422657,0
370,C1476756943,0
632,C1962729026,1
431,C1514494759,0
375,C2074860210,0
498,C1016892734,1
396,C1102003338,0
471,C1776247567,0
374,C1693943108,0
361,C2031937864,0
399,C1801969095,0
589,C1410591736,0
404,C538870984,0
401,C195477275,0
401,C504968923,0
378,C550066684,0
374,C370097501,0
377,C237008289,0
514,C348319072,0
370,C1369749477,0
394,C976838521,0
398,C764465862,0
563,C1968600337,0
383,C1444196398,0
380,C527147285,0
538,C1977031759,0
372,C2055247338,0
369,C817156849,0
374,C1400730978,0
398,C255556933,0
397,C538434059,0
528,C965946484,0
401,C278765955,0
399,C1618917018,0
374,C604993393,0
404,C115676344,0
404,C2061722134,0
379,C1454525526,0
356,C262622334,0
377,C813379086,0
372,C685704514,0
375,C83241292,0
378,C701520809,0
359,C1602514434,0
522,C1638965020,0
567,C450265868,0
378,C1929669230,0
573,C1260999704,0
400,C802549096,0
376,C997090482,0
356,C1958030652,0
664,C1683453448,0
383,C1992017541,0
394,C1248707619,0
404,C105971525,0
551,C1412737187,0
405,C1556363435,0
525,C780882811,0
405,C1280843189,0
596,C1972143920,0
548,C1957690987,0
394,C968512616,0
379,C801101324,0
551,C1916229021,0
374,C1701714582,0
500,C1699635697,0
401,C377283190,0
528,C1229752535,1
542,C1088100010,0
383,C544508648,0
565,C598363593,0
357,C1065229167,0
396,C632234079,0
404,C1686619340,0
692,C772389942,0
379,C1577396781,0
377,C1832203761,0
375,C1912473270,0
356,C111339273,0
393,C126924981,0
396,C525568819,0
380,C1014039698,0
446,C1938630563,1
382,C790139224,0
396,C330295885,0
379,C1984126818,0
599,C338754880,0
688,C1473567458,0
356,C1665485482,0
426,C1412144338,0
404,C1073770333,0
374,C1172144000,0
378,C1380104016,0
688,C224294772,0
398,C708639771,0
585,C1579216255,0
405,C548070243,0
382,C391607684,0
451,C1986656238,0
358,C2088014612,0
369,C666294377,0
545,C506765467,0
376,C1906678941,0
380,C285277153,0
572,C2072964053,1
382,C215517645,0
401,C1780742116,0
356,C828919302,0
402,C1406615010,0
403,C220836994,0
603,C72958099,1
397,C1651334281,0
377,C1072245327,0
396,C127537642,0
370,C1133354861,0
606,C1120752458,1
371,C2136910869,0
380,C1346772905,0
451,C978490518,0
520,C299206513,0
356,C800442523,0
369,C577472843,0
356,C356634261,0
401,C692698803,0
540,C385377537,0
596,C1044108438,0
584,C1703596926,0
394,C1524215382,0
429,C641821001,0
394,C695094509,0
547,C2008809284,0
380,C1964656113,0
687,C1166322993,0
357,C705816379,0
358,C144878247,0
356,C568364014,0
402,C300856046,0
403,C111891674,0
403,C163571230,0
404,C1220621712,0
687,C971310891,0
373,C1777214844,0
380,C1143386578,0
429,C931060532,0
379,C1690363298,0
400,C1011576758,0
404,C743606152,0
398,C1082125530,0
380,C1594847855,0
398,C378017572,0
379,C2100046062,0
402,C87764097,0
405,C313568960,0
356,C417089071,0
404,C808468797,0
398,C1554489613,0
684,C999595929,0
709,C1155363149,0
590,C876783008,0
381,C198175356,0
402,C257977333,0
692,C1480066663,0
357,C1887585119,0
399,C1067074938,0
376,C1075508087,0
382,C1838615117,0
694,C55173932,0
397,C1407731407,0
522,C1130969131,0
374,C1582578949,0
405,C1326441174,0
546,C99779787,0
357,C1442442815,0
408,C1774398525,0
378,C435696029,0
526,C2138732030,0
369,C556701924,0
419,C247165928,0
596,C1070546744,0
381,C741027597,0
612,C287336298,0
402,C1683898945,0
406,C1899141529,0
692,C943465929,0
476,C1874483016,0
381,C1403964826,0
403,C1374520823,0
376,C35692188,0
379,C974535194,1
398,C741710388,0
372,C168216833,0
393,C569806745,0
398,C1050375968,0
514,C2136322784,0
522,C242078407,0
369,C352984204,0
738,C1586103602,1
402,C48353251,0
402,C1273896501,0
397,C1937957017,0
516,C387226180,1
394,C1512649559,0
500,C240650502,0
599,C1593456372,0
375,C1007286082,0
372,C110048570,0
404,C1783844445,0
514,C197428973,0
395,C1653646330,0
371,C24053278,0
637,C169178472,0
525,C1912619201,0
540,C2082210683,0
393,C711611571,0
490,C1851815405,0
370,C1656845547,0
469,C128402495,0
588,C392210472,0
400,C1452909909,0
404,C1257474790,0
370,C1750178632,0
401,C100125684,0
395,C594122215,0
396,C2051443913,0
357,C1808555465,0
401,C181571468,0
400,C623319537,0
589,C1938060521,0
603,C1684585857,1
403,C1455267385,0
380,C85483914,0
357,C1430819551,0
408,C1145981489,0
383,C911775110,1
371,C1355631748,0
379,C1060793350,0
644,C659625792,0
429,C101318369,0
394,C793690807,0
408,C1740169554,0
405,C1339544347,0
375,C1774286870,0
375,C393980501,0
378,C2087575737,0
401,C1554273062,0
375,C561741221,0
644,C1232681650,0
396,C613064569,0
513,C1991632436,1
369,C411713252,0
380,C1577382155,0
707,C1765326739,0
409,C97242201,1
380,C2093037113,0
540,C1667504420,0
527,C809347222,0
373,C1473426556,0
710,C279750752,0
400,C1678300716,0
370,C1641751411,0
396,C1199677754,0
401,C1281419680,0
406,C976755292,0
406,C326581094,0
381,C1547308578,0
372,C940500745,0
400,C148053286,0
373,C2081193013,0
383,C1568853222,0
740,C1078953751,1
684,C1052124042,0
514,C693022766,0
380,C703011463,0
401,C1498779710,0
380,C1351041869,0
565,C1545493170,0
357,C1770968172,0
394,C879515500,0
405,C803559491,0
394,C292959656,0
540,C1323568100,0
374,C317726598,0
381,C672841771,0
550,C1864762072,0
400,C637713472,0
518,C176034669,0
380,C850689179,0
369,C1003971017,0
376,C1161974727,0
404,C711547506,1
402,C22843057,0
380,C2118924952,0
500,C242606170,0
370,C387789553,0
395,C808689485,0
688,C2116864435,0
574,C1068815801,0
490,C579903794,0
379,C943250996,0
372,C174936178,0
358,C1608191150,0
379,C1132187825,0
399,C1938699463,0
400,C306715993,0
407,C763017739,0
378,C1698510119,0
588,C1351406673,0
380,C723577843,0
589,C1015148393,0
500,C2121649214,0
371,C1702936998,0
380,C2076508530,0
375,C1004873394,0
525,C702718015,0
550,C1954810720,0
404,C1002274541,0
379,C842806323,0
382,C1602749008,0
494,C1267328802,1
403,C1948037405,0
393,C857138935,0
372,C1308798930,0
372,C743757774,0
429,C824394254,0
378,C1707209610,0
571,C568716115,0
383,C1757965091,0
684,C1028396443,0
401,C330344670,0
405,C1035104858,0
522,C1454118367,0
661,C1975224482,0
369,C1513572317,0
393,C389547129,0
688,C534133035,0
404,C534019240,0
422,C925110651,0
403,C10720954,0
379,C733414415,0
379,C356181419,0
514,C500734370,0
406,C371224710,0
378,C1765933774,0
356,C218995321,0
692,C1197014360,0
403,C1896074457,0
405,C2128543885,0
357,C34144638,0
374,C904436944,0
522,C1939317586,0
406,C1207447518,0
443,C699874957,1
382,C1001193109,0
405,C480862874,0
592,C2050469537,1
373,C1507139467,0
376,C290017648,0
564,C577087580,1
381,C1784293043,0
400,C1658941638,0
401,C710145516,0
356,C755252884,0
565,C140898989,0
401,C892218607,0
381,C2034862683,0
379,C1931716865,0
374,C1717640802,0
375,C608342135,0
590,C883365865,0
514,C257517809,0
399,C1783701259,0
378,C718805356,0
404,C1658843009,0
380,C699931164,0
380,C780036905,0
370,C48854495,0
380,C1030867716,0
429,C1700824570,0
544,C1930577299,0
522,C947673332,0
393,C1018257410,0
401,C1491848540,0
395,C963577044,0
404,C544929796,0
525,C432744492,0
396,C1274377486,0
396,C1980305447,0
399,C726754477,0
514,C328540178,0
370,C9935964,0
522,C612617251,0
379,C607959654,0
385,C274955922,1
705,C978971050,0
396,C1953476250,0
688,C1681693701,0
373,C518153607,0
403,C2095824470,0
394,C139235856,0
375,C822514949,0
395,C2128706251,0
402,C1233043608,0
395,C1622519192,0
574,C1032251974,0
399,C1221349086,0
396,C1063542427,0
393,C182505597,0
471,C403423635,0
378,C817767148,0
527,C1399341304,1
451,C1225095582,0
370,C561447714,0
377,C23232287,0
394,C807856627,0
400,C1894876367,0
375,C143215187,0
380,C256822106,0
400,C975114499,0
378,C1849174937,0
373,C1172394338,0
397,C166406734,0
370,C1568512922,0
382,C566602106,0
546,C2010304566,0
686,C1911212162,0
687,C1637353018,0
375,C1312607407,0
395,C914990000,0
372,C1410219019,0
375,C1609451308,0
395,C336506632,0
404,C962520461,0
356,C488510093,0
403,C269854559,0
573,C1159840560,0
587,C394058430,0
372,C834810585,0
373,C1047344972,0
684,C1624948095,0
380,C294742110,0
412,C297158532,1
571,C321148049,0
592,C890644982,0
407,C1439310124,0
373,C1007811615,0
398,C2000609258,0
565,C2131884073,0
362,C692859409,0
407,C2325409,0
540,C1715761593,0
403,C363626943,0
579,C1458012832,1
400,C833985059,0
595,C1960887990,0
496,C1310406402,0
369,C53932340,1
564,C337770432,0
358,C1034202760,0
574,C1325292534,0
495,C205492842,0
377,C2050559793,0
373,C828531127,0
374,C754187864,0
372,C2125971596,0
372,C2081545460,0
546,C849918974,0
398,C1892460469,0
565,C583383964,0
691,C37321755,0
393,C615629077,0
373,C167884394,0
376,C554788311,0
369,C190918812,0
398,C747280249,0
403,C181332892,0
397,C1792446717,0
545,C887920844,0
377,C876306803,0
379,C1981247322,0
518,C1346006792,0
399,C843983420,0
402,C1236830531,0
407,C247840415,0
397,C301038112,0
692,C142485128,0
395,C408356186,0
356,C1023057813,0
372,C1156426252,0
408,C1293868677,0
378,C675919785,0
376,C726530769,0
396,C107136921,0
377,C1696742032,0
404,C577745891,0
402,C1526269206,0
356,C127918806,0
400,C770356043,0
394,C1313017056,0
404,C1193528329,0
402,C627509912,0
594,C1993523285,0
