step,type,amount,nameOrig,oldBalanceOrig,nameDest,oldBalanceDest
573,CASH_OUT,66482.36,C1680449043,0.0,C1283271527,1297709.83
374,CASH_OUT,176418.16,C918210718,50196.0,C320842897,4892863.84
589,PAYMENT,3080.03,C1573584228,200079.0,M823845890,0.0
404,PAYMENT,7486.62,C1273316324,23281.0,M815759566,0.0
681,CASH_IN,219992.94,C1674244737,1232379.03,C1962724972,1866593.68
522,CASH_IN,3998.27,C1403283482,1428291.62,C1894465773,79671.69
375,CASH_IN,166217.51,C256946242,726565.42,C133784297,637374.86
380,PAYMENT,12491.09,C1319872508,59781.0,M183722121,0.0
495,PAYMENT,9918.83,C1458635296,0.0,M2044644916,0.0
373,CASH_OUT,383821.16,C1687054353,160.0,C1848383364,34301.17
505,CASH_IN,86477.0,C1099460180,6054329.38,C995190891,3955007.06
692,PAYMENT,16904.09,C1982255857,0.0,M1917169537,0.0
596,CASH_IN,318141.35,C1382195285,2744715.3,C1649452467,922756.34
474,CASH_IN,195173.92,C1702192065,2418490.9,C876525099,956584.04
490,TRANSFER,765444.06,C479542493,0.0,C517745424,4698240.72
379,CASH_IN,7847.66,C507019695,6953579.46,C821513473,19430.91
376,CASH_OUT,259301.36,C152112971,21126.0,C686529377,13208328.76
717,TRANSFER,751854.42,C438492576,751854.42,C1547774337,0.0
404,PAYMENT,4256.43,C1786593813,0.0,M92831900,0.0
371,CASH_IN,14208.3,C1450210166,20387.0,C147580090,27733694.1
425,CASH_OUT,19421.77,C356706674,19421.77,C1498886294,663000.64
379,PAYMENT,1083.43,C1862446412,35301.69,M661791707,0.0
405,CASH_OUT,17801.12,C1083863804,1775.0,C127568302,0.0
374,CASH_IN,67516.84,C1500755276,176188.08,C536332068,769433.07
370,CASH_OUT,398806.68,C1595951292,497786.0,C815390761,878751.01
720,TRANSFER,57040.65,C1257271049,57040.65,C1648581117,0.0
372,CASH_OUT,50892.06,C317993619,242599.0,C401788543,1663035.57
408,CASH_OUT,67128.26,C358465241,91862.36,C1567947232,1105308.91
690,PAYMENT,3295.67,C516235328,176587.0,M159933145,0.0
567,PAYMENT,7828.24,C1084470314,76522.0,M2117939280,0.0
402,CASH_IN,358200.94,C11265734,11442.0,C979946358,3538754.1
378,PAYMENT,12127.84,C1496921458,22258.78,M1922185493,0.0
659,CASH_IN,136205.05,C196729352,901807.8,C1210304881,407010.61
396,PAYMENT,1937.57,C1198884341,0.0,M210249088,0.0
356,PAYMENT,24267.58,C1163023838,0.0,M109591520,0.0
547,CASH_OUT,197095.79,C1151638853,96131.0,C468695014,0.0
375,CASH_OUT,211545.86,C1625472721,0.0,C1816115790,1921402.19
403,PAYMENT,3984.66,C1864625738,1241.0,M1983403177,0.0
400,CASH_OUT,217552.45,C1239122591,12455.0,C1625825736,3073994.41
396,TRANSFER,1263113.71,C847542896,50471.0,C1635703877,0.0
408,PAYMENT,4448.07,C1582366390,105113.0,M1814629768,0.0
439,CASH_IN,429241.33,C764627309,9361738.54,C107018015,2312939.82
613,CASH_OUT,163193.02,C181181612,659613.5,C83748584,373805.02
379,TRANSFER,1129616.9,C1787283841,43985.0,C778486758,190782.39
375,PAYMENT,26365.48,C770872408,48889.67,M1695472848,0.0
661,PAYMENT,40439.18,C1831329953,0.0,M1713658432,0.0
375,TRANSFER,251583.96,C1444067772,0.0,C1910451215,2327809.44
375,TRANSFER,406868.01,C393230409,11328.0,C1915657452,0.0
394,CASH_OUT,222885.05,C657607395,20797.0,C569721716,0.0
405,PAYMENT,5844.43,C46853792,7037.0,M1895317515,0.0
573,PAYMENT,81.62,C1511398320,192.0,M1379473245,0.0
400,CASH_IN,97221.39,C2145348975,2290027.59,C1739759798,561141.28
402,PAYMENT,3509.46,C1672465901,123438.3,M404043257,0.0
358,TRANSFER,1227815.57,C947783015,0.0,C27458766,25968725.16
383,CASH_OUT,147647.16,C2096649238,0.0,C916118109,1666669.98
379,CASH_OUT,5774.65,C2136677878,51500.0,C1940292010,670774.4
426,PAYMENT,4529.81,C1546265789,181500.17,M1095040904,0.0
481,TRANSFER,20296.68,C1415686677,20296.68,C384177810,0.0
395,CASH_OUT,185098.85,C742976750,152.0,C522080879,1072191.84
374,CASH_OUT,101260.39,C971716211,131474.0,C2059459972,105204.03
656,CASH_IN,40890.95,C1279805700,9699559.91,C408647700,495165.45
619,CASH_OUT,22228.25,C709003869,0.0,C1359953204,715672.02
525,PAYMENT,6983.49,C1614159133,0.0,M1372207205,0.0
372,PAYMENT,22919.5,C1400138002,75817.51,M146797095,0.0
563,CASH_IN,86295.17,C1418100482,6395032.03,C2110957342,750530.33
357,PAYMENT,8625.9,C1515811545,0.0,M2095101082,0.0
378,CASH_IN,34589.77,C69126459,16400.0,C950443142,335356.69
358,CASH_OUT,1438737.78,C498447652,1438737.78,C17820769,7014552.73
400,CASH_OUT,397177.2,C2022065013,1.0,C1410930264,829815.73
375,TRANSFER,302031.17,C900339809,0.0,C239327601,625638.79
590,CASH_OUT,50360.53,C319437846,0.0,C336367435,384869.16
394,CASH_OUT,386744.23,C40467615,5156.0,C1749436427,0.0
397,TRANSFER,536895.6,C2043240763,0.0,C200653608,1421878.13
356,CASH_IN,30509.67,C36145183,43547.0,C1016138008,669703.13
594,CASH_IN,155849.71,C172139674,41800.0,C2144929113,863984.11
403,CASH_OUT,143060.32,C2028513227,1150.0,C885434726,1396869.0
377,PAYMENT,7486.44,C1446882881,737712.91,M674445683,0.0
406,PAYMENT,20713.73,C915436385,0.0,M468065775,0.0
582,CASH_OUT,283483.18,C646505788,0.0,C339624587,483782.0
403,CASH_OUT,456278.59,C625046917,24916.0,C1490571208,0.0
370,CASH_OUT,89387.23,C335627384,0.0,C1641409569,136933.64
402,PAYMENT,16035.47,C17801528,0.0,M183889126,0.0
382,PAYMENT,5170.82,C91683154,83.0,M1158370871,0.0
396,PAYMENT,49510.22,C1419362867,0.0,M2022034408,0.0
397,CASH_OUT,195438.19,C1535919003,0.0,C1959606066,1023798.3
370,CASH_OUT,240727.48,C464061689,0.0,C1794893473,4132487.27
492,CASH_OUT,332175.65,C1707152815,449116.0,C1111577332,0.0
402,TRANSFER,652143.85,C2107316389,5915.0,C635460359,197053.19
394,CASH_IN,427047.24,C1808333873,4730178.12,C1468717516,672539.29
399,PAYMENT,9043.23,C850898747,0.0,M1546557567,0.0
379,CASH_IN,254978.08,C480513937,8409015.13,C1628577870,2213239.78
370,CASH_IN,53698.93,C68546445,22563.0,C759924395,4581.11
379,PAYMENT,1442.25,C1904711294,16072.74,M1099145073,0.0
356,CASH_IN,20605.44,C1028136295,610044.0,C1938835312,0.0
380,CASH_OUT,3818.75,C966876454,0.0,C989433986,90185.42
518,PAYMENT,12188.64,C1648600241,11137.0,M687756961,0.0
380,PAYMENT,3082.8,C539896852,17055.0,M1867067373,0.0
375,CASH_OUT,562233.36,C1374310669,0.0,C2020312744,1305503.42
567,PAYMENT,6529.72,C244627551,401385.9,M1346259601,0.0
381,PAYMENT,3297.18,C497537462,81198.77,M72999518,0.0
378,CASH_OUT,92118.3,C103302067,13344.0,C774939541,0.0
522,CASH_OUT,12284.76,C657523586,0.0,C1966066867,2088974.45
374,PAYMENT,2667.63,C1843603168,70682.0,M1182103452,0.0
377,CASH_IN,248571.53,C1415689054,50400.0,C1837253034,343805.08
476,CASH_IN,27089.23,C1098157246,4996331.4,C238357147,4233338.25
395,PAYMENT,7384.78,C134165935,54145.86,M562506937,0.0
396,CASH_IN,12824.02,C399436274,6405570.66,C1860565913,271329.95
661,CASH_IN,396358.43,C1552922549,45425.0,C381662955,3233700.29
403,CASH_OUT,185126.61,C2002629369,107338.0,C405679813,0.0
396,PAYMENT,30642.57,C1818001458,428849.21,M1641759706,0.0
376,CASH_OUT,22320.63,C790296086,45591.0,C1883819015,74904.97
564,PAYMENT,23625.4,C1033735935,243986.0,M287545334,0.0
528,PAYMENT,8732.45,C1810648900,18858.0,M546739789,0.0
637,CASH_IN,47827.9,C1610161443,4057198.08,C875160761,1693391.96
375,CASH_IN,169133.9,C1864385849,36533.0,C1711923430,35234.84
691,CASH_OUT,199756.73,C1166422818,158869.0,C1187436133,61779.33
401,CASH_OUT,461842.37,C601305850,0.0,C853868967,1385242.91
571,PAYMENT,3722.02,C1454813506,22217.0,M1309133060,0.0
567,PAYMENT,5576.23,C1468758995,124691.0,M94261488,0.0
400,PAYMENT,20345.21,C732252719,0.0,M355490622,0.0
405,PAYMENT,8065.85,C507413068,20826.0,M1427938512,0.0
686,CASH_IN,187713.86,C112644885,5154266.35,C1022023283,4340241.8
520,PAYMENT,29587.84,C7087683,10905.0,M173121278,0.0
378,TRANSFER,674819.34,C2131926406,220352.94,C1727383264,2207810.06
592,CASH_IN,57946.32,C1595581115,51518.0,C98105980,0.0
492,CASH_IN,324612.76,C2140055831,50294.0,C4844214,0.0
394,PAYMENT,2390.57,C1278326718,0.0,M600640876,0.0
716,PAYMENT,1910.7,C882089565,82294.0,M1448743947,0.0
406,CASH_OUT,463223.03,C584569553,0.0,C453671217,1322799.18
371,CASH_OUT,295593.31,C102624538,39767.0,C547487208,0.0
404,CASH_OUT,144733.5,C1096624321,37057.0,C1025002544,333848.96
399,TRANSFER,2298121.39,C333720354,52102.0,C131655547,2671445.22
359,CASH_IN,116407.68,C548723235,1891710.38,C1218075799,529699.63
544,PAYMENT,5860.47,C738416662,116376.13,M1447014464,0.0
399,PAYMENT,24647.2,C534246258,198345.07,M857357695,0.0
400,CASH_OUT,212935.74,C1084125055,0.0,C1066682571,5036935.12
404,CASH_OUT,287105.36,C654578271,0.0,C431567194,5850957.64
370,TRANSFER,92638.34,C151987227,0.0,C1568338565,641754.75
371,CASH_OUT,410525.18,C1546421273,9028.0,C341275676,0.0
369,PAYMENT,2500.22,C862428102,16858.0,M963957672,0.0
594,CASH_OUT,165419.62,C1974361598,0.0,C1739872512,443683.72
404,TRANSFER,1232518.87,C1334757446,0.0,C1722656149,10007523.58
378,CASH_OUT,263567.45,C1339114845,1176.0,C461589304,0.0
476,CASH_OUT,14291.11,C464583916,107683.0,C1704449130,2420753.53
374,PAYMENT,25398.29,C564085399,72307.72,M46069428,0.0
377,CASH_IN,201060.89,C1326695544,19661132.92,C1365719582,226388.41
448,CASH_OUT,197760.38,C1615113331,0.0,C113975089,3034570.83
371,PAYMENT,4114.54,C1047328268,0.0,M900129742,0.0
374,PAYMENT,35299.64,C1306346781,0.0,M186536700,0.0
371,CASH_OUT,293772.13,C1290566025,149761.0,C918205909,6245395.75
360,CASH_IN,293924.26,C773679473,8167436.19,C1093745047,1259622.16
394,CASH_IN,52606.59,C2097374371,9168655.74,C1221216034,187819.18
525,CASH_IN,166110.93,C204778273,10627.0,C1847975955,2544368.29
500,PAYMENT,4261.09,C1988187934,0.0,M1541231302,0.0
376,PAYMENT,36554.2,C1440811022,0.0,M291068225,0.0
401,CASH_IN,239555.85,C254296945,1734336.1,C1039164114,324577.53
380,PAYMENT,4957.82,C581076058,1239.0,M494036704,0.0
373,CASH_OUT,405015.47,C1170168422,99326.0,C1811933452,0.0
396,PAYMENT,7640.93,C1900821249,0.0,M293263831,0.0
688,CASH_OUT,58180.22,C59614340,49675.0,C1902297168,946322.46
681,CASH_OUT,55859.41,C277192111,0.0,C638154215,479511.75
408,CASH_IN,22648.91,C2134592835,1425870.26,C1524497501,6371909.45
402,CASH_OUT,191499.59,C2012994623,253071.0,C683401604,646986.41
380,PAYMENT,14650.81,C1047549911,23311.0,M2063452091,0.0
403,CASH_OUT,159029.01,C648709452,447.0,C1617611830,173307.77
396,CASH_IN,75924.9,C1704294527,6680558.09,C904628130,307984.59
372,TRANSFER,5464727.14,C1861461304,5464727.14,C618348006,0.0
380,PAYMENT,748.29,C2078791089,0.0,M1060051169,0.0
375,CASH_OUT,204122.66,C1128259302,0.0,C558002529,3842678.99
374,CASH_OUT,176401.84,C760307395,0.0,C1483718202,706169.3
548,CASH_OUT,94401.16,C660084714,0.0,C319885677,589695.97
380,CASH_OUT,65491.4,C1341194705,1298.0,C160250834,658062.64
550,CASH_OUT,168752.53,C274039065,8855.48,C1915924384,4451827.42
573,CASH_OUT,376628.6,C1207921092,0.0,C938052324,415805.08
396,CASH_IN,119412.01,C1823863413,30096266.03,C1748022153,409014.39
548,CASH_IN,217144.92,C1902359452,2124605.6,C1828099370,1097214.86
376,CASH_OUT,213055.88,C1019535252,20164.0,C1963017324,0.0
397,PAYMENT,47862.83,C692658317,82408.0,M1719338146,0.0
402,CASH_OUT,182969.23,C1647202075,0.0,C2076440111,192650.26
522,PAYMENT,105.45,C1553810487,0.0,M1794948915,0.0
564,CASH_OUT,105668.32,C1199803549,0.0,C737424461,1131249.32
540,PAYMENT,3202.03,C457132528,51156.0,M2029183946,0.0
378,CASH_OUT,452764.84,C1252091862,0.0,C1040153466,2050364.23
377,PAYMENT,3640.11,C906740048,52815.0,M258037278,0.0
403,CASH_OUT,2423.88,C1376743953,5675.0,C1774566087,64127.34
393,CASH_OUT,231763.85,C1921502122,88983.0,C54429341,0.0
380,PAYMENT,4463.72,C918612677,38538.0,M1130241587,0.0
400,CASH_OUT,226098.69,C198195278,168379.0,C431025404,279108.76
573,PAYMENT,7418.33,C553221151,780722.0,M1549951090,0.0
372,CASH_OUT,192449.63,C1318928934,0.0,C1588232517,10134139.99
448,CASH_OUT,69685.85,C1338866655,93404.69,C386670313,1040441.89
380,CASH_OUT,215951.99,C1461900841,1025.0,C1758481411,166708.12
372,PAYMENT,18071.86,C1928693285,0.0,M1726799003,0.0
405,CASH_OUT,212273.09,C1130574273,9579.0,C1632634579,13236.27
373,TRANSFER,266186.4,C2037462525,0.0,C1899517117,2238875.74
659,CASH_OUT,4693.83,C1995756406,301866.0,C547389543,297166.88
380,PAYMENT,2328.26,C923332876,987.0,M1084399530,0.0
406,PAYMENT,6421.16,C969975788,94558.91,M1794709268,0.0
383,CASH_IN,220245.64,C1514233756,8542.0,C711788985,0.0
377,CASH_OUT,152937.23,C264151116,0.0,C867904898,1212625.92
522,PAYMENT,11438.26,C703171700,127049.0,M423222918,0.0
379,TRANSFER,311255.45,C1648771398,30489.0,C2090658617,3411587.43
406,CASH_OUT,69351.65,C516103778,57670.0,C1579585449,196679.19
569,CASH_IN,299142.73,C1765713879,59964.0,C1596697846,1935341.86
376,CASH_OUT,123283.2,C161786417,0.0,C1515214203,664367.13
564,PAYMENT,4075.68,C1297486001,0.0,M531222871,0.0
402,TRANSFER,1134777.82,C912629600,200057.0,C709022751,788140.82
379,CASH_OUT,318959.55,C150326913,0.0,C1302277882,570405.33
686,CASH_OUT,237612.28,C1171637553,239364.07,C733673563,952423.04
376,CASH_IN,71076.94,C515260055,21241.0,C410315252,244677.32
404,PAYMENT,9357.23,C583191867,0.0,M2066340864,0.0
687,CASH_OUT,156740.91,C1845873198,0.0,C1526296740,2314074.76
401,PAYMENT,21895.84,C597892447,0.0,M872757957,0.0
535,TRANSFER,606501.57,C602476051,606501.57,C2044007748,0.0
574,PAYMENT,10100.29,C1199199740,0.0,M1429239657,0.0
373,PAYMENT,12720.14,C1947396387,25424.0,M1984285681,0.0
394,CASH_OUT,37289.96,C285793019,0.0,C1260075311,881682.76
404,CASH_IN,185265.75,C216652331,2895007.15,C1038570948,1209511.98
656,CASH_OUT,263247.56,C747420495,0.0,C51796831,2880758.95
490,CASH_IN,157568.01,C77292624,1501217.82,C982936930,895631.89
381,CASH_OUT,40679.12,C126573195,107189.0,C453749910,3054703.05
380,CASH_OUT,57214.87,C1945468652,83468.0,C1045941106,1181184.58
403,CASH_IN,117606.21,C1514887009,351031.04,C1612111423,136361.7
400,PAYMENT,2598.01,C1093067011,0.0,M1350502579,0.0
395,CASH_IN,32528.81,C591269757,483315.4,C1746713614,72851.19
371,CASH_OUT,49603.4,C1315178344,30824.0,C948802587,242909.01
466,CASH_IN,68142.78,C1266070426,1253352.29,C1774203214,180474.9
398,CASH_OUT,194167.54,C238964967,0.0,C456174454,9346473.04
375,CASH_OUT,164553.13,C644231681,15145.0,C1246550778,1041991.94
395,CASH_OUT,153938.49,C1927497467,268810.0,C724453478,88805.31
595,PAYMENT,3059.51,C1416795523,0.0,M1500198060,0.0
500,CASH_OUT,119918.0,C850604400,20634.0,C1464751665,332264.71
397,CASH_OUT,302397.79,C400822370,83635.0,C2095167473,1047270.81
400,CASH_OUT,414698.19,C1955007393,122532.0,C1221803295,0.0
395,CASH_IN,126221.9,C1899031720,15981850.73,C94789786,2652942.24
406,PAYMENT,8992.54,C523685624,274.0,M618442510,0.0
684,TRANSFER,513032.32,C1273676831,0.0,C1363274196,663190.45
546,PAYMENT,11067.22,C1792818352,0.0,M1641435635,0.0
378,CASH_OUT,39237.51,C1896047092,0.0,C1550001744,752855.58
695,PAYMENT,8682.4,C659979885,26888.0,M1211523904,0.0
393,CASH_OUT,4577.72,C1381183750,413887.99,C1551687794,394981.12
402,CASH_OUT,127886.45,C1321105860,0.0,C169592750,129798.76
369,PAYMENT,32865.67,C984826711,0.0,M1126392306,0.0
370,PAYMENT,2788.66,C1255901117,39921.0,M1124377315,0.0
394,PAYMENT,47840.42,C1915565690,119851.36,M487221421,0.0
398,CASH_OUT,156291.32,C2122478584,0.0,C1514578463,1284892.7
451,CASH_OUT,92063.88,C1182810094,1700.0,C316708877,89974.66
382,PAYMENT,20256.65,C740016813,0.0,M2027432911,0.0
574,CASH_IN,107567.28,C545365411,527018.0,C491794315,0.0
492,CASH_OUT,292106.47,C1154140278,0.0,C640393193,9892017.94
373,CASH_OUT,28144.77,C733172675,0.0,C1556107046,494025.64
500,CASH_IN,33198.62,C2097384488,11267.0,C703460478,90522.55
544,CASH_OUT,162513.69,C2028484071,0.0,C1951103050,5314103.47
373,TRANSFER,2982850.21,C1342852138,0.0,C232282207,14865925.62
686,CASH_OUT,231256.34,C940071948,24246.0,C1972111807,36225.16
590,PAYMENT,621.15,C1231956048,0.0,M786785985,0.0
404,PAYMENT,36770.17,C1779165723,0.0,M560752563,0.0
373,TRANSFER,152314.49,C1353978265,152314.49,C1142361265,0.0
404,CASH_IN,26548.53,C837045531,76575.0,C1029471135,10073406.26
396,CASH_IN,77683.01,C2140488206,20874051.74,C154608804,1133225.71
373,CASH_IN,207141.82,C1340495234,6730398.34,C354289989,3317305.62
538,CASH_IN,32065.28,C595314959,49810.0,C1443101845,0.0
395,CASH_OUT,223611.28,C1344590026,110.0,C1753584795,224912.34
396,CASH_OUT,108813.22,C1161611931,0.0,C1036260555,164519.65
395,PAYMENT,22953.02,C2116635506,103439.0,M894069253,0.0
448,PAYMENT,5500.76,C564976325,55512.0,M1935645287,0.0
397,CASH_IN,36047.76,C940507156,1083240.74,C1574032195,367473.57
376,CASH_IN,218801.22,C580841735,6893468.2,C1856661387,1091827.07
687,CASH_OUT,24653.17,C1992920316,50498.0,C1659578603,165462.58
408,PAYMENT,1360.41,C473612137,2330.0,M383555863,0.0
548,CASH_IN,183508.51,C635251750,2168427.85,C973644279,2920229.55
398,CASH_IN,443937.7,C134247751,6370060.87,C1294292875,520769.3
402,TRANSFER,1205410.4,C2057867858,11472.0,C56453394,0.0
380,CASH_IN,244309.07,C2060159585,55044.0,C1776557138,4171576.38
406,PAYMENT,36104.95,C1802941932,0.0,M1745098651,0.0
376,CASH_IN,3153.85,C1296468588,100746.0,C1883662555,256300.08
381,CASH_IN,62297.34,C194559137,7923622.77,C1494934771,962595.69
375,PAYMENT,8736.13,C1606615514,66428.0,M473850282,0.0
374,CASH_IN,156886.22,C1299196396,22769304.32,C249138829,983289.9
710,PAYMENT,26276.64,C182380487,256466.0,M588230112,0.0
374,PAYMENT,18691.54,C1914983839,0.0,M1594813596,0.0
398,PAYMENT,8293.76,C1932182031,0.0,M1019924328,0.0
375,CASH_OUT,61499.98,C800448254,30162.0,C805341800,112509.39
383,TRANSFER,150406.91,C1145944802,150406.91,C1787507193,0.0
396,TRANSFER,679175.48,C2088944540,0.0,C213105039,6110916.44
431,PAYMENT,7115.66,C341103517,151491.0,M1177813317,0.0
640,PAYMENT,12263.21,C162220234,54804.42,M1955931497,0.0
356,CASH_OUT,189941.65,C1955820198,0.0,C995564613,727845.92
599,PAYMENT,7043.99,C166225858,171961.0,M390396804,0.0
400,CASH_IN,202755.92,C48223175,448.0,C1043454456,0.0
356,CASH_OUT,462743.25,C189841031,0.0,C521929042,2681349.13
380,TRANSFER,5276.36,C312437489,3274.0,C227329925,0.0
379,CASH_OUT,301487.41,C716511242,0.0,C1260475438,543226.33
373,PAYMENT,18080.47,C352384035,5024.0,M583016406,0.0
395,CASH_OUT,73356.88,C1932288585,0.0,C549132990,462186.49
356,PAYMENT,5758.93,C1937606855,35552.54,M489409432,0.0
522,TRANSFER,453818.49,C46305640,0.0,C1202147445,543052.98
374,CASH_OUT,158333.76,C79861529,0.0,C71077705,426208.58
379,TRANSFER,52968.2,C1221769069,83226.51,C1910918653,297473.86
398,CASH_IN,81872.8,C1301082048,15698934.64,C517760747,2444994.71
545,CASH_OUT,33348.44,C164002912,105300.0,C1418162474,0.0
380,PAYMENT,13847.52,C179159410,0.0,M569520008,0.0
380,PAYMENT,33.39,C534854908,0.0,M613327693,0.0
369,CASH_OUT,85652.82,C1561013240,0.0,C1892240195,302908.62
546,PAYMENT,227.71,C1278791843,6454.27,M1850496486,0.0
492,CASH_OUT,47644.04,C1495132429,0.0,C40174232,131923.34
372,PAYMENT,2122.29,C1478891250,0.0,M941386769,0.0
401,CASH_OUT,131239.26,C106501665,107.0,C393815579,143153.07
403,PAYMENT,9402.69,C1954993426,0.0,M132681071,0.0
357,CASH_OUT,72.88,C1647850015,0.0,C917328388,790864.45
522,CASH_OUT,183468.08,C1284808593,8030.0,C489250676,2874627.31
399,CASH_OUT,149812.66,C1577394184,0.0,C982570737,769938.47
451,CASH_IN,212356.25,C1451628686,5403303.19,C607962859,2690391.12
401,CASH_OUT,90748.3,C1379006944,169.0,C1863945778,96653.48
399,CASH_IN,119852.92,C1394955597,695902.76,C984194146,304781.23
403,PAYMENT,14894.43,C72437268,0.0,M382073702,0.0
544,PAYMENT,64529.25,C1607926156,0.0,M1932121501,0.0
522,CASH_OUT,218127.21,C783073554,0.0,C2091816597,6655895.49
659,PAYMENT,20068.01,C35140812,13296.0,M1724788318,0.0
378,CASH_OUT,86045.12,C133232733,16010.0,C187578751,0.0
500,PAYMENT,653.66,C127896840,22097.0,M565072286,0.0
379,TRANSFER,603481.3,C2027919614,85288.0,C1571265824,0.0
586,CASH_OUT,484318.77,C1677024490,314229.87,C2012019305,1812301.27
395,CASH_OUT,210656.41,C114347101,145.0,C296592008,0.0
709,PAYMENT,1350.63,C221546249,751.0,M840760390,0.0
426,CASH_OUT,162656.11,C1832673079,30539.0,C1230298841,0.0
383,PAYMENT,2128.06,C1845156324,287.0,M866519382,0.0
356,CASH_IN,72592.96,C333398343,203263.0,C620852325,0.0
399,CASH_OUT,118381.62,C167084602,11435.0,C1937485849,310275.16
542,CASH_IN,189968.9,C951739587,642400.69,C1412604433,222123.59
396,CASH_IN,160897.53,C960015533,4006800.26,C372202586,1189753.24
401,CASH_IN,316869.72,C991801962,147818.0,C2126085690,33252.37
374,PAYMENT,22282.01,C2118698269,0.0,M1593159772,0.0
376,PAYMENT,13312.57,C1219852877,0.0,M898974492,0.0
404,CASH_IN,409327.43,C648302718,20986.0,C1904154741,448422.19
401,PAYMENT,16801.15,C2062396346,0.0,M1009068825,0.0
372,CASH_IN,362619.9,C1255665379,15624.0,C1298995630,30836.04
356,PAYMENT,9918.46,C1447704139,1117.15,M1590716317,0.0
378,CASH_IN,195341.37,C697800160,51449.0,C1372853042,1026028.12
404,PAYMENT,7890.82,C233735481,6257.0,M2105709027,0.0
694,TRANSFER,491725.1,C414573639,16329.0,C677251705,1847262.69
395,PAYMENT,11047.79,C1304136212,0.0,M1438422571,0.0
640,PAYMENT,1581.32,C1460034569,37084.0,M263347687,0.0
402,CASH_OUT,42877.12,C529499529,34401.0,C1226305366,330116.35
359,PAYMENT,23066.84,C1750022019,9934.0,M358154356,0.0
404,CASH_OUT,195095.75,C78278524,0.0,C69228821,490711.53
551,CASH_OUT,99207.78,C859916441,0.0,C1128714879,2351695.3
382,TRANSFER,1335804.13,C1037054955,0.0,C1334227276,2844397.56
373,CASH_OUT,127740.48,C1284934261,3624.0,C138769187,298013.04
370,CASH_IN,145960.42,C639146451,7639086.64,C911864833,15952543.31
402,PAYMENT,5583.09,C33135183,0.0,M1707013841,0.0
377,CASH_IN,14524.68,C553922132,26805308.63,C1596737537,216372.55
374,CASH_IN,210259.2,C2010871209,122419.0,C680457047,508265.5
356,PAYMENT,46351.26,C1536715316,0.0,M1192968240,0.0
371,CASH_IN,166136.2,C361835414,199879.0,C506998994,11684980.99
500,PAYMENT,37628.51,C1123221150,0.0,M738440482,0.0
400,CASH_IN,341566.3,C1342453424,3266084.89,C1310611052,360248.42
369,CASH_OUT,154314.55,C1171987177,10097.0,C273936202,4823.91
404,PAYMENT,16204.67,C636501708,0.0,M1359495613,0.0
514,PAYMENT,2868.69,C1689109243,0.0,M1673294936,0.0
691,PAYMENT,4864.29,C417175925,9966.0,M1950436261,0.0
358,CASH_IN,58315.97,C653878784,6972.0,C178009332,0.0
393,CASH_OUT,10830.82,C228097484,0.0,C203414484,513370.28
398,PAYMENT,14089.37,C1641659569,18147.49,M1474458837,0.0
397,PAYMENT,2938.95,C1851727582,0.0,M1655566125,0.0
378,CASH_OUT,192067.63,C1449344625,0.0,C1327517084,436786.27
401,TRANSFER,1241282.62,C1724459137,0.0,C1317873248,9446821.61
428,PAYMENT,8819.37,C973128465,0.0,M1226356305,0.0
381,DEBIT,2967.97,C734192536,11155.0,C148759972,6519117.1
371,CASH_IN,363533.35,C518491654,591814.36,C640883968,3605667.07
398,PAYMENT,1282.99,C590267292,466475.93,M792672586,0.0
375,TRANSFER,1846393.42,C1314074341,0.0,C38141215,4432241.15
500,TRANSFER,200556.1,C1127292175,0.0,C165165292,232902.46
564,PAYMENT,16394.55,C1755717093,0.0,M619396393,0.0
400,CASH_OUT,143563.0,C653554870,0.0,C2067007115,358904.49
495,CASH_OUT,105705.14,C1923904007,0.0,C1384119790,933186.43
401,PAYMENT,38061.74,C1128257006,35709.0,M1197224012,0.0
373,CASH_OUT,106507.59,C1392719666,0.0,C979452125,344099.24
374,TRANSFER,296214.72,C1982361205,50193.0,C921374695,14110.11
358,PAYMENT,351.51,C848093426,6627.04,M464305289,0.0
378,PAYMENT,25805.66,C249304123,0.0,M1294172505,0.0
378,CASH_OUT,235014.34,C1146906400,10806.0,C1420007709,780113.76
403,PAYMENT,3519.66,C246398068,0.0,M1238064155,0.0
402,CASH_OUT,150661.01,C632464898,543.0,C1956563836,380472.19
359,PAYMENT,38894.43,C2008806579,3076.8,M826099166,0.0
401,PAYMENT,11369.22,C1510905033,0.0,M1373130035,0.0
493,PAYMENT,16071.0,C559176303,0.0,M202539449,0.0
403,PAYMENT,7533.96,C525947377,0.0,M467195007,0.0
372,CASH_IN,38183.83,C460654307,148719.0,C1927436746,269938.98
395,PAYMENT,46178.8,C908852287,1340.46,M820242753,0.0
573,PAYMENT,13057.75,C1111698267,58405.0,M2001893889,0.0
396,CASH_IN,21661.21,C925665631,508062.58,C1714665299,1526724.88
406,PAYMENT,3406.21,C694634153,0.0,M280367725,0.0
380,CASH_OUT,190423.76,C1939896914,0.0,C1383206576,296560.7
715,CASH_OUT,190207.17,C1068424087,39607.0,C1697389034,13579.19
396,CASH_IN,459048.43,C2083596661,15512062.48,C2121174135,550437.32
576,DEBIT,1778.52,C1095215203,139827.0,C407156488,160100.34
356,CASH_OUT,10559.47,C75915177,0.0,C1360024907,523729.21
374,PAYMENT,16853.63,C2115894537,0.0,M702379481,0.0
401,CASH_OUT,376607.79,C848561051,0.0,C497806226,5621234.5
377,CASH_OUT,125939.34,C529211053,0.0,C1627248923,793204.02
451,CASH_OUT,178026.93,C1624343734,5760.0,C235056074,2568883.0
406,CASH_OUT,293521.09,C2026820214,0.0,C1375609218,413997.49
380,PAYMENT,4523.06,C1943470629,110469.96,M801418027,0.0
396,PAYMENT,19577.85,C388172452,11774.0,M1755575639,0.0
590,CASH_IN,297708.5,C986035233,3953452.43,C495886231,437980.32
714,PAYMENT,7731.58,C834670817,120846.0,M1199888300,0.0
375,CASH_OUT,60397.78,C1511023458,22106.0,C1837959503,46789761.09
398,PAYMENT,14263.74,C582666178,1075.0,M2143836979,0.0
399,TRANSFER,174799.87,C218863809,0.0,C1691327767,1489256.26
376,CASH_IN,125429.09,C2033197265,25861714.96,C477141074,311462.63
596,CASH_OUT,78047.8,C1121307855,4463.0,C1329327104,21938.29
594,CASH_OUT,135717.43,C12561878,108136.0,C1563775745,1152781.92
585,PAYMENT,13975.89,C196092097,10629.0,M1437593389,0.0
733,TRANSFER,105903.18,C565737303,105903.18,C350986885,0.0
373,PAYMENT,6281.93,C1839058571,0.0,M2020467485,0.0
402,CASH_IN,37809.0,C2074652727,22517869.71,C2080175397,2462135.08
398,CASH_IN,228051.92,C196873807,51940.0,C799482460,127365.8
614,CASH_OUT,101249.85,C1255811967,0.0,C708542087,117332.09
500,CASH_OUT,86491.26,C1029033720,46077.0,C718742281,1372238.36
402,CASH_OUT,35431.78,C605148562,71.0,C2117967825,180684.87
380,CASH_OUT,88669.54,C1853939514,0.0,C1442772686,783241.25
371,CASH_OUT,85983.74,C1419819105,6040.0,C155063348,0.0
371,PAYMENT,3362.56,C860355829,0.0,M1348050013,0.0
549,TRANSFER,1057053.6,C625119726,1057053.6,C1881816007,0.0
370,PAYMENT,11493.71,C1972143289,0.0,M1156706040,0.0
585,CASH_OUT,133951.94,C28965827,20107.0,C1108035746,3309997.41
393,CASH_IN,152261.26,C622952575,415157.76,C1445886431,209612.34
402,CASH_IN,146381.04,C1339760025,21250.0,C1012263213,1555158.76
403,CASH_OUT,66509.04,C1652187829,0.0,C1287857930,13620117.47
383,PAYMENT,2077.46,C626563538,40659.0,M777635089,0.0
371,CASH_OUT,198089.06,C595169902,0.0,C2000052107,2631359.86
396,CASH_OUT,113544.43,C925636494,114823.0,C1867964619,252497.61
404,CASH_IN,35807.61,C1180387324,23517958.23,C109661757,275531.74
380,PAYMENT,16167.72,C1117606617,10610.0,M1387835277,0.0
403,PAYMENT,5789.27,C1799578326,48479.42,M1595677834,0.0
478,PAYMENT,1831.27,C1484396683,138331.57,M679555264,0.0
370,CASH_IN,180945.08,C1598506821,5089518.91,C772022826,1626670.76
373,PAYMENT,6977.46,C1753020952,0.0,M1977141784,0.0
356,PAYMENT,31459.48,C1586703498,603544.38,M1915683119,0.0
374,PAYMENT,20000.71,C715482695,0.0,M1959297810,0.0
540,PAYMENT,8879.56,C320182937,998.0,M1647279757,0.0
576,TRANSFER,25040.78,C1468373827,25040.78,C77616403,0.0
428,PAYMENT,9363.78,C2130614557,462248.0,M1072288730,0.0
402,CASH_OUT,130984.18,C1253424849,0.0,C1667477784,4862681.8
404,CASH_IN,250395.56,C667779126,1909862.5,C1385171579,1915013.34
404,CASH_OUT,246700.06,C1212940347,0.0,C1767373879,2919489.85
359,TRANSFER,394981.26,C471726090,0.0,C25836202,1791638.96
573,PAYMENT,8547.21,C169618137,249294.0,M1159158170,0.0
476,PAYMENT,4515.37,C2027390956,0.0,M406223687,0.0
404,PAYMENT,15965.03,C1590542207,39071.27,M838389888,0.0
369,TRANSFER,97620.73,C2099016120,0.0,C2062802721,2849781.6
375,PAYMENT,16100.94,C471786500,341722.0,M257340872,0.0
371,CASH_OUT,154128.82,C1994015906,0.0,C632547109,265700.44
394,CASH_OUT,366253.14,C637033606,0.0,C1015652162,993863.49
374,CASH_IN,402674.64,C307675255,310.0,C122307196,1194673.38
596,CASH_IN,260427.4,C655594905,161415.33,C1843194365,4588858.85
396,CASH_OUT,83962.61,C438322854,0.0,C1217641659,455846.96
394,CASH_IN,29425.53,C197999205,14676.0,C440837173,6048772.82
378,PAYMENT,8575.16,C783045643,33547.78,M1047042812,0.0
379,CASH_IN,126525.58,C1705479841,3023241.84,C1018825122,838620.74
404,CASH_IN,158924.88,C1551325225,16420718.43,C703489743,1382902.88
399,CASH_IN,18299.54,C723695389,5926643.74,C391045060,12244298.42
377,CASH_OUT,285170.05,C814911124,449770.73,C1544928967,721904.2
525,PAYMENT,6148.26,C599659569,0.0,M952861328,0.0
688,PAYMENT,5451.92,C1092800301,248921.0,M2091092269,0.0
380,PAYMENT,7047.97,C1296095058,0.0,M882815429,0.0
404,CASH_IN,299698.93,C2054144620,9364434.79,C1768000328,3842247.67
396,CASH_IN,59746.98,C1279934087,971.0,C780392340,420355.27
691,CASH_OUT,74284.63,C1553611482,0.0,C398970231,300221.35
356,PAYMENT,2285.26,C114790737,74576.0,M1061878893,0.0
375,CASH_OUT,254592.65,C515428038,0.0,C98666219,574646.12
379,CASH_OUT,125161.96,C1802342655,0.0,C1263469506,279506.92
376,CASH_OUT,102462.08,C1447392569,0.0,C1294625212,310435.48
370,PAYMENT,4709.14,C977393128,5583.0,M685477685,0.0
596,TRANSFER,1489463.08,C280804885,0.0,C1724534111,3255295.01
599,TRANSFER,610391.47,C240066186,0.0,C1220987620,3741834.38
370,PAYMENT,15425.35,C1859632925,61346.38,M2051570756,0.0
399,PAYMENT,51081.72,C2096796466,0.0,M1008824222,0.0
400,CASH_IN,285251.27,C1082247274,11254.0,C374484116,0.0
402,CASH_OUT,111585.22,C1791443130,0.0,C1294702495,3116061.57
357,CASH_OUT,203612.8,C1540562808,0.0,C936284068,2308211.98
403,TRANSFER,2569737.25,C2019062746,50224.0,C1169976130,3570473.4
514,CASH_OUT,15013.85,C2121451580,148585.0,C175614197,3627354.61
395,PAYMENT,31810.72,C405161824,563.0,M1036958013,0.0
402,PAYMENT,7791.58,C891205646,0.0,M1956891099,0.0
372,PAYMENT,30683.2,C834000264,10370.0,M2090613788,0.0
374,PAYMENT,6229.28,C1509229260,618466.12,M732951137,0.0
382,PAYMENT,12120.57,C922032828,948060.0,M3176859,0.0
403,CASH_OUT,111147.36,C814206038,436934.0,C240938909,0.0
548,CASH_IN,341451.74,C734408631,29163.0,C514211117,0.0
370,CASH_OUT,219972.84,C823853951,10165.0,C1787324652,368150.7
550,PAYMENT,2237.21,C122366363,10243.0,M604091113,0.0
386,TRANSFER,879810.51,C739793738,879810.51,C1971770785,0.0
369,PAYMENT,1006.8,C1047907213,24511.0,M1609675855,0.0
595,CASH_OUT,212885.96,C766947362,6785.0,C30219877,0.0
399,PAYMENT,55693.79,C1977328629,495125.0,M276822100,0.0
393,CASH_OUT,356631.66,C1145770441,18403.0,C594599017,44040236.65
374,CASH_OUT,173265.39,C1784455790,0.0,C1979237850,2990492.83
405,CASH_IN,5533.91,C638926565,8182126.55,C1965497056,3596929.12
683,CASH_IN,228025.07,C105868453,3144849.77,C79869541,306124.01
401,CASH_OUT,230067.1,C95897237,10904.0,C273409574,0.0
377,PAYMENT,6578.26,C328485218,171002.0,M811477120,0.0
378,TRANSFER,547571.24,C176463369,19980.0,C261261226,54343.05
394,CASH_OUT,222386.11,C1696328246,30040.0,C1741027437,158648.54
518,PAYMENT,97244.26,C1399829882,0.0,M1328748540,0.0
474,CASH_IN,68403.8,C1270104944,2614166.81,C1226227730,4950924.91
613,CASH_OUT,327791.14,C1118147077,327791.14,C1575522252,175013.26
416,PAYMENT,12349.54,C2032896736,9020.0,M43571065,0.0
400,PAYMENT,25637.27,C859899770,0.0,M1363339851,0.0
376,CASH_OUT,518429.83,C91603927,69959.0,C1323693445,0.0
382,PAYMENT,5744.71,C498702518,17437.72,M1114148971,0.0
531,PAYMENT,5048.36,C2056555088,2534.94,M1524448168,0.0
400,CASH_IN,276266.93,C80450023,10702.0,C1908385020,0.0
408,CASH_OUT,112917.94,C1013193231,0.0,C1815025277,437019.09
522,CASH_OUT,51979.51,C1318682101,0.0,C295519296,353800.62
393,CASH_IN,282467.53,C1737043074,24916.0,C2037861448,309478.85
546,PAYMENT,27969.01,C682224475,0.0,M1474757045,0.0
371,CASH_IN,165478.14,C337436619,1859988.72,C1591886711,306595.35
356,CASH_IN,259910.36,C1046597296,1298719.36,C1548265278,1176247.19
356,PAYMENT,4420.58,C1353481620,10606.0,M1012681330,0.0
369,CASH_IN,248330.2,C1688407202,104140.0,C1424408121,35999.59
357,PAYMENT,16293.08,C1659448197,0.0,M1471288541,0.0
396,PAYMENT,5532.08,C1500049712,44.0,M1338679081,0.0
686,PAYMENT,14052.18,C37930759,29703.0,M351079551,0.0
383,PAYMENT,14176.26,C300985632,0.0,M1629647977,0.0
405,PAYMENT,17823.14,C426724727,0.0,M1928749515,0.0
550,CASH_OUT,110537.05,C88027391,5415.0,C1691977213,73833.11
426,PAYMENT,56276.53,C1848173508,66016.62,M918562454,0.0
692,PAYMENT,320.7,C606748817,39660.0,M9032539,0.0
383,PAYMENT,17537.31,C981061186,501843.0,M936366627,0.0
379,CASH_IN,556022.72,C1368398977,3424830.66,C1492252901,1004552.59
403,PAYMENT,3758.43,C62730763,125583.04,M456508351,0.0
491,TRANSFER,1265033.25,C816802649,1265033.25,C1270749460,0.0
405,CASH_IN,52626.54,C171669819,10692.0,C2040391637,0.0
495,CASH_OUT,55238.86,C1061585532,664.0,C79780719,17019529.04
619,CASH_OUT,31297.42,C1871527938,0.0,C1798054168,139928.14
714,CASH_OUT,365579.57,C593869608,32132.0,C1888855944,0.0
376,CASH_OUT,339212.48,C1040764157,6396.0,C1750471565,1231691.87
474,CASH_IN,236431.44,C32683385,2613664.82,C2066316861,3894751.49
398,CASH_OUT,420387.05,C563294317,0.0,C1132497787,460580.49
394,PAYMENT,23920.27,C862442246,833.26,M1602614697,0.0
493,CASH_IN,103581.97,C634655641,11614.0,C668892136,0.0
374,CASH_IN,346259.67,C1459219329,10136.0,C2010884502,849268.14
402,PAYMENT,13841.05,C1331982799,0.0,M1505964375,0.0
587,CASH_OUT,379870.7,C1621818498,161400.0,C968657078,240357.29
588,CASH_IN,120344.36,C1753029186,0.0,C1026132440,12479694.43
397,CASH_OUT,268377.36,C774467010,0.0,C1199767471,305632.76
573,PAYMENT,11212.61,C1127209910,1122.0,M1319201238,0.0
394,CASH_IN,201663.77,C581592205,7001.0,C516854303,0.0
396,PAYMENT,11979.05,C1748644681,451846.0,M1637859548,0.0
542,PAYMENT,9418.68,C204028965,1562.0,M357277977,0.0
356,CASH_OUT,171786.36,C1923491700,0.0,C1161234125,247342.4
398,PAYMENT,3742.94,C569320847,18257.0,M291703839,0.0
374,CASH_OUT,65545.78,C923312022,119.0,C821017838,0.0
396,CASH_IN,17889.53,C68538182,630388.81,C172700106,212962.43
359,CASH_IN,132989.9,C1466051378,1223871.26,C95685469,4480191.21
420,CASH_IN,47780.64,C1423483893,4129792.0,C2097068471,109270.73
378,CASH_OUT,19539.08,C1498001380,0.0,C2020124447,322282.55
546,PAYMENT,5680.32,C1105927958,0.0,M426160163,0.0
359,CASH_OUT,2056779.24,C374971374,2056779.24,C738912638,191822.43
369,PAYMENT,21593.2,C1020942872,143323.67,M373644330,0.0
567,CASH_IN,123002.3,C2063176186,10348134.29,C687235213,1903865.19
670,TRANSFER,10000000.0,C2085303535,12113271.99,C1010370571,0.0
743,CASH_OUT,850002.52,C1280323807,850002.52,C873221189,6510099.11
546,CASH_IN,40983.89,C1794989444,2544021.66,C1384256192,22512919.11
381,CASH_IN,83323.36,C407661272,224130.0,C1361934198,3192.0
661,PAYMENT,7995.85,C1013831382,0.0,M274120388,0.0
396,PAYMENT,35884.72,C108953731,37649.0,M1443500560,0.0
710,CASH_OUT,64373.16,C771847525,3002.0,C610369825,739314.11
356,CASH_IN,29469.36,C352292192,29707.0,C316398525,1953945.94
396,CASH_OUT,47702.75,C1862426742,0.0,C483426018,1664289.69
681,CASH_OUT,181909.82,C1136765827,0.0,C284388563,195301.48
374,CASH_IN,197020.22,C494287475,51831.0,C2125985787,514702.82
401,CASH_OUT,307068.18,C582542761,44682.0,C1337539406,0.0
383,PAYMENT,8992.31,C1869327105,0.0,M548395849,0.0
646,CASH_OUT,10000000.0,C51318897,10000000.0,C259016801,0.0
373,CASH_IN,279923.26,C1556624890,13027887.31,C521216183,355414.04
524,CASH_OUT,56352.17,C1950327653,0.0,C467115820,1214183.94
395,PAYMENT,3784.79,C2023748622,0.0,M2076705622,0.0
408,CASH_IN,39762.25,C2116174905,1854124.35,C1792259350,408324.02
359,PAYMENT,3119.93,C1369184860,49900.0,M2007413321,0.0
380,TRANSFER,270493.3,C807060501,62482.0,C55936907,292599.51
400,CASH_OUT,243637.72,C1219136063,50079.0,C422745047,4716523.68
379,PAYMENT,2480.05,C1351172937,0.0,M578003418,0.0
356,PAYMENT,26131.73,C939326664,238405.4,M32306137,0.0
356,CASH_OUT,239117.6,C616881177,0.0,C1018013961,3983857.88
381,CASH_IN,145968.1,C187832875,46283.0,C461947167,0.0
398,CASH_IN,85096.74,C1795126007,7816.0,C1299474402,134220.72
407,PAYMENT,3397.18,C1139974454,75474.0,M1523963559,0.0
372,CASH_OUT,282278.59,C1150432059,0.0,C1455738879,2841319.09
402,PAYMENT,18610.4,C1931472734,157459.0,M697570861,0.0
371,TRANSFER,770.02,C152794724,0.0,C1967854703,677368.04
423,CASH_OUT,396757.22,C1392636479,396757.22,C1861392747,167363.79
375,CASH_OUT,298894.93,C144377447,0.0,C2022200143,984643.45
403,CASH_IN,236975.16,C1163169306,0.0,C164542772,448467.34
687,CASH_IN,146150.92,C268849903,2032607.58,C273517397,228661.91
356,CASH_OUT,156041.95,C2030124353,1467.0,C512342000,0.0
400,TRANSFER,193442.61,C1104757036,0.0,C3655538,5295271.26
542,CASH_OUT,236175.27,C453301165,0.0,C1296831746,1996547.98
403,PAYMENT,4948.55,C899285358,0.0,M1449577247,0.0
709,PAYMENT,42843.45,C1736541590,3542.0,M1129442077,0.0
667,TRANSFER,71554.74,C118393699,71554.74,C1077131612,0.0
372,CASH_OUT,241299.35,C420076108,2380.0,C1156072927,7356949.38
590,CASH_OUT,109927.41,C1267850081,0.0,C1541385794,4616454.56
408,PAYMENT,6481.92,C1382938408,10673.0,M1767583496,0.0
705,CASH_IN,45254.59,C391757615,20982.0,C107009047,0.0
500,CASH_OUT,223989.67,C665409961,0.0,C805718813,1069120.68
414,TRANSFER,724264.21,C1765244113,724264.21,C737913546,0.0
686,CASH_OUT,39011.31,C2115394049,20831.0,C424363983,0.0
401,CASH_IN,104692.36,C2048036813,70903.0,C1064291172,0.0
399,PAYMENT,51015.64,C896881012,911124.0,M510467805,0.0
376,TRANSFER,10000000.0,C1354478512,716.0,C99101075,112506.75
407,CASH_OUT,352015.18,C877767129,0.0,C2140434208,763863.93
619,CASH_OUT,82157.33,C198955400,11348.0,C1329372735,2546222.15
406,PAYMENT,17986.17,C39190161,186.0,M371698651,0.0
383,PAYMENT,11525.22,C644348876,26565.0,M1282331154,0.0
426,CASH_IN,383199.36,C441308906,4629919.31,C434449006,923887.9
372,PAYMENT,22496.64,C1825407999,9534.83,M1358485299,0.0
610,PAYMENT,643.8,C1655150150,49914.0,M684041392,0.0
378,CASH_OUT,65696.3,C1266382401,0.0,C1494718812,331201.69
571,CASH_IN,108123.4,C1076241800,10382.0,C1699987057,0.0
380,PAYMENT,4470.51,C701686726,0.0,M1576752469,0.0
377,PAYMENT,9705.49,C663417326,0.0,M1133248363,0.0
356,CASH_IN,140565.22,C36838456,19184.0,C645676853,926121.63
405,PAYMENT,15405.97,C1606310254,14518.0,M178589474,0.0
393,CASH_IN,206146.47,C1732186780,8395528.29,C1453588800,665209.79
377,PAYMENT,28350.92,C1528992342,103235.0,M1472006829,0.0
398,CASH_OUT,40359.5,C225099733,0.0,C8626143,63974.68
397,TRANSFER,2050524.55,C613911667,31854.0,C1191852172,252231.95
526,CASH_IN,104473.2,C1427813541,608562.51,C1057265840,2179883.58
375,CASH_OUT,144686.39,C338912688,58662.0,C2056890720,0.0
398,CASH_OUT,45164.06,C5208090,72486.0,C909043780,5007.42
690,CASH_OUT,173902.63,C1099545069,0.0,C2136861341,205090.73
407,PAYMENT,8401.15,C1465264131,4082.0,M926579763,0.0
402,TRANSFER,807628.99,C681083077,0.0,C1155681825,3762140.81
394,CASH_OUT,241093.05,C2110566538,0.0,C1395661339,913190.37
422,CASH_OUT,96674.15,C875142569,12036.0,C1863303135,26597477.22
398,TRANSFER,770118.73,C773340136,43117.0,C1317445613,587537.44
404,CASH_OUT,186293.44,C1066178885,0.0,C2121637158,2405298.66
357,PAYMENT,7151.4,C5804747,3917.0,M1075915988,0.0
395,CASH_IN,469044.96,C1329778467,8862856.14,C1279554878,1276458.02
359,CASH_OUT,310386.37,C760772844,0.0,C1719445482,2242905.37
370,CASH_IN,112221.11,C1419092368,12481.0,C1313697549,145625.0
399,CASH_OUT,260335.93,C32902078,0.0,C2055131296,2709453.83
544,PAYMENT,17431.33,C1091291247,49504.0,M1680798221,0.0
375,CASH_OUT,17949.18,C1184460408,0.0,C183946499,123112.31
358,CASH_IN,359914.52,C1345715282,4398408.99,C392760289,715052.95
401,PAYMENT,3769.59,C1288234160,18858.0,M637858566,0.0
525,PAYMENT,40260.7,C1512229793,10598.0,M990336759,0.0
590,PAYMENT,12072.07,C1240108659,103207.42,M1633786318,0.0
376,PAYMENT,36331.21,C297052195,101.0,M966561920,0.0
370,CASH_IN,136612.7,C1098064010,5881763.39,C1895949815,305575.95
522,CASH_OUT,36967.6,C549793403,0.0,C262040142,1771619.85
711,CASH_OUT,3399575.93,C1666144703,3399575.93,C1347394914,0.0
485,CASH_OUT,1425802.24,C1247391276,1425802.24,C2010547624,3978784.16
548,TRANSFER,166475.26,C1493918369,12635.0,C1014201315,359298.54
379,TRANSFER,253002.38,C1218579350,926050.0,C754066222,824230.3
400,CASH_OUT,197789.87,C864044657,0.0,C266328120,895844.16
380,PAYMENT,1754.64,C975666712,52829.0,M38603260,0.0
563,PAYMENT,3742.26,C775337498,139642.0,M137986449,0.0
401,PAYMENT,24719.84,C493344329,194154.08,M74070548,0.0
396,CASH_IN,84953.49,C444352164,10594.0,C276761335,305014.05
379,PAYMENT,13032.41,C593689424,51478.0,M1801461579,0.0
379,CASH_OUT,16949.56,C509746782,340.0,C878507844,1517.0
399,CASH_OUT,315921.24,C1828818387,14945.0,C1225911878,5022405.05
378,CASH_OUT,59478.69,C107755857,0.0,C1623822310,739342.93
401,PAYMENT,23176.38,C838327209,0.0,M472753405,0.0
384,PAYMENT,6187.7,C1652188383,11529.0,M672863848,0.0
399,CASH_OUT,240916.12,C1794633138,1002.0,C567298364,2281200.36
612,PAYMENT,8421.4,C1111342205,0.0,M1134739348,0.0
374,CASH_OUT,347684.43,C1627337905,30382.0,C783744521,114890.27
396,CASH_OUT,56745.21,C1106985848,0.0,C1736989250,59893.9
380,PAYMENT,6874.81,C1491301178,0.0,M1682768284,0.0
357,PAYMENT,17692.26,C2005573680,0.0,M760981259,0.0
596,CASH_IN,212379.34,C68316928,351286.58,C846165862,3393878.51
374,CASH_IN,78517.13,C426551340,13679362.86,C1441234293,3814400.91
542,PAYMENT,12716.7,C343184861,0.0,M1557434182,0.0
544,PAYMENT,13278.32,C1903282573,203324.0,M1384737042,0.0
397,CASH_OUT,530892.36,C2064934811,0.0,C1120599198,931858.62
402,PAYMENT,32383.42,C880844535,9860.0,M596087048,0.0
545,CASH_IN,399895.17,C393091825,466.0,C551257411,4664685.49
373,PAYMENT,13127.23,C1017298954,5736.05,M24089488,0.0
395,DEBIT,2234.68,C1946351888,21720.0,C1798881689,5467837.77
377,PAYMENT,20.77,C2023434044,33318.0,M58755116,0.0
403,PAYMENT,17184.55,C322232086,0.0,M1239508009,0.0
403,CASH_IN,106537.62,C1977754327,5798538.88,C703011699,3895807.37
384,CASH_OUT,48490.11,C599681355,274009.0,C1314110743,268419.13
451,PAYMENT,661.78,C923373681,414266.0,M548191025,0.0
379,TRANSFER,619083.89,C159356072,19416.0,C1774345652,0.0
407,PAYMENT,6364.52,C41064905,117884.0,M1141073707,0.0
684,CASH_IN,119417.65,C1618619956,8555856.9,C1137923213,557466.51
377,CASH_IN,205315.0,C649841170,74649.0,C1041654870,0.0
379,CASH_IN,901540.06,C2034386571,20176355.91,C1169401537,1284383.86
425,CASH_OUT,204030.2,C1353907463,204030.2,C79931133,0.0
371,CASH_OUT,111317.94,C1514886477,0.0,C1964004754,369996.17
408,CASH_OUT,441572.9,C1186015696,0.0,C1272893647,7775604.17
407,CASH_OUT,364066.33,C1612266368,0.0,C153829770,1371223.01
681,TRANSFER,472549.77,C329211190,217198.0,C999422944,5409781.74
396,PAYMENT,21429.92,C1745079314,137956.0,M195007192,0.0
356,PAYMENT,20543.07,C702816450,0.0,M744083096,0.0
370,CASH_OUT,354048.3,C1532509848,0.0,C241637582,14484338.29
358,PAYMENT,15706.25,C477978315,103514.0,M2130281415,0.0
420,CASH_OUT,435844.68,C25563191,30313.0,C234443349,0.0
395,CASH_OUT,142454.1,C1620546081,6146.0,C1448082310,4305779.46
546,PAYMENT,12539.16,C682410461,40241.0,M1311904710,0.0
401,CASH_OUT,210760.21,C1045520193,0.0,C567122362,467522.06
377,PAYMENT,10177.03,C1796776791,340016.24,M202616711,0.0
400,CASH_OUT,96002.42,C1901222332,384051.84,C1031364738,1568827.17
426,TRANSFER,370872.02,C1249858288,0.0,C1662043154,504192.92
585,PAYMENT,6738.36,C584146366,72057.0,M830065072,0.0
669,CASH_IN,27308.83,C1246817496,8171101.96,C1670059528,24162553.48
359,CASH_OUT,155956.44,C1784439831,174098.91,C913872949,4178890.06
428,CASH_IN,40746.07,C1363157226,10396684.57,C576901025,690237.98
495,PAYMENT,423.85,C1905989073,14972.0,M1157800541,0.0
715,CASH_OUT,320925.12,C1844231876,25073.0,C123204317,824842.78
378,CASH_OUT,97765.9,C986755035,1918.0,C247530066,2711559.97
500,PAYMENT,58.46,C1314443682,35380.0,M1853007379,0.0
374,PAYMENT,28616.47,C2028911575,0.0,M696524977,0.0
588,TRANSFER,2709729.22,C403920383,2709729.22,C1295775030,0.0
402,CASH_OUT,198139.11,C2101364535,77255.0,C1045173113,145985.21
370,PAYMENT,7171.73,C295849509,0.0,M861069860,0.0
514,PAYMENT,30736.4,C820662827,13747.0,M1962228833,0.0
403,PAYMENT,17278.02,C495952674,0.0,M1425056983,0.0
563,CASH_OUT,1676936.79,C1237943319,1676936.79,C1864215289,40039.54
380,CASH_IN,106258.12,C73230625,3285184.25,C1749541964,4238453.61
375,CASH_IN,165358.15,C2117729273,7443124.95,C1558472727,319255.42
370,CASH_OUT,140438.04,C974031781,529.0,C1539414805,5378245.5
718,PAYMENT,1800.09,C272872512,62199.0,M1459045029,0.0
617,PAYMENT,11666.97,C1684257749,0.0,M941155913,0.0
728,CASH_OUT,252667.75,C1817806739,252667.75,C84626312,0.0
617,PAYMENT,1626.8,C211474355,0.0,M2133863587,0.0
592,CASH_OUT,159819.02,C1735354771,0.0,C564164425,2057478.28
381,PAYMENT,38385.2,C2023857094,0.0,M5340597,0.0
376,TRANSFER,150193.1,C875374519,0.0,C840032618,251866.89
398,PAYMENT,17074.54,C1748651329,0.0,M924408827,0.0
378,CASH_IN,311441.72,C453940046,102.0,C2141828226,10100066.75
399,PAYMENT,21894.79,C767365081,53980.0,M1336332437,0.0
378,PAYMENT,6192.27,C1999664327,21395.0,M1461734328,0.0
687,PAYMENT,18362.31,C347826804,153295.0,M1686460843,0.0
619,TRANSFER,1161557.61,C306214941,0.0,C1463382010,5141864.29
398,CASH_OUT,98185.69,C1218383519,82000.0,C1929262122,1377624.47
379,CASH_IN,248369.93,C63759130,453448.45,C1914246564,766209.25
356,PAYMENT,5536.69,C1819822284,11520.0,M1088783502,0.0
405,PAYMENT,22351.89,C1009904756,238979.0,M1161220016,0.0
400,CASH_IN,155548.42,C154030447,5578621.23,C1246223545,5664949.16
401,CASH_IN,72324.86,C56081415,52338.0,C718274642,41120.07
395,CASH_OUT,192759.73,C614234086,0.0,C621213615,1491156.95
358,PAYMENT,25705.15,C818883770,10997.0,M441958041,0.0
608,PAYMENT,9600.19,C1296097183,16745.0,M407972550,0.0
471,CASH_OUT,122865.68,C46807109,0.0,C982831298,977585.8
357,PAYMENT,7109.36,C1553092056,11502.0,M1684419250,0.0
396,PAYMENT,5475.47,C1081447549,1040.0,M2018665978,0.0
595,CASH_OUT,301071.12,C1989248216,13889.0,C478981218,50771.44
396,TRANSFER,41367.69,C734381670,159771.78,C1969149148,223615.83
371,CASH_IN,27516.84,C37945915,13435219.08,C2060388497,110148.53
394,PAYMENT,2895.18,C1422272972,0.0,M792542281,0.0
400,CASH_OUT,258990.69,C1635272501,0.0,C564345200,5401815.69
403,PAYMENT,1792.57,C743199061,0.0,M724278656,0.0
380,TRANSFER,380216.15,C1760261797,0.0,C158288150,806313.88
590,CASH_OUT,2066.14,C100624383,0.0,C1166464431,728494.49
382,TRANSFER,283807.64,C649862585,0.0,C234558890,547197.22
395,CASH_OUT,108396.22,C299565306,0.0,C1905456339,460248.62
372,PAYMENT,6977.15,C1318871212,28625.0,M1626753096,0.0
373,CASH_IN,307993.32,C1359806714,14094035.27,C1340764331,7238811.77
359,PAYMENT,1903.2,C1271664415,41026.0,M1323492380,0.0
370,CASH_IN,371830.07,C1124726545,29380.0,C976761331,717744.07
596,TRANSFER,123743.55,C486656251,0.0,C282822666,296649.47
400,CASH_OUT,50062.57,C1935833681,10216.0,C1027883362,100173.24
405,CASH_OUT,136170.16,C1520431207,0.0,C716734803,331618.76
683,CASH_OUT,55165.16,C521492308,0.0,C1592617497,1015457.24
527,CASH_IN,147099.86,C2107618883,7824854.38,C782156017,924065.07
401,CASH_IN,104066.66,C190737612,46145.0,C1439236396,24889.86
372,CASH_OUT,389587.46,C1861920244,12086.0,C316459916,69306.69
380,CASH_OUT,60582.03,C1152987775,10881.0,C347275517,110379.81
372,PAYMENT,33658.96,C1459561810,5540.0,M462883087,0.0
400,CASH_OUT,157109.21,C58144648,0.0,C906584050,328500.53
684,CASH_OUT,137859.36,C393320999,124831.24,C2140434208,1115879.12
688,CASH_OUT,362161.21,C1291391210,113338.0,C1781773843,0.0
492,CASH_OUT,214158.5,C617802532,20486.0,C1376335457,145673.63
514,CASH_IN,171628.51,C215098154,21214266.78,C834376791,1403871.05
401,PAYMENT,16861.78,C454578282,52877.84,M1703791666,0.0
564,TRANSFER,30245.46,C209928657,30245.46,C301674737,0.0
372,TRANSFER,959076.0,C1312467281,148.0,C473215726,91316.73
541,CASH_OUT,3297243.38,C1395197193,3297243.38,C1975481357,22757.65
380,CASH_OUT,148497.24,C939535983,0.0,C643315968,151727.16
376,CASH_IN,116243.0,C197454482,7197954.74,C504795865,139828.57
398,CASH_OUT,15040.97,C1637465690,0.0,C1720531146,420704.2
378,CASH_IN,203547.27,C288050577,792.0,C1617779771,0.0
400,PAYMENT,45280.7,C1718037599,49950.0,M219566340,0.0
394,CASH_IN,336723.36,C883810443,26839.0,C1195371481,281880.52
522,CASH_IN,101179.88,C945857150,14676419.29,C1216773282,1025357.18
406,PAYMENT,10489.35,C1127906200,115351.0,M1543387137,0.0
369,PAYMENT,11890.47,C190697817,17111.33,M198576956,0.0
377,TRANSFER,806975.98,C156237247,0.0,C468039324,1109461.66
594,CASH_OUT,167272.51,C783690506,0.0,C687449291,924028.89
514,CASH_OUT,216454.84,C1997254343,103803.0,C573154827,960192.49
378,PAYMENT,2627.78,C1350371035,0.0,M451454776,0.0
377,PAYMENT,25590.03,C2111634910,0.0,M785546694,0.0
377,PAYMENT,4660.23,C512256902,0.0,M1020711746,0.0
565,CASH_OUT,66693.62,C1319264311,0.0,C1120293477,909074.93
379,CASH_IN,466035.2,C1671287122,3305980.83,C1738750217,1530051.57
396,PAYMENT,3958.78,C292160825,23763.0,M2139330150,0.0
404,CASH_OUT,85748.72,C1726337851,31200.0,C1420468628,93881.55
385,CASH_OUT,185573.83,C1599155055,0.0,C1226767186,737354.53
403,CASH_IN,443859.95,C1726041544,7834819.14,C799196769,1022380.3
403,CASH_OUT,114491.65,C1455777695,36788.0,C455431332,0.0
495,PAYMENT,13227.48,C60767299,87459.6,M1802437969,0.0
522,CASH_OUT,71549.27,C717594482,202346.0,C1996122613,1572208.45
405,PAYMENT,13963.04,C1898718515,50112.0,M631459699,0.0
358,PAYMENT,16484.6,C1312658131,34276.0,M771756786,0.0
404,CASH_IN,108809.61,C750630778,41711.0,C1775998966,1096058.56
403,CASH_IN,283326.17,C1809879561,3448431.19,C809074053,2810821.29
372,CASH_IN,247611.44,C857062676,8023435.92,C820454476,6234657.98
403,CASH_IN,269507.08,C2135772992,13405756.87,C1496408935,340544.09
709,CASH_OUT,139272.42,C193789741,13580.0,C183282822,0.0
404,CASH_OUT,208891.86,C2053785173,0.0,C85582090,3124446.01
379,PAYMENT,2078.34,C2053352899,521.0,M1545622920,0.0
399,CASH_IN,34199.89,C2118836984,5200831.79,C738137917,344026.07
380,PAYMENT,10577.38,C1878375408,0.0,M1919265695,0.0
383,CASH_IN,228087.81,C1465109591,17405713.35,C2015396264,612921.3
373,CASH_OUT,148774.6,C1444622025,0.0,C750503641,6038821.24
398,CASH_OUT,388788.41,C1002409840,117160.0,C810992025,327318.32
394,PAYMENT,52155.12,C1924671098,0.0,M1478659247,0.0
400,PAYMENT,15611.41,C1087433758,438382.39,M393804508,0.0
358,CASH_IN,25619.9,C55567473,4092777.67,C1947710397,215722.8
500,CASH_OUT,143124.52,C393077948,8303.0,C443478349,76.88
378,CASH_OUT,13673.97,C1476681108,12334.0,C1523343934,0.0
522,TRANSFER,613941.44,C1206745071,0.0,C1280392471,678311.3
386,CASH_OUT,978362.97,C2043269100,978362.97,C702718253,123481.51
405,CASH_IN,33941.12,C198752606,1802996.42,C507770935,456643.63
373,CASH_IN,382220.41,C1449563270,78705.0,C400734965,21764.99
610,CASH_IN,8028.9,C1256615682,2788086.66,C1070826164,196190.34
670,CASH_OUT,262068.88,C712172929,0.0,C1242504084,1980421.07
416,PAYMENT,1343.69,C1143782267,69760.0,M914115181,0.0
589,PAYMENT,8673.49,C2017332038,0.0,M142545998,0.0
590,CASH_IN,67829.94,C2127925221,13053.0,C286045928,52528.85
400,CASH_IN,101860.06,C1493865028,41735.0,C33956056,2237650.24
404,CASH_OUT,85490.52,C20427859,0.0,C1696496807,661959.24
574,PAYMENT,6316.46,C900029037,20359.0,M783028300,0.0
373,CASH_OUT,263015.54,C1032427768,10555.0,C84404261,0.0
396,CASH_IN,46694.17,C51383979,6548626.02,C636097497,288166.12
690,CASH_IN,38937.55,C729051857,3946649.45,C970303959,6112512.05
402,PAYMENT,15363.26,C773894567,100357.91,M1111270353,0.0
376,PAYMENT,8685.47,C1008208369,114565.0,M1400005800,0.0
376,PAYMENT,12347.02,C495786945,79579.0,M312458818,0.0
395,CASH_OUT,116256.41,C1268259084,50001.0,C909232454,247370.24
601,TRANSFER,74854.93,C865504538,74854.93,C682036673,0.0
356,CASH_OUT,105635.0,C1120846658,67683.0,C180973001,50043.27
396,PAYMENT,6216.98,C1755403783,0.0,M1489190210,0.0
397,PAYMENT,23239.46,C195603024,55430.0,M670788292,0.0
403,CASH_OUT,53881.44,C1364294041,131868.64,C490093101,2199031.1
382,CASH_OUT,144531.38,C1663164261,31100.0,C964998697,255425.62
396,CASH_OUT,415636.46,C903557258,0.0,C1698757089,21385183.68
372,CASH_IN,160869.64,C2033904198,6195415.79,C1919044200,2925601.17
400,CASH_OUT,229768.69,C418339822,0.0,C1332438625,362230.65
687,CASH_IN,185349.82,C1587635095,4805142.3,C658565113,807485.88
378,CASH_OUT,50845.42,C2047539678,15192.0,C1867808615,657496.19
379,DEBIT,1543.35,C872153009,0.0,C351166993,472651.74
356,PAYMENT,12225.49,C54947884,0.0,M502720547,0.0
656,PAYMENT,3728.17,C165147484,30331.0,M1629548293,0.0
400,PAYMENT,17616.48,C2080384155,32270.0,M880219447,0.0
400,CASH_OUT,58042.2,C203516120,22607.0,C736827179,0.0
398,CASH_IN,112964.03,C1847965179,496769.0,C318394313,509648.27
378,TRANSFER,200247.0,C1025381247,0.0,C1113884322,258777.34
403,CASH_OUT,247308.89,C1258682276,42195.0,C2120201555,55745.01
431,PAYMENT,12580.42,C1726526105,0.0,M754631425,0.0
687,CASH_IN,64277.93,C537044193,5219013.73,C1957689087,307936.14
594,CASH_IN,6845.29,C1259412410,4643263.57,C1371727853,198850.56
564,PAYMENT,33193.33,C772635681,0.0,M420372988,0.0
687,TRANSFER,154094.98,C1305722061,0.0,C764732775,170867.49
398,TRANSFER,1807529.11,C1388498821,15891.0,C2089547653,1549492.14
371,CASH_OUT,224638.87,C1066580979,197.0,C1961391243,432442.18
374,CASH_OUT,217772.93,C747650974,0.0,C2083347603,859147.69
396,CASH_IN,175677.91,C1227181923,20874223.31,C511742876,399430.28
356,PAYMENT,23225.31,C2072873994,26360.32,M181378147,0.0
375,TRANSFER,1311202.22,C825253819,0.0,C627573792,2471082.38
356,CASH_IN,94315.18,C210586275,4510805.26,C1543056545,957868.85
403,CASH_IN,16733.73,C1481597956,6204643.93,C1317568410,82914.19
396,PAYMENT,5852.89,C1091560515,0.0,M1982033019,0.0
371,PAYMENT,18810.28,C2013707975,519.0,M145915972,0.0
522,CASH_IN,294253.93,C969846753,5496604.5,C557384122,831541.3
401,PAYMENT,9762.29,C2059486086,32213.0,M77177926,0.0
547,TRANSFER,138315.62,C1366584913,267534.0,C1239043112,236643.92
688,PAYMENT,16370.81,C1304539857,0.0,M93729304,0.0
718,PAYMENT,10292.9,C177764879,27602.0,M856480324,0.0
371,TRANSFER,1570360.8,C1485299598,68868.0,C929952442,0.0
393,PAYMENT,15516.25,C2006593676,30391.0,M167325989,0.0
688,CASH_IN,14929.8,C1965948988,17123940.49,C1884610626,187206.72
379,CASH_OUT,374856.33,C1638213658,0.0,C923607396,4542528.33
490,PAYMENT,4743.36,C1707801447,20398.0,M1962176903,0.0
402,PAYMENT,18458.07,C2092365430,0.0,M1063981786,0.0
490,CASH_OUT,133847.26,C856666038,14769.0,C648597250,168268.49
356,PAYMENT,19543.11,C1495849096,22432.0,M677449786,0.0
610,PAYMENT,1759.38,C219088213,5066.0,M1297594098,0.0
407,PAYMENT,14654.08,C269657659,15063.0,M424653375,0.0
379,PAYMENT,16954.67,C1526871186,0.0,M2002129011,0.0
393,TRANSFER,163309.58,C1579295638,0.0,C472825142,452247.22
684,CASH_IN,88816.44,C312530276,2332097.13,C1811883521,2628066.1
400,CASH_OUT,143066.92,C1545895413,0.0,C249932934,6036019.55
378,CASH_OUT,121641.75,C1375269884,104748.0,C1338512346,174663.57
397,PAYMENT,13970.01,C808226693,130732.05,M901489861,0.0
594,CASH_OUT,109186.34,C559513838,291537.0,C593768963,0.0
522,CASH_IN,154595.44,C815308752,80476.0,C1369736752,336427.51
393,PAYMENT,747.2,C1446074330,25640.0,M1848296747,0.0
691,TRANSFER,336987.71,C1136165755,5654.0,C1315394097,289291.3
377,PAYMENT,16518.94,C1931898300,51159.0,M1173425506,0.0
374,CASH_IN,111606.51,C935106568,1422938.85,C145853323,2880508.43
371,TRANSFER,84357.04,C1192902053,6700.32,C1818046030,535333.72
590,PAYMENT,10277.21,C185316138,0.0,M2042972862,0.0
570,CASH_OUT,273365.02,C246165984,415995.97,C1727419239,8538223.82
401,CASH_OUT,197035.91,C1966631514,0.0,C647213381,347059.36
393,PAYMENT,25149.44,C231415406,99953.0,M1015108483,0.0
373,CASH_OUT,179346.25,C2017519643,13626.0,C51730983,472147.76
371,CASH_OUT,238321.31,C401888558,26647.0,C1939489848,0.0
405,CASH_OUT,110489.85,C1686248620,103190.0,C1263332995,433922.8
397,PAYMENT,4981.27,C775903601,0.0,M812761684,0.0
687,PAYMENT,6569.94,C1234558953,16863.0,M661049294,0.0
380,PAYMENT,5226.52,C1585195989,0.0,M66534,0.0
690,PAYMENT,20146.18,C1880333288,0.0,M575036260,0.0
356,PAYMENT,345.14,C1640707816,5002.0,M823936975,0.0
403,CASH_IN,120518.67,C347825290,8544304.81,C1620168250,151405.84
394,CASH_OUT,314746.18,C1202012300,214781.0,C1959946126,183877.03
397,CASH_OUT,290434.47,C369352346,138349.88,C1531152153,1342077.77
374,CASH_OUT,98196.97,C399375495,0.0,C139950608,353420.74
383,CASH_IN,49922.0,C566614807,14797923.55,C1364317461,2154729.91
356,CASH_OUT,288786.05,C989461659,9028.0,C1862785609,0.0
687,PAYMENT,3323.58,C1299961653,0.0,M1563526302,0.0
398,PAYMENT,13432.93,C531331143,0.0,M25974293,0.0
396,PAYMENT,28169.16,C1404762656,20190.0,M527872073,0.0
395,CASH_OUT,107018.05,C639096933,4024.0,C1244645746,541970.17
683,TRANSFER,420111.2,C217958569,0.0,C1772888776,14329615.39
454,TRANSFER,278577.6,C270286609,278577.6,C311232614,0.0
401,TRANSFER,311696.93,C1418885579,0.0,C1958168367,453372.74
378,CASH_IN,146945.54,C1280717798,32319.0,C1316877234,0.0
371,TRANSFER,859493.95,C640494137,0.0,C731849436,4311745.16
374,PAYMENT,15831.32,C347285829,185328.0,M2088312965,0.0
380,CASH_OUT,127226.47,C1287908637,0.0,C1195223077,2029183.03
378,PAYMENT,19141.54,C95409703,355144.68,M73371096,0.0
379,CASH_IN,123468.29,C984511011,766635.78,C11504038,124590.13
569,TRANSFER,573393.69,C1972325338,0.0,C1859916412,2834989.5
403,CASH_OUT,122105.03,C1738877120,341.0,C142613904,436718.46
371,TRANSFER,112950.3,C431270315,0.0,C565413053,2062550.67
374,CASH_OUT,60815.51,C1426681920,0.0,C233540084,487941.95
687,CASH_IN,49624.08,C73234257,11256233.63,C1738450536,286307.32
371,CASH_OUT,97257.27,C2051959902,258644.0,C1257974865,0.0
357,CASH_OUT,141546.74,C2059324024,0.0,C802451779,865132.14
378,CASH_OUT,111899.14,C688008074,54819.08,C1098962316,422157.37
401,CASH_OUT,152236.99,C618617859,0.0,C400886187,157493.4
548,PAYMENT,8694.73,C1736606741,45527.0,M117564471,0.0
738,TRANSFER,814689.88,C2029041842,814689.88,C1023330867,0.0
402,PAYMENT,5989.85,C653020732,10140.0,M1427217931,0.0
374,PAYMENT,105.73,C336911428,3923.5,M1492333162,0.0
400,PAYMENT,3989.62,C201282836,0.0,M915723564,0.0
371,CASH_OUT,225090.79,C299553678,0.0,C1074450739,413827.78
544,CASH_IN,138972.48,C263879875,2378611.32,C996693397,285680.31
403,CASH_IN,252368.42,C88183616,51474.0,C556959441,0.0
372,PAYMENT,31428.88,C80518017,167556.1,M858981183,0.0
396,PAYMENT,40953.89,C524274277,0.0,M2102546288,0.0
522,PAYMENT,11685.94,C623571954,82010.75,M620448431,0.0
374,PAYMENT,29937.53,C1076129081,21535.0,M624146420,0.0
393,CASH_IN,282001.07,C1551749696,172534.0,C1733607406,96812.26
370,CASH_IN,182276.95,C2121953928,7211796.34,C425579976,6121834.53
382,PAYMENT,17090.51,C760959312,11641.0,M758439804,0.0
394,CASH_OUT,82160.64,C1487095886,8563.62,C467554034,846590.55
379,PAYMENT,1189.1,C960030723,101040.0,M1137359064,0.0
381,CASH_OUT,76337.49,C735124560,0.0,C1280855766,4237201.13
608,PAYMENT,10529.23,C741321242,36546.0,M2063229931,0.0
688,PAYMENT,5583.27,C70920272,369936.71,M997536965,0.0
397,TRANSFER,3416350.22,C203065850,16617.0,C1332278292,0.0
386,CASH_OUT,10000000.0,C165107915,10000000.0,C265818322,37732.12
397,PAYMENT,17978.13,C1355898997,10864.0,M564504914,0.0
405,PAYMENT,16542.79,C151627705,36452.01,M1290417205,0.0
552,CASH_IN,183756.69,C1754546329,8620181.44,C359546093,4176047.33
687,CASH_OUT,93818.07,C1058369205,795.0,C1779548635,1005919.53
399,CASH_IN,81543.71,C2109602078,8126773.12,C370230738,138632.83
404,CASH_IN,111081.86,C1292272746,5023726.73,C1580918409,271850.05
400,CASH_OUT,202236.23,C198913380,6549.0,C1216048955,14221.1
379,CASH_OUT,25098.37,C170783904,0.0,C1004254135,666027.36
405,TRANSFER,921761.5,C178247286,0.0,C716907169,4326384.25
522,TRANSFER,621383.54,C939108572,31922.0,C1866705814,389961.44
397,CASH_IN,291318.98,C824928293,6013099.54,C619769136,1403283.79
381,PAYMENT,40047.28,C1552370729,0.0,M865610685,0.0
526,CASH_OUT,25507.08,C2090581171,51815.0,C524317906,0.0
500,TRANSFER,43459.53,C299228950,616.0,C1994797057,0.0
379,TRANSFER,271460.0,C231371055,105549.0,C207833144,12221.89
380,CASH_OUT,420383.53,C772178069,0.0,C495102090,1255658.67
380,CASH_OUT,41595.86,C790959093,0.0,C613566533,46679.85
375,CASH_OUT,276951.68,C705006598,45912.0,C1628819316,248983.72
704,CASH_OUT,8813323.11,C748275134,8813323.11,C118248248,0.0
399,CASH_OUT,350017.08,C986981998,350017.08,C357229033,0.0
641,CASH_OUT,115599.26,C649566267,115599.26,C1937119864,2621088.84
400,CASH_OUT,126219.07,C1971841175,0.0,C2116774032,661387.49
400,CASH_IN,155551.7,C1705487998,69619.0,C2063372148,917180.9
372,PAYMENT,22913.69,C2101568569,0.0,M1473239349,0.0
471,PAYMENT,24676.9,C2019000234,0.0,M1048113707,0.0
379,CASH_OUT,189608.11,C664292975,0.0,C120580556,253207.88
594,CASH_OUT,34048.4,C1646588938,10762.0,C393592448,672234.05
396,PAYMENT,9704.26,C570577898,155535.51,M956248412,0.0
372,PAYMENT,38295.74,C2006566237,10621.0,M1174670342,0.0
379,TRANSFER,251538.84,C585469957,527373.47,C1323333624,510571.93
398,CASH_IN,514094.18,C318254579,1915513.35,C1067933777,515322.81
377,PAYMENT,1133.11,C2045655037,0.0,M970307169,0.0
705,CASH_OUT,22063.28,C2024283993,101045.0,C736899576,5905103.2
356,CASH_IN,141335.01,C620132912,21769.0,C1307262349,359515.19
625,TRANSFER,2480321.85,C1189052930,2480321.85,C1217650717,0.0
396,CASH_OUT,22538.97,C553521110,14506.32,C101644148,145412.2
442,CASH_OUT,41093.14,C1493567771,113.0,C399935738,199677.22
546,PAYMENT,537.39,C580336782,41820.0,M667833965,0.0
393,CASH_IN,80327.02,C1123131963,493364.0,C727935781,247737.6
394,CASH_OUT,294831.14,C130201939,16037.0,C1193790709,331113.11
403,CASH_IN,375713.04,C1191153073,24422074.05,C918594080,517647.82
550,CASH_OUT,40102.85,C322572887,0.0,C1464562993,1840321.54
385,PAYMENT,2174.01,C979173106,110005.0,M497858351,0.0
379,PAYMENT,13431.4,C1817841836,32229.0,M1102060859,0.0
363,CASH_OUT,56231.05,C615216082,56231.05,C513190251,0.0
393,CASH_OUT,53869.92,C235533071,675.0,C785266245,0.0
377,PAYMENT,8606.31,C1572263347,429994.0,M668666391,0.0
369,PAYMENT,18194.5,C614252613,0.0,M1554350934,0.0
380,CASH_OUT,23169.53,C2088643424,56323.0,C1822442231,465284.08
378,CASH_OUT,25784.52,C1586174027,64963.0,C477022478,2311555.05
395,CASH_OUT,92485.38,C94081689,0.0,C25578470,1499025.93
688,PAYMENT,4303.79,C1395450706,34921.0,M2108565653,0.0
563,CASH_OUT,84668.07,C85197985,0.0,C1776909728,2552132.39
373,CASH_IN,129865.7,C1664929951,5456489.06,C431217396,3280168.72
398,CASH_OUT,186154.79,C540975555,0.0,C429115940,6515681.43
398,CASH_OUT,239825.99,C1473933201,30105.0,C1114335433,2430037.97
402,CASH_OUT,335325.85,C579107344,0.0,C1163312894,438033.88
379,CASH_IN,338253.81,C1619028101,1888882.62,C1910859817,2746554.97
403,CASH_OUT,106027.27,C1339801493,80703.0,C2124977906,142608.15
495,CASH_IN,147043.84,C426558279,362.0,C1334701081,4275398.43
375,CASH_OUT,90764.6,C182008620,0.0,C697820002,209246.11
400,CASH_OUT,307909.45,C2054234054,0.0,C346908955,850501.17
380,CASH_IN,82629.42,C1029041614,3985156.13,C859214682,1045084.88
374,CASH_OUT,104694.27,C1552489529,110089.0,C1057973741,132575.66
592,PAYMENT,1436.3,C66297412,0.0,M634332833,0.0
372,CASH_IN,234164.32,C1419933286,3784747.62,C855979354,597254.17
396,CASH_OUT,334473.05,C612951004,111.0,C1850869639,0.0
378,CASH_IN,34674.16,C282421129,7417021.11,C214835858,58539.6
404,CASH_OUT,138320.29,C819694624,662817.0,C1946172650,0.0
378,CASH_IN,147951.68,C525779391,30282.0,C1619721993,760772.41
403,CASH_OUT,128827.1,C774677020,0.0,C1764750789,363630.39
395,CASH_OUT,88150.63,C159043805,0.0,C914599254,1515389.59
481,CASH_OUT,190215.18,C884840595,190215.18,C1836069154,0.0
374,PAYMENT,5042.3,C107015112,0.0,M823384096,0.0
400,PAYMENT,2720.68,C501137018,73558.0,M329993039,0.0
378,PAYMENT,26853.76,C1175845001,19089.96,M608807487,0.0
449,TRANSFER,41611.79,C1353351843,0.0,C1173618342,278166.89
377,CASH_IN,73126.06,C28438922,3978755.31,C573908112,1898486.66
380,CASH_OUT,256702.37,C668326169,0.0,C1014211061,1039601.73
374,CASH_OUT,154828.8,C986619579,10803.0,C27414294,288026.29
370,DEBIT,567.36,C1370869336,4589.27,C358835644,4653585.06
400,PAYMENT,47957.03,C114008904,7078.0,M1196501612,0.0
379,PAYMENT,7403.67,C306110659,0.0,M1155317743,0.0
403,CASH_IN,46147.37,C1310030503,4406678.1,C253218862,105592.02
522,CASH_OUT,21429.04,C680681826,62410.0,C95097484,26610.79
383,PAYMENT,7816.77,C1847374457,14772.0,M352140071,0.0
522,PAYMENT,19298.81,C1080414286,0.0,M2016452490,0.0
448,CASH_OUT,31793.92,C571397473,0.0,C1246921805,1139965.97
370,TRANSFER,502171.56,C512675155,0.0,C131129249,723868.69
396,PAYMENT,5499.31,C1313642449,0.0,M201821436,0.0
396,CASH_IN,46453.44,C961849513,30051.0,C146618127,202552.29
373,CASH_OUT,9665.16,C1650567106,0.0,C853270603,163738.54
397,PAYMENT,14235.66,C1350350531,50227.0,M299716745,0.0
374,CASH_IN,145808.82,C607608183,13736739.65,C1186845929,210994.93
403,CASH_OUT,209340.75,C1676951803,34333.0,C659231700,68527.68
403,CASH_OUT,367322.25,C1875648755,0.0,C1121873096,2197170.94
380,CASH_IN,58456.01,C275321342,56437.05,C1038692651,918155.45
393,CASH_IN,191964.92,C628894580,7097163.47,C1724287514,455320.2
383,PAYMENT,6389.41,C394930062,10520.0,M373063142,0.0
522,CASH_OUT,36349.78,C1380490436,139552.0,C2123436508,0.0
379,CASH_OUT,81469.06,C1571909934,55152.0,C1920598018,168705.7
398,CASH_OUT,390465.77,C2092546696,34143.0,C385139309,141954.76
379,CASH_OUT,293739.77,C1379268980,13911.0,C135034229,402599.95
656,CASH_IN,317828.71,C1752321217,4512052.92,C1555521961,1025436.25
404,CASH_OUT,204337.63,C970851692,4086.0,C1500223111,0.0
373,CASH_IN,368721.59,C341283050,336691.49,C2103935107,1528755.25
492,CASH_OUT,105064.6,C1113128378,0.0,C910951591,113013.29
356,PAYMENT,260.6,C150987703,0.0,M1504878413,0.0
684,PAYMENT,14341.17,C694162609,0.0,M1007833644,0.0
372,PAYMENT,9492.7,C683895780,26851.81,M348591614,0.0
369,CASH_OUT,124759.27,C1577917688,0.0,C1000331638,1314483.45
550,DEBIT,7540.92,C276496821,10776.0,C1965692481,2835169.58
377,CASH_OUT,91320.39,C754489408,0.0,C488160886,589817.45
399,CASH_OUT,25530.86,C2036988920,0.0,C2007411754,337650.75
538,CASH_IN,35216.95,C1999309641,1563715.87,C205047333,37614.32
372,TRANSFER,1408420.4,C1378875493,0.0,C1895868749,1966408.09
691,PAYMENT,34741.42,C1644017170,549325.97,M1768764754,0.0
378,CASH_OUT,25766.61,C811268697,837285.0,C2030776854,0.0
377,CASH_OUT,295606.82,C776506671,46705.0,C829369759,384784.49
548,CASH_IN,305723.01,C1867499351,452368.93,C1572330362,6201511.89
405,CASH_OUT,83497.25,C1863732281,207602.63,C2127050372,254227.24
715,CASH_IN,131890.81,C1642301182,25717.0,C720873988,158239.83
694,TRANSFER,292815.44,C4952914,292815.44,C902467451,0.0
716,TRANSFER,921393.95,C1878448827,921393.95,C765829328,0.0
614,PAYMENT,10555.05,C230883814,0.0,M1936655733,0.0
394,CASH_IN,60008.47,C96120665,8362836.23,C1856863522,641401.62
377,PAYMENT,2838.02,C1166812526,592.0,M2114896743,0.0
400,PAYMENT,19273.97,C1538410550,1211.0,M886228702,0.0
378,PAYMENT,2317.49,C1495128861,109363.93,M477458416,0.0
394,TRANSFER,466931.33,C500153631,0.0,C1886355069,668251.2
381,PAYMENT,1017.09,C1507217719,109001.75,M579827042,0.0
403,CASH_OUT,163138.4,C1124646282,0.0,C326350075,314785.48
403,CASH_IN,60046.15,C333993062,52569.0,C1601592750,3291849.72
407,CASH_OUT,302391.19,C209978207,0.0,C178271692,3951093.25
380,CASH_IN,489995.75,C1101433786,23111934.26,C250260742,3511735.26
403,TRANSFER,207820.58,C1353898941,0.0,C1631542024,531034.77
394,PAYMENT,23697.87,C2113129799,368118.88,M84160248,0.0
500,PAYMENT,2328.89,C1700093687,11763.0,M1371048567,0.0
399,CASH_OUT,131534.23,C416510378,0.0,C724015676,1518378.11
595,TRANSFER,1008672.99,C983096368,0.0,C760918987,7112667.73
369,CASH_OUT,218033.49,C344128588,362.0,C53480702,736645.11
524,CASH_OUT,3648.65,C343601327,216353.75,C2077847626,1280236.1
371,TRANSFER,414491.3,C1104250867,0.0,C989454103,1350220.52
547,CASH_OUT,252330.3,C486383147,0.0,C1546825958,465025.29
518,CASH_IN,441035.81,C167639046,2111.0,C1785218677,639593.4
378,PAYMENT,22174.02,C1544461808,0.0,M1274897628,0.0
526,CASH_OUT,11127.38,C1518946228,0.0,C1655692089,133810.75
455,CASH_OUT,542222.77,C651782265,542222.77,C571026687,459408.41
402,CASH_OUT,196602.89,C1778513165,0.0,C1258063038,494362.88
398,TRANSFER,1331434.74,C531451950,174885.5,C813417873,11722621.88
376,CASH_IN,89846.46,C242969241,20641.0,C1666979035,6797.86
378,PAYMENT,1719.76,C1675320837,0.0,M222959130,0.0
375,CASH_IN,202137.99,C351741599,8799695.8,C567435979,744772.4
379,CASH_IN,227107.2,C2052109193,20312.0,C195684796,87531.48
356,CASH_OUT,58540.27,C1759964197,1706.0,C1945917295,0.0
714,CASH_OUT,176082.15,C609167879,563101.0,C359976819,75730.47
357,PAYMENT,14324.94,C1997589449,0.0,M27289104,0.0
540,TRANSFER,1384530.26,C1508926421,0.0,C803265064,2734368.89
401,CASH_IN,268270.98,C1783309474,4663814.08,C1910307083,268710.07
381,CASH_IN,88694.76,C436352463,4815885.28,C893117818,4088828.51
396,CASH_OUT,88636.25,C1872681704,0.0,C1857297434,2309833.36
681,CASH_IN,6533.44,C1638184335,63292.0,C331458392,64330.44
405,CASH_IN,45443.64,C1263327900,406869.05,C1389476486,117235.07
692,CASH_IN,187146.07,C864850706,4114476.0,C1916646760,320198.12
394,PAYMENT,21173.34,C884039825,0.0,M1061771583,0.0
405,CASH_OUT,193987.61,C1872856757,42238.0,C1674456810,167270.92
404,PAYMENT,5128.62,C305254471,11486.0,M516869561,0.0
372,CASH_OUT,452029.25,C27342285,1047.0,C1306943749,0.0
426,CASH_IN,256271.54,C1917387696,13299.0,C1681291506,34737.54
373,CASH_IN,111176.46,C1152994170,272883.55,C1551985738,17273340.44
379,CASH_OUT,261045.29,C1132924705,0.0,C148455952,384443.87
359,CASH_OUT,98055.58,C1337807472,0.0,C1979069750,137801.03
614,CASH_IN,11.5,C1345019269,8968618.74,C1868319760,152996.43
372,PAYMENT,14777.28,C523456603,23408.0,M2102929086,0.0
595,CASH_IN,186709.99,C712767942,31775.0,C376592122,0.0
398,PAYMENT,28441.09,C1270608172,86805.0,M1384197041,0.0
539,TRANSFER,79594.91,C1091619735,79594.91,C93455814,0.0
401,CASH_IN,210840.8,C1446025756,21054.0,C982816160,1063085.09
404,CASH_OUT,8651.19,C1361068685,0.0,C1914142850,98201.0
642,CASH_OUT,64562.68,C795611152,0.0,C798610243,99461.99
540,PAYMENT,20266.01,C1215401295,0.0,M127331875,0.0
394,CASH_OUT,256609.03,C155040024,0.0,C1594420852,16383582.25
372,CASH_IN,12364.44,C1886259043,38157.0,C1218667168,3429690.54
373,CASH_OUT,103015.3,C1179245957,0.0,C660184614,191662.34
373,CASH_IN,21731.66,C1333711229,2665774.17,C438572015,186137.1
380,CASH_IN,160954.72,C1731485648,15474945.64,C64646338,826386.99
402,TRANSFER,108032.72,C1832939316,0.0,C1510953772,254198.36
371,CASH_IN,83042.37,C752711245,16410792.31,C530805268,118248.69
403,PAYMENT,12954.87,C1793021912,69184.9,M1424916832,0.0
376,CASH_OUT,19144.0,C570856708,301639.0,C1429388074,49952.87
401,CASH_OUT,2455.73,C1427560547,3158.0,C2030449084,2580.43
612,CASH_OUT,236442.84,C1579647862,22348.0,C1655494467,3377152.35
692,PAYMENT,360.95,C746877240,47284.0,M674107638,0.0
399,PAYMENT,20013.13,C316020718,9685.0,M469982744,0.0
399,CASH_IN,6306.74,C1014458385,1421319.4,C627177165,91420.5
402,CASH_OUT,156804.82,C391077174,19938.0,C1962485717,601811.03
404,PAYMENT,5097.61,C277704014,7616.0,M1550054278,0.0
383,CASH_IN,115369.01,C1800472424,4590279.0,C132144324,4481742.28
596,CASH_IN,134066.41,C2104999625,25170.0,C2074660349,118090.64
394,CASH_IN,221599.07,C1374515362,11433.0,C1142036280,844631.82
372,CASH_OUT,26471.91,C1153037673,0.0,C1097593594,84612.5
684,CASH_OUT,181620.11,C2111219229,0.0,C1882036790,1175270.03
380,DEBIT,1579.33,C761239266,171.0,C500644361,551652.5
683,CASH_OUT,150868.82,C56568719,4779.0,C1826339416,0.0
371,CASH_IN,38930.4,C1978509416,1112308.67,C490445758,111015.35
399,PAYMENT,17336.5,C1740708137,756.0,M1289866371,0.0
402,CASH_OUT,48266.8,C1899102939,48266.8,C125082490,77475.93
384,PAYMENT,17066.44,C8959862,11242.0,M1441289846,0.0
401,TRANSFER,110139.21,C1514672162,921.0,C389666681,4355726.81
379,PAYMENT,13349.96,C21060340,336916.92,M1568860021,0.0
525,PAYMENT,2980.26,C2053793232,0.0,M610607684,0.0
405,CASH_OUT,134787.96,C900496282,20905.0,C881602585,0.0
403,CASH_OUT,53767.14,C627059407,431396.62,C1508108639,2401027.48
403,CASH_IN,174055.08,C1244332355,6387801.71,C142642915,402694.18
546,CASH_IN,131598.17,C1065200445,1830054.39,C2127679420,3305407.11
382,TRANSFER,16089.93,C2011035368,182442.0,C206486535,0.0
405,PAYMENT,5549.8,C855602158,38813.0,M2005699993,0.0
550,PAYMENT,24695.78,C1279597077,0.0,M936000203,0.0
370,CASH_OUT,111963.6,C1397715623,144908.0,C1362079232,8635.36
402,PAYMENT,17486.93,C410443769,89696.08,M1896803973,0.0
407,PAYMENT,13236.39,C1333489194,10529.93,M936515602,0.0
369,PAYMENT,13611.02,C535326668,0.0,M1924591947,0.0
546,PAYMENT,10317.31,C1668102558,0.0,M33502131,0.0
403,CASH_OUT,28166.11,C1190733265,0.0,C95941909,21524288.25
396,CASH_OUT,123506.9,C690905639,70914.0,C1971793306,236053.23
544,CASH_IN,42651.75,C1015152639,1867930.08,C1264185512,477500.8
402,PAYMENT,17704.7,C116731110,10986.0,M1680458343,0.0
399,CASH_OUT,7015.26,C1797175964,0.0,C99819427,80743.42
378,PAYMENT,15678.76,C1021165144,10339.0,M1385643167,0.0
382,CASH_OUT,149990.89,C693976773,0.0,C1751265534,388829.33
397,CASH_OUT,449465.9,C1709779975,11159.0,C785805542,3743.29
371,CASH_IN,294168.8,C1203852551,5607890.53,C1898649020,1845099.19
471,CASH_OUT,35935.74,C222031381,0.0,C878597140,1986068.68
373,CASH_IN,7960.07,C56302439,1745843.97,C829283931,245986.01
396,PAYMENT,24324.27,C1565625171,1603.0,M1341873227,0.0
405,PAYMENT,3808.44,C1597509220,20826.0,M1106440984,0.0
402,PAYMENT,30464.56,C1401771456,60466.0,M425830214,0.0
570,CASH_OUT,20809.37,C2070531145,0.0,C941698536,7426915.72
471,CASH_IN,359880.41,C1973565291,592349.31,C1111798193,10666624.95
374,CASH_OUT,99673.83,C1468888778,3750.0,C2114646086,0.0
404,CASH_OUT,73052.54,C1888308792,4700.0,C1043233019,4779895.37
379,TRANSFER,701661.73,C529476713,0.0,C204750602,2283682.42
402,PAYMENT,1915.06,C1766302943,0.0,M735556598,0.0
380,PAYMENT,37779.09,C1491890365,0.0,M241206588,0.0
546,CASH_OUT,74021.31,C411945366,202569.0,C446536869,4808532.0
416,CASH_OUT,184842.84,C170742379,0.0,C2081123333,337184.41
399,CASH_OUT,387079.88,C1198423632,7684.0,C233653488,0.0
400,CASH_OUT,40520.23,C567174862,0.0,C1493548396,294994.44
376,CASH_OUT,254269.87,C255193514,45143.0,C2059953179,0.0
370,CASH_OUT,1653144.1,C395458530,1653144.1,C1340837967,28997.07
396,CASH_OUT,108703.17,C890764552,32155.0,C789660106,431609.1
380,CASH_OUT,55380.46,C2086545144,0.0,C2033231699,651077.47
372,PAYMENT,6376.12,C1844578923,0.0,M358277646,0.0
400,CASH_OUT,282314.8,C1462146640,100302.0,C1039553160,246360.05
573,PAYMENT,20315.82,C1872028520,21107.0,M1134387250,0.0
548,CASH_OUT,215198.39,C1168526613,25312.79,C86447930,388747.96
371,PAYMENT,5042.78,C2013866119,8026.0,M330985405,0.0
371,CASH_IN,211290.34,C707827124,2065905.81,C1416624632,1991310.51
399,PAYMENT,47176.17,C302337762,98.0,M1695676541,0.0
369,PAYMENT,21102.31,C1127187349,39218.0,M1736389245,0.0
376,CASH_IN,10723.58,C666275040,494.0,C509849299,0.0
431,CASH_OUT,966389.93,C2016177370,966389.93,C232228089,0.0
404,TRANSFER,316143.97,C1983861349,51617.0,C1464635048,1273317.76
694,CASH_OUT,10000000.0,C611266537,10000000.0,C305170140,0.0
399,CASH_IN,430778.05,C1085280975,1839764.43,C255162347,3435631.44
358,PAYMENT,11984.91,C465844477,0.0,M1637811487,0.0
399,CASH_IN,5027.89,C1773611576,4478337.52,C1093343457,369456.66
571,PAYMENT,4791.27,C1990340265,0.0,M639711190,0.0
522,CASH_OUT,348069.72,C1286265163,334.0,C1470826579,0.0
400,CASH_OUT,106267.96,C1707710414,0.0,C1340123681,13111162.59
399,CASH_OUT,223543.04,C267835294,329629.42,C861381829,360503.82
475,TRANSFER,29611.08,C1481115689,29611.08,C370888897,0.0
393,PAYMENT,28494.9,C1955922602,309507.0,M1736057295,0.0
378,TRANSFER,686637.38,C1375413476,45033.0,C1926453033,2920797.33
377,PAYMENT,4630.65,C770077638,40784.0,M534974764,0.0
403,CASH_OUT,232299.15,C1206777363,54922.6,C1548423127,30164246.74
595,CASH_IN,98603.78,C1716491609,12724.0,C1051095165,68794.44
372,CASH_OUT,78120.34,C627153361,0.0,C1973609450,1096254.44
407,PAYMENT,13799.08,C1686246933,189185.0,M972128340,0.0
469,CASH_OUT,292357.52,C1868133158,12784.0,C398541879,41095.31
379,CASH_IN,25023.27,C110655812,5482866.36,C1806601224,2247917.31
375,CASH_OUT,147485.24,C1277489305,0.0,C330269721,6308574.82
369,CASH_OUT,83721.82,C1837106241,257757.76,C326587599,467275.86
372,CASH_OUT,125055.26,C624820410,4534.0,C1127509498,80386.65
383,PAYMENT,36017.17,C336321365,0.0,M2042415773,0.0
644,PAYMENT,8971.19,C2008438186,232513.56,M154151442,0.0
537,CASH_OUT,340119.98,C1783169722,340119.98,C1911284764,3680505.2
394,CASH_IN,363641.76,C378325411,32291.0,C1236866820,1011814.58
587,CASH_IN,191175.0,C604409618,4589844.5,C404540169,1389326.87
595,CASH_IN,185978.18,C38065773,107677.67,C1982168080,4378653.39
404,CASH_OUT,287786.64,C348961684,0.0,C2023141271,3699690.98
360,PAYMENT,1312.39,C22393673,222.0,M459926967,0.0
715,CASH_OUT,116587.4,C471626869,21904.0,C259875036,0.0
370,CASH_OUT,251660.1,C1488782003,277117.0,C770192464,224172.89
402,CASH_IN,85327.38,C811922286,29933.0,C1416415259,132326.17
394,CASH_OUT,348940.64,C1820656939,0.0,C1760202714,3923276.92
358,CASH_IN,112655.47,C211460523,2570517.83,C1568060461,632261.94
401,CASH_IN,323338.33,C246250133,11246.0,C534405863,5646747.51
469,CASH_IN,11437.31,C1171637983,50157.0,C1955348922,1772238.15
493,PAYMENT,20263.58,C1047841682,300290.0,M1527024417,0.0
379,CASH_OUT,179445.86,C2034840819,189.0,C1610108120,98188.19
545,PAYMENT,45248.32,C318531650,44956.0,M2108824835,0.0
375,CASH_IN,134711.72,C2143660737,4320875.11,C523627227,1177748.32
591,CASH_OUT,92496.4,C607311618,0.0,C838844922,169148.06
396,PAYMENT,33937.38,C843099239,0.0,M1537626618,0.0
394,PAYMENT,30704.6,C550803932,0.0,M99353517,0.0
396,CASH_IN,307488.25,C357031960,2485219.22,C1711601897,6504953.82
397,CASH_OUT,31143.04,C814887869,0.0,C239683524,1727629.21
396,TRANSFER,41765.32,C1439917550,13953.0,C1034820418,847505.98
681,CASH_IN,108673.04,C1301234374,8888724.66,C31428926,2809351.83
394,PAYMENT,15073.07,C1964793483,0.0,M39618201,0.0
382,PAYMENT,2498.66,C1053289863,205.0,M280397449,0.0
358,TRANSFER,803293.89,C131031670,0.0,C1171356654,3156254.96
406,CASH_OUT,107163.29,C198020422,0.0,C1180902811,6448653.48
565,CASH_IN,70167.16,C596355974,746.0,C58252947,1634481.05
546,CASH_IN,518307.67,C1064695602,1159028.2,C808640308,527228.12
402,CASH_OUT,354531.34,C779284924,0.0,C876233004,2288715.96
476,PAYMENT,15884.81,C1073643081,38940.0,M1509705965,0.0
379,CASH_OUT,237635.07,C160660742,0.0,C1365465684,3200248.05
637,CASH_OUT,92683.62,C2032600410,135414.0,C618012650,0.0
407,TRANSFER,31157.32,C1028273016,20416.0,C1643904486,0.0
357,CASH_IN,179108.96,C1703458730,119615.0,C496342402,63226.06
395,PAYMENT,57336.42,C110010798,40088.0,M2130910266,0.0
399,PAYMENT,14578.48,C1383648358,74577.12,M542886414,0.0
370,PAYMENT,17392.03,C1032175950,0.0,M796090109,0.0
372,CASH_OUT,6347.08,C814677974,19907.0,C1801880728,12524728.82
400,CASH_IN,175801.56,C1559418920,2025277.87,C1600171046,1187740.39
548,TRANSFER,1089732.91,C285004631,0.0,C2089774048,3055499.47
370,PAYMENT,17074.86,C777623760,150465.0,M2143160371,0.0
402,PAYMENT,4717.65,C1471780082,40553.0,M1875145781,0.0
518,PAYMENT,1527.54,C1098467772,20583.0,M1093147870,0.0
652,TRANSFER,762782.66,C1580037772,762782.66,C1784796594,0.0
544,PAYMENT,8745.42,C1970399554,0.0,M2055942235,0.0
408,CASH_IN,386182.7,C744512218,10799886.59,C746193088,789674.83
376,PAYMENT,570.48,C348821827,11609.0,M59557490,0.0
375,PAYMENT,10339.53,C1724822130,1137.0,M397331118,0.0
691,CASH_OUT,185394.68,C1193489271,0.0,C35913741,3005100.05
566,CASH_IN,113942.42,C1850150139,1249023.54,C297192903,997103.19
474,CASH_OUT,64387.18,C516464202,0.0,C1421532009,1752924.22
358,PAYMENT,12476.86,C1479289130,735.0,M992706067,0.0
372,CASH_OUT,264708.52,C695743341,15703.0,C721769703,1592766.98
384,CASH_OUT,115970.3,C29891422,0.0,C1954494149,611741.31
371,TRANSFER,2269100.97,C386988669,5703.0,C706816444,85490.91
548,CASH_OUT,183494.47,C849998284,11144.0,C2063430902,135852.11
544,CASH_OUT,454574.82,C1995618127,0.0,C1840573345,897374.03
643,TRANSFER,352179.76,C964511313,352179.76,C2000898325,0.0
490,PAYMENT,11541.83,C1505460334,0.0,M622190126,0.0
393,CASH_IN,223055.58,C1271511090,4526005.37,C197957361,1700225.19
401,PAYMENT,41382.07,C1129774700,52942.0,M603203601,0.0
565,CASH_OUT,69432.69,C1190332554,1075.0,C164685030,312825.05
383,PAYMENT,8447.13,C1781080379,49638.0,M1772153477,0.0
449,PAYMENT,10788.97,C1786733375,2226.96,M792924473,0.0
404,CASH_OUT,127711.2,C2141278075,0.0,C396842386,1748715.37
594,CASH_OUT,96052.2,C2075585669,277790.51,C702041552,544720.89
692,PAYMENT,5419.01,C1317356695,0.0,M1088486755,0.0
691,CASH_IN,73565.13,C1167288575,239.0,C158299779,2929038.63
398,CASH_IN,175708.45,C385103869,701389.56,C1939032669,3472959.0
399,CASH_IN,93909.56,C1937191135,427.0,C1090458283,0.0
378,PAYMENT,9978.06,C259807067,359350.84,M2088397203,0.0
442,PAYMENT,32558.26,C851961725,0.0,M1446801172,0.0
426,PAYMENT,1780.58,C101881124,108575.0,M1096200223,0.0
522,CASH_OUT,175012.86,C1740221200,0.0,C1372878152,1824147.56
370,PAYMENT,37181.41,C1768641292,33634.62,M676683438,0.0
596,CASH_OUT,75652.34,C328796277,0.0,C119714729,569394.11
399,CASH_OUT,158923.63,C1621406504,0.0,C815280712,3915032.46
400,CASH_OUT,86466.15,C35898313,0.0,C1133109286,546666.03
378,PAYMENT,75.5,C419686165,0.0,M2009758068,0.0
380,PAYMENT,42325.76,C1354838540,0.0,M1853998019,0.0
408,CASH_OUT,341818.3,C1068781617,0.0,C527692434,1491797.28
522,CASH_OUT,4485.09,C1495971861,0.0,C2104692837,69445.95
525,PAYMENT,65651.43,C453832740,31063.0,M1026064573,0.0
681,PAYMENT,7392.08,C1413357701,6956.0,M1132442562,0.0
394,CASH_IN,170864.03,C1897372941,4815772.33,C1846208196,368484.74
406,PAYMENT,167.68,C55561589,0.0,M1978044372,0.0
374,CASH_IN,292444.94,C428796176,52568.0,C417802511,131261.23
402,CASH_OUT,282058.22,C1709922053,133254.0,C1755140654,5987117.75
374,CASH_OUT,312695.76,C139076292,25067.0,C1589137958,822550.62
406,CASH_IN,183237.37,C633371880,5387763.86,C136109802,2746268.57
374,PAYMENT,26931.85,C1238169834,0.0,M1062358192,0.0
356,TRANSFER,205175.91,C238527572,72010.0,C1761874022,45036166.45
398,CASH_IN,211946.04,C822073825,2176946.16,C1758265849,18198022.38
373,TRANSFER,857057.55,C885462519,0.0,C312146715,38949014.59
661,CASH_OUT,119437.23,C354055753,1672.0,C1046838402,1011022.17
371,PAYMENT,4873.07,C179191036,0.0,M240664996,0.0
435,CASH_OUT,365332.78,C1014077257,365332.78,C948907509,27185.14
451,CASH_OUT,124462.33,C413665151,0.0,C1865015770,360191.77
373,CASH_OUT,170235.28,C1546934305,58419.0,C1667811565,0.0
373,CASH_IN,165541.37,C355311674,567151.73,C26113776,2178344.91
376,PAYMENT,3305.43,C1018093071,112766.64,M1980256713,0.0
592,CASH_IN,117053.08,C1773108157,6172.0,C801605926,49870.6
402,CASH_OUT,253418.16,C337987468,14888.0,C81603299,1238078.9
458,PAYMENT,1619.69,C875260255,15538.0,M1163949378,0.0
380,CASH_IN,122887.0,C818818740,3472831.45,C360857967,402950.76
396,CASH_OUT,11518.29,C1229272625,0.0,C1050625178,817865.05
687,CASH_OUT,21059.69,C446449290,495079.0,C1240231105,0.0
578,TRANSFER,195562.98,C2030633531,195562.98,C1537336209,0.0
431,PAYMENT,2316.2,C87278994,49383.0,M525062012,0.0
687,PAYMENT,9681.13,C332322421,23803.0,M1848214159,0.0
399,PAYMENT,1877.56,C2133819816,0.0,M446122027,0.0
371,CASH_IN,625092.15,C594543350,23737.0,C1181989010,553929.56
474,DEBIT,642.5,C2066749035,11612.0,C1997007597,1497966.35
476,CASH_OUT,100486.6,C139002203,0.0,C964940625,923065.32
393,CASH_IN,148364.78,C1527577918,1860771.57,C42066868,1980268.65
545,CASH_OUT,103642.58,C1574307934,19945.0,C409824568,1884826.2
394,PAYMENT,28691.83,C231219840,21873.19,M91101798,0.0
382,CASH_OUT,103280.37,C695598492,340984.0,C660359797,1361247.55
592,TRANSFER,426395.61,C2015077755,17735.0,C330433073,64194.87
544,PAYMENT,15224.6,C656310465,0.0,M1115131370,0.0
469,CASH_OUT,200224.79,C131699821,24986.0,C77062710,0.0
371,PAYMENT,919.68,C809778975,1674.0,M779635831,0.0
705,PAYMENT,4819.38,C1851240661,2650.0,M633382724,0.0
380,PAYMENT,5086.48,C1137668786,96649.46,M1801457395,0.0
399,CASH_IN,100688.96,C2037176809,6188701.51,C1133357447,7175410.22
398,PAYMENT,26667.7,C340289485,0.0,M686588793,0.0
595,CASH_IN,79449.07,C605533872,1174617.23,C1572762053,633358.72
370,PAYMENT,60269.38,C1085150436,180994.79,M381653097,0.0
369,PAYMENT,23306.69,C892582964,14460.0,M1788101322,0.0
371,CASH_IN,386478.32,C418729173,54227.0,C210138650,846229.19
396,PAYMENT,5928.71,C1708673519,30694.0,M415005668,0.0
372,CASH_IN,151567.47,C1451599138,1152415.33,C1273683437,1060168.25
399,CASH_OUT,530312.37,C93571326,5594.0,C932097483,333267.95
544,PAYMENT,10012.98,C536462631,185771.7,M1420771983,0.0
372,PAYMENT,27160.49,C70449841,105406.8,M1430469020,0.0
360,CASH_OUT,187085.17,C1174354210,0.0,C2080794562,4371508.39
380,PAYMENT,12480.82,C2044105597,0.0,M354391478,0.0
398,CASH_OUT,285978.19,C559506530,20391.0,C716861219,4792596.99
393,CASH_IN,121533.65,C1440423220,48354.0,C2055780609,29632.65
490,PAYMENT,14442.1,C1251572272,19102.0,M7950890,0.0
546,CASH_OUT,53657.66,C1081957730,55322.0,C499359059,25060993.43
379,CASH_OUT,161374.13,C924075229,110918.0,C1660564160,0.0
360,CASH_OUT,414072.33,C1302063088,19573.4,C1200781868,439795.88
393,CASH_OUT,28229.02,C1834491360,0.0,C749537149,650624.23
371,CASH_IN,230243.75,C1877055834,9057.0,C1697761990,193487.08
402,CASH_OUT,117269.04,C1146674011,669473.0,C832647794,84709.93
381,PAYMENT,14353.85,C1254768337,56310.0,M1218854153,0.0
380,DEBIT,3796.5,C455984075,59458.0,C1374261829,3794228.43
619,CASH_IN,164702.65,C1994772127,3151704.26,C968127787,2498559.09
687,CASH_IN,303907.19,C1389412386,422.0,C1785416898,0.0
404,PAYMENT,15428.13,C990876922,0.0,M1990486831,0.0
376,CASH_OUT,336618.06,C1008762986,0.0,C103263475,1320774.06
397,PAYMENT,13069.61,C225421677,0.0,M134444754,0.0
396,CASH_IN,122447.1,C1645887802,10033722.33,C1373646133,1569103.28
356,CASH_OUT,29437.67,C743847986,576.0,C2106795559,204856.59
408,PAYMENT,5662.82,C888537212,94.0,M721851504,0.0
616,TRANSFER,1265656.44,C782995006,1265656.44,C1783458447,0.0
372,PAYMENT,3661.79,C943732776,0.0,M1180529549,0.0
382,CASH_OUT,46304.5,C1503666779,0.0,C960208039,174775.75
661,PAYMENT,985.09,C1921413740,33056.0,M1004843280,0.0
375,CASH_IN,58122.93,C251936367,15607534.0,C1709006883,86366.74
379,PAYMENT,8448.72,C1876039288,0.0,M882378018,0.0
395,CASH_OUT,100140.42,C711249023,0.0,C2028163722,2729449.6
492,PAYMENT,56129.01,C431390325,0.0,M1337485191,0.0
371,PAYMENT,13030.97,C1767991061,0.0,M336120308,0.0
394,CASH_OUT,37751.21,C1058302895,30167.0,C1364309245,1043957.66
397,CASH_OUT,36190.44,C1975354743,0.0,C1935315729,1513439.51
370,CASH_IN,72604.1,C461244959,13814857.7,C1458770458,3084411.36
376,CASH_OUT,229316.82,C870052985,41492.0,C1034921403,0.0
357,TRANSFER,811353.4,C39474998,120304.22,C1185567380,4177622.65
380,TRANSFER,1856690.15,C1192886080,0.0,C711727006,5053938.37
397,PAYMENT,60041.64,C1051758578,568.0,M1242148248,0.0
404,PAYMENT,5131.95,C1275184302,0.0,M1483396070,0.0
466,CASH_IN,32393.55,C557511701,2738064.9,C1067548112,1750490.74
374,CASH_IN,84106.63,C1890315126,16520.27,C1121968554,993301.93
525,CASH_OUT,201577.64,C47197227,282.0,C1369212933,9472.75
644,CASH_OUT,270952.93,C973204954,0.0,C1551989694,1941982.08
400,CASH_IN,454378.93,C787643705,1127910.26,C163541031,1623863.06
692,PAYMENT,7291.84,C1351990110,11567.0,M1438527492,0.0
406,CASH_OUT,74366.87,C50862937,16487.0,C1326887487,366272.57
393,CASH_OUT,89572.92,C1774316831,0.0,C556999766,585952.28
373,PAYMENT,15687.17,C915064051,20985.0,M2028991333,0.0
399,CASH_IN,340833.14,C249346036,2142362.12,C142996484,690366.57
373,TRANSFER,746876.26,C792749847,1929.0,C1328258207,134486.57
377,CASH_OUT,212732.1,C1312360901,13247.2,C1969013332,308874.79
396,CASH_OUT,404028.59,C895460397,0.0,C1382104856,829854.71
356,CASH_OUT,85066.85,C278880951,106173.0,C716882020,159591.95
403,CASH_IN,124251.58,C1401405073,11210.0,C1604608199,148823.38
372,PAYMENT,6546.95,C160437786,109246.68,M886343999,0.0
571,CASH_IN,12362.48,C2010312672,6641090.64,C1389061981,154242.18
403,PAYMENT,4063.43,C110676001,223975.16,M1069321961,0.0
688,CASH_OUT,99598.26,C509957066,101761.0,C1731175012,1040921.99
375,CASH_OUT,463868.93,C1332920769,84671.45,C1727562137,870946.35
694,CASH_OUT,117015.69,C1917404303,20157.0,C1533906027,310970.11
402,PAYMENT,12523.71,C1482442194,54670.0,M1276554458,0.0
395,PAYMENT,18563.88,C643492220,0.0,M40833380,0.0
691,CASH_OUT,191372.69,C543651725,0.0,C1250876164,2805038.4
371,CASH_IN,166244.54,C1501544471,22971.0,C510294200,1044954.97
356,PAYMENT,8609.92,C1101926679,556.0,M1121344694,0.0
408,TRANSFER,69866.95,C455790353,0.0,C1182908639,73954.27
492,TRANSFER,223128.86,C1812606450,0.0,C1539187490,633816.11
542,CASH_OUT,230023.7,C1880160359,5513.0,C390388775,166926.21
400,CASH_OUT,36555.3,C1608666368,144670.32,C274707102,205454.56
416,PAYMENT,15736.53,C39001300,28663.0,M1776739516,0.0
490,TRANSFER,39044.32,C422325723,0.0,C743662030,1207270.54
396,PAYMENT,1312.8,C1134943879,559.0,M1883651455,0.0
522,CASH_OUT,265719.91,C342697548,9061.0,C1896420345,0.0
382,PAYMENT,1658.8,C650665967,6100.0,M1712031092,0.0
394,CASH_IN,16955.47,C1464021837,1277183.16,C112341329,75700.81
404,CASH_OUT,273314.61,C2096270100,14420.0,C311146264,0.0
469,PAYMENT,14789.66,C1214213567,101850.0,M1959698480,0.0
370,TRANSFER,3826497.19,C420638938,395247.79,C1897049400,4437687.45
357,CASH_OUT,12398.65,C1373803011,36120.0,C151811705,2881508.88
379,CASH_OUT,374250.0,C532472296,72165.0,C656313293,259631.45
574,CASH_OUT,5475.03,C1798304601,138816.93,C116651551,24930.2
453,TRANSFER,134725.66,C1443740367,134725.66,C465493916,0.0
525,TRANSFER,34362.7,C1328846127,7098.0,C1494565892,403265.89
372,CASH_OUT,58128.64,C2143239078,513.0,C550959736,5984565.46
403,CASH_OUT,52596.84,C305429016,84673.81,C997177319,301038.2
372,PAYMENT,3322.62,C2043877944,49781.0,M1045920827,0.0
687,CASH_OUT,14526.65,C1880764057,0.0,C1472597609,34945.04
401,PAYMENT,10923.89,C171298824,21596.24,M939629076,0.0
398,CASH_OUT,392596.89,C308692596,0.0,C640978469,425424.79
426,CASH_IN,416535.78,C965464441,1584516.7,C655753795,652686.78
383,CASH_IN,254703.63,C1286245371,14130678.82,C898001038,1381366.11
397,CASH_OUT,266509.07,C2707814,0.0,C806102788,392590.82
397,CASH_IN,43806.02,C15432189,28227.0,C142331962,356667.63
497,CASH_OUT,918087.96,C1842546630,918087.96,C1559008731,322224.88
400,CASH_IN,145192.91,C1368706668,50552.0,C1592233947,0.0
717,CASH_OUT,394605.69,C1047697317,394605.69,C1932528872,0.0
378,CASH_IN,99356.89,C2003875936,845463.07,C1438952507,228191.94
403,CASH_OUT,318878.17,C1475778660,107203.0,C1909401426,0.0
401,PAYMENT,58951.0,C2036983204,157059.0,M1942658181,0.0
518,CASH_OUT,391819.91,C728593923,10672.0,C1392886042,1260445.43
378,CASH_OUT,124582.46,C1670028102,0.0,C1951439287,1426093.5
372,CASH_OUT,27944.07,C343336312,0.0,C508348750,1070339.67
710,CASH_OUT,31105.56,C1184661395,20361.0,C1458617804,1846632.91
374,PAYMENT,26831.34,C325812315,2.0,M254427106,0.0
372,PAYMENT,5997.6,C1125265676,25976.0,M402395883,0.0
357,CASH_OUT,383009.91,C1524369072,0.0,C966081920,1581858.95
373,CASH_OUT,169030.4,C1547778272,1958.0,C15158281,308019.53
661,CASH_OUT,574535.0,C1233793428,0.0,C1915054024,3182310.4
401,CASH_OUT,131212.08,C1383102025,0.0,C1296972886,944681.65
567,CASH_IN,243221.45,C1785875539,10643449.29,C1941424286,5735387.8
379,PAYMENT,10965.73,C1483045448,0.0,M30914937,0.0
397,CASH_OUT,37753.57,C1599647177,0.0,C1596306253,2838810.55
692,CASH_IN,241345.34,C1073888982,1218816.23,C632961533,677630.41
395,CASH_OUT,223096.14,C1504158138,29800.0,C872687874,582496.53
520,CASH_IN,69172.41,C1716200722,4049187.86,C1119379325,2622287.19
399,PAYMENT,42610.4,C755369597,205712.85,M1027198474,0.0
379,CASH_IN,145359.9,C865496203,28128.0,C587206550,142439.77
356,TRANSFER,1540415.86,C1106856702,0.0,C1807287608,4782669.49
399,CASH_IN,52206.24,C1506193434,28052142.91,C252102317,197651.78
398,CASH_OUT,5458.96,C1931977360,0.0,C1730471207,147996.15
522,CASH_IN,169460.47,C1355017472,3735343.31,C1235342638,3316188.98
379,CASH_OUT,180834.69,C1632908935,32118.0,C1347972360,215524.32
522,PAYMENT,15900.52,C399157076,0.0,M650463960,0.0
637,CASH_OUT,107246.03,C172453788,107246.03,C390359674,0.0
396,CASH_OUT,331199.65,C1962458623,0.0,C1177961072,571935.29
357,PAYMENT,15516.95,C442564919,269.0,M2008720020,0.0
399,CASH_OUT,470649.29,C579845413,0.0,C1194037297,9626650.7
356,CASH_IN,252282.61,C1693910174,20244.0,C127592304,791787.77
395,CASH_IN,266285.89,C2010238648,14659048.92,C348760469,485137.23
408,CASH_OUT,425881.78,C1316428948,0.0,C1128276429,860068.92
376,CASH_IN,428335.72,C922856018,1456657.9,C693177769,1516637.55
393,CASH_OUT,111774.92,C1245866364,11879.0,C683198953,0.0
526,CASH_OUT,105765.45,C1443676547,0.0,C370471488,211891.97
522,TRANSFER,332518.13,C2004978104,387108.17,C1113187325,4393944.36
471,CASH_OUT,336355.82,C1418333935,111126.0,C1134362978,116877.36
375,CASH_IN,91754.7,C1941233258,8760.0,C2101246655,0.0
632,TRANSFER,82209.71,C2014216295,82209.71,C2066467731,0.0
373,PAYMENT,32040.68,C263659944,182251.0,M721888929,0.0
683,CASH_OUT,51034.7,C779101839,0.0,C355126702,1178735.83
563,PAYMENT,7825.76,C391351846,10442.0,M332059178,0.0
379,CASH_OUT,124410.13,C1761438184,0.0,C1641096856,504946.49
376,CASH_OUT,443565.66,C355070183,27332.0,C1929386760,182238.32
594,CASH_OUT,141113.11,C251737064,23273.0,C927800764,1399934.51
370,PAYMENT,22243.2,C1562237824,21650.0,M1418545665,0.0
640,CASH_OUT,100276.82,C1101975608,20329.0,C727683783,469623.96
373,CASH_OUT,108351.32,C474089655,0.0,C829647,3092828.55
694,TRANSFER,122004.2,C1042482555,0.0,C639131761,1452162.41
683,CASH_IN,214218.36,C330847427,4017849.78,C1096187131,2130139.73
358,CASH_IN,356432.92,C809502912,283438.42,C237272943,1753044.69
371,CASH_OUT,200194.21,C237294227,121.0,C312036155,148376.54
376,CASH_OUT,59091.4,C1719384843,0.0,C2079125673,267732.66
681,PAYMENT,27097.26,C1862132985,107184.0,M570552946,0.0
400,CASH_OUT,339827.82,C1382572086,0.0,C1426465748,402603.0
379,PAYMENT,5474.89,C2116610812,0.0,M625186438,0.0
369,PAYMENT,15909.51,C1637313748,5779.0,M1863587650,0.0
404,CASH_IN,286143.32,C1585563972,9212180.2,C1872935000,525473.29
617,CASH_OUT,585185.68,C835634399,0.0,C1290807280,880856.41
544,PAYMENT,588.25,C588196948,0.0,M146879281,0.0
394,CASH_IN,85875.94,C269517729,4855729.38,C2122261623,160173.88
371,PAYMENT,1419.43,C205955835,0.0,M409532507,0.0
395,TRANSFER,346877.69,C1295643128,0.0,C158582496,1874664.65
402,CASH_OUT,39943.48,C2113378764,14085.98,C1497151575,415920.4
379,PAYMENT,6765.07,C1557591498,0.0,M845839673,0.0
404,PAYMENT,5698.12,C69449353,2310.0,M629696771,0.0
403,CASH_OUT,243260.29,C1503527957,552.0,C343094498,0.0
538,CASH_OUT,82094.92,C974364866,0.0,C1335050193,132955.16
395,CASH_OUT,200076.14,C610828778,0.0,C570420558,10230266.42
380,CASH_OUT,89658.41,C101949721,21618.0,C1706007498,113692.18
396,PAYMENT,6707.87,C250964691,449338.57,M899012465,0.0
380,PAYMENT,6413.19,C1366887423,0.0,M953993138,0.0
684,CASH_IN,340646.54,C456650299,2148023.51,C595857403,429672.8
395,CASH_OUT,84915.14,C1319807470,0.0,C635384817,1096776.28
619,CASH_IN,187706.97,C1366525341,8084.0,C1758148134,0.0
385,CASH_OUT,92252.52,C690803203,0.0,C1692448272,415992.62
399,PAYMENT,3421.05,C199363418,0.0,M351515544,0.0
378,CASH_IN,318137.36,C1133462472,107004.0,C1435338458,0.0
726,CASH_OUT,834495.09,C1461019839,834495.09,C685427542,471101.6
381,CASH_IN,62662.59,C806711777,409200.01,C749464238,87171.32
377,CASH_IN,158907.87,C667180275,9938207.36,C1623845860,518013.16
386,CASH_IN,251360.46,C952519637,5392339.3,C398395450,4412144.05
370,PAYMENT,22209.4,C507255376,6075.0,M2078515805,0.0
381,CASH_IN,35146.27,C1899888449,6151774.76,C1920529218,471566.61
501,TRANSFER,73328.47,C2118127422,73328.47,C1915328569,0.0
373,CASH_OUT,236193.5,C1381697618,45666.0,C2033221925,5472753.06
531,TRANSFER,3547485.43,C1934752840,3547485.43,C221266057,0.0
596,TRANSFER,231106.15,C1580891416,323361.73,C208502153,1321379.65
375,CASH_IN,92484.04,C989699553,2385553.49,C1542793446,575367.32
378,CASH_IN,316333.45,C626382723,5461568.69,C120337405,431919.45
517,CASH_IN,60594.91,C1687801250,33873.0,C1358235805,17478.64
400,CASH_IN,375468.66,C643179747,6103.0,C131040784,282136.97
402,DEBIT,1209.08,C412724951,22343.0,C672082411,2267815.11
376,CASH_OUT,67410.36,C1475662525,4073.0,C1462757094,1438813.5
372,CASH_OUT,472852.59,C249536289,21173.0,C257293423,0.0
403,CASH_IN,312127.71,C1891875417,3462978.51,C2019250774,752079.13
673,CASH_OUT,151302.9,C276434845,0.0,C200684192,862798.8
405,PAYMENT,7760.54,C1838523837,0.0,M1361470043,0.0
492,CASH_OUT,237144.33,C859941036,0.0,C513053210,4213203.42
434,CASH_OUT,2040374.55,C1606056333,2040374.55,C2110335244,50729.93
637,CASH_IN,39038.9,C1536694417,4137120.05,C504752807,120961.86
396,PAYMENT,11223.08,C130060848,42487.0,M380105283,0.0
637,PAYMENT,2953.93,C927371342,143.0,M404519947,0.0
526,CASH_OUT,757980.96,C1867112384,0.0,C1978586196,1273846.97
407,PAYMENT,3450.41,C509024145,0.0,M163737328,0.0
401,CASH_OUT,192085.14,C188376821,0.0,C981620913,1102294.76
373,CASH_OUT,283361.95,C1761194359,102665.0,C186149152,310248.39
402,CASH_OUT,270966.34,C1527463219,22457.41,C119714729,298427.77
377,CASH_IN,392170.07,C726781061,4464421.62,C114490125,461695.46
476,DEBIT,2077.74,C1785472997,20465.0,C688235507,3659940.76
374,CASH_IN,90608.13,C8362940,152420.7,C1061473242,98714.56
408,CASH_OUT,98853.01,C566397287,24489.42,C345822499,735155.41
404,CASH_IN,31626.99,C927394649,1923575.63,C2021048149,2551235.99
548,CASH_IN,181507.32,C338817663,38039.0,C348258597,210382.71
709,PAYMENT,5481.93,C1369503007,280909.32,M159107537,0.0
380,TRANSFER,67309.39,C2140023801,255310.0,C1338991837,4009.57
399,CASH_IN,653773.61,C1591617333,14376.0,C1106880638,258574.91
401,PAYMENT,14794.57,C1533447913,0.0,M24184432,0.0
404,PAYMENT,5286.87,C127059473,271893.89,M645032302,0.0
394,CASH_OUT,277367.64,C1056957915,0.0,C116191230,1043226.89
404,CASH_OUT,32380.12,C146418885,696938.0,C170344978,0.0
396,CASH_IN,55814.29,C109534028,10444.0,C1589483408,0.0
373,PAYMENT,1272.75,C1877934833,85248.0,M1918027175,0.0
379,PAYMENT,1493.13,C361290629,0.0,M369578647,0.0
428,CASH_OUT,61953.74,C1260353153,10068.0,C1805200675,0.0
514,CASH_IN,55473.96,C1128664312,7063695.37,C644414427,339475.61
595,PAYMENT,5639.29,C29011493,0.0,M2080790594,0.0
380,CASH_OUT,190207.96,C1140674597,144718.81,C635311882,651441.24
374,CASH_OUT,159535.15,C779977882,0.0,C1205260902,312961.91
381,CASH_OUT,21642.58,C273295862,20743.0,C1509638332,0.0
365,TRANSFER,916644.03,C1640343789,916644.03,C1989263119,0.0
495,PAYMENT,12079.81,C38347573,273326.0,M1674878205,0.0
401,PAYMENT,4146.55,C352795416,274947.27,M969277462,0.0
397,PAYMENT,92464.29,C786246490,49649.0,M1761456228,0.0
400,PAYMENT,13460.99,C1618843644,177459.37,M1625903096,0.0
590,CASH_OUT,97132.95,C323408390,0.0,C2050957890,1308817.56
550,PAYMENT,11047.52,C1759423826,6045.0,M1979054713,0.0
376,PAYMENT,8614.48,C528780050,0.0,M2136473533,0.0
402,CASH_OUT,70058.66,C105918722,51744.27,C1723840130,89344.44
518,CASH_OUT,344818.01,C1067069287,479737.0,C392914520,635748.89
540,PAYMENT,34904.09,C987119586,0.0,M1994241500,0.0
590,CASH_IN,9428.15,C642025314,2124.0,C1253489007,384083.17
690,PAYMENT,19625.36,C1355172006,0.0,M938799325,0.0
398,PAYMENT,1862.19,C1673042203,0.0,M1515878856,0.0
356,CASH_IN,406041.7,C84266440,4770238.24,C2097454867,496905.72
399,PAYMENT,13469.49,C1226295118,1246829.71,M2062253163,0.0
617,PAYMENT,13042.18,C1913710355,0.0,M1943536323,0.0
400,CASH_OUT,88104.43,C448576583,356002.0,C164920465,223111.67
372,PAYMENT,3379.61,C142226874,887.0,M901145597,0.0
376,DEBIT,42724.95,C1944133531,0.0,C24119389,3357676.42
402,PAYMENT,15484.35,C1608142995,172.0,M783008693,0.0
398,TRANSFER,1286419.32,C1821846074,0.0,C1046389708,1903317.84
374,TRANSFER,157375.02,C1315994547,373650.48,C1138319158,176123.76
398,PAYMENT,45236.63,C665112671,471312.86,M1912295789,0.0
396,PAYMENT,7709.84,C1842159972,0.0,M1554172263,0.0
369,CASH_IN,263557.51,C2142561749,19199.15,C850213955,274953.89
379,CASH_IN,75967.47,C2130957111,6638133.88,C1943970324,236197.33
617,CASH_OUT,166883.88,C793894382,0.0,C36229760,1033147.96
378,CASH_IN,3749.8,C1805585422,202095.9,C1480787629,1117182.34
401,CASH_OUT,70026.8,C911447211,154928.68,C1078729907,4892937.65
399,PAYMENT,33044.04,C151145137,199012.64,M2098619124,0.0
548,PAYMENT,2060.51,C1257064240,0.0,M1922054801,0.0
548,CASH_IN,332662.55,C686668056,8261049.03,C113624179,10259920.03
380,CASH_IN,176077.44,C971334004,142944.0,C1169578819,0.0
396,PAYMENT,3559.04,C638470320,0.0,M36909629,0.0
404,CASH_OUT,67166.17,C187488368,0.0,C1312639319,556886.95
710,TRANSFER,166267.0,C1471091819,26548.0,C896626169,0.0
372,CASH_OUT,296801.75,C700143450,0.0,C1894668210,398358.39
380,PAYMENT,8714.68,C451938269,10421.0,M1100574689,0.0
404,PAYMENT,14618.98,C2099545379,0.0,M503547529,0.0
380,CASH_IN,70095.36,C428586095,2954370.52,C461328181,264243.5
401,CASH_OUT,16625.51,C319191435,0.0,C305281895,276239.26
356,CASH_OUT,138231.09,C1369781935,0.0,C1089582619,362778.24
687,CASH_IN,22162.54,C1721587555,3509.0,C488104609,1515969.19
396,CASH_OUT,632026.86,C102891037,94579.0,C960188394,89353.83
393,TRANSFER,2054725.24,C1560930481,0.0,C1330897066,34435195.59
371,PAYMENT,14324.06,C1132957330,0.0,M1419302481,0.0
397,CASH_OUT,138706.48,C2058878651,98007.0,C905888485,0.0
456,CASH_OUT,38180.99,C1210808398,38180.99,C475311068,134902.72
393,CASH_OUT,11730.4,C83836453,21072.0,C1603275330,131918.08
399,CASH_OUT,206238.69,C1309307042,6541.58,C1762829176,6543293.16
637,PAYMENT,9919.23,C1148691211,0.0,M349826361,0.0
688,CASH_IN,9650.79,C2070827257,19721765.34,C1628715846,317983.16
634,CASH_OUT,26153.82,C129898759,26153.82,C127351954,0.0
396,PAYMENT,19067.03,C2129868548,0.0,M357312553,0.0
398,CASH_OUT,489944.93,C194088609,489944.93,C1786318719,297207.53
393,CASH_IN,275456.57,C1247469433,2426635.96,C237789944,4614815.95
380,CASH_OUT,145537.74,C1837771738,0.0,C12166694,1008313.71
395,PAYMENT,8569.6,C1196168146,27675.0,M1014094881,0.0
374,CASH_OUT,298328.12,C899805673,363310.67,C2044103046,214891.82
596,CASH_IN,43769.2,C429258561,858176.26,C2026114412,70315.55
594,CASH_IN,21911.24,C1833568785,377258.49,C1610999827,731200.84
586,CASH_IN,411799.54,C268922096,227958.41,C1164481614,1787556.39
379,PAYMENT,3344.13,C1626597340,0.0,M1572848688,0.0
404,CASH_OUT,271522.97,C36046,0.0,C591844846,5545229.9
374,PAYMENT,8421.38,C2004334963,0.0,M1557118241,0.0
582,TRANSFER,1158373.23,C1874090524,1158373.23,C152963065,0.0
393,PAYMENT,27804.12,C83983264,25525.0,M1611430374,0.0
396,CASH_IN,135350.95,C2110055429,28358.0,C139855029,782710.25
376,CASH_OUT,170684.39,C1388469068,5001.0,C458584075,3051433.62
356,CASH_OUT,168514.86,C1718315828,32498.0,C966258334,2704439.28
380,CASH_IN,25660.75,C1375743087,2089771.33,C1780206342,1977791.7
404,TRANSFER,456979.46,C65868402,32321.0,C1306847597,15360693.89
477,TRANSFER,1720600.92,C535695455,1720600.92,C888712424,0.0
544,CASH_IN,127061.45,C948784414,42072.0,C98389291,8567232.61
397,CASH_IN,182331.87,C639374395,787784.07,C498149270,1640872.9
396,PAYMENT,16305.77,C1484669125,203.0,M626554962,0.0
372,CASH_OUT,294977.61,C94356287,0.0,C1968217315,429721.23
566,PAYMENT,7040.87,C567710056,0.0,M80814553,0.0
565,CASH_IN,187333.19,C600728205,2061885.07,C1686100174,2970277.63
372,CASH_IN,239347.38,C510049309,15357.0,C814703329,218898.07
379,PAYMENT,15950.11,C910082248,21405.0,M115186018,0.0
594,PAYMENT,3296.67,C1329100379,0.0,M954144383,0.0
469,CASH_OUT,17137.31,C1808967688,47161.0,C2109009632,750914.7
360,PAYMENT,11345.54,C1494893308,8289.0,M1237193681,0.0
370,CASH_OUT,136288.71,C1610236331,273514.36,C779356173,312411.34
403,CASH_OUT,28205.35,C1432893699,14003.0,C1091710679,0.0
359,CASH_IN,118274.71,C435376931,29533027.55,C1798545503,906386.59
528,DEBIT,1028.57,C1987620805,30448.0,C483695694,78971.22
400,PAYMENT,23482.77,C1972426494,203629.5,M147346378,0.0
377,PAYMENT,14496.54,C2138875432,145011.61,M2057300125,0.0
520,CASH_OUT,173618.4,C1085017409,0.0,C375060354,410024.25
400,CASH_OUT,288001.24,C715904000,276252.68,C1509547539,3148541.76
404,CASH_OUT,235021.77,C935362246,127190.0,C174546,2149736.69
369,TRANSFER,240021.44,C1847832893,19965.0,C358492508,2335251.58
375,CASH_OUT,103648.2,C16581578,4604.0,C1324172826,0.0
404,CASH_OUT,74994.34,C926856254,65159.0,C1291318364,68216.29
522,PAYMENT,57228.44,C375487630,0.0,M37922078,0.0
683,CASH_OUT,2589.39,C1614351316,5067.0,C1282400926,114606.75
378,PAYMENT,12757.79,C1477634091,20033.0,M2002047020,0.0
380,PAYMENT,6078.2,C1346142509,92306.0,M550671271,0.0
374,CASH_IN,241371.77,C1320627059,10010.0,C1066491121,101252.71
398,CASH_OUT,135936.93,C2011002367,150615.0,C1007581884,0.0
403,TRANSFER,2371324.81,C1838733636,2371324.81,C1533106811,0.0
597,PAYMENT,1341.94,C1895320324,52387.0,M641477924,0.0
487,TRANSFER,84001.81,C1767545829,0.0,C979513296,1279845.73
687,CASH_IN,303250.55,C2140419560,8220699.64,C545615738,879618.83
396,CASH_OUT,349291.2,C983714427,0.0,C207547667,897356.55
383,CASH_IN,156683.83,C136056965,13494133.95,C493418965,329142.77
421,TRANSFER,207021.45,C376689274,207021.45,C1019270751,0.0
492,TRANSFER,371051.46,C1776289111,50454.0,C549269634,915905.98
377,CASH_OUT,358157.8,C30791851,0.0,C318474633,411007.51
397,PAYMENT,27591.63,C171946473,11373.0,M1191166973,0.0
379,CASH_OUT,89638.22,C1600096501,30179.0,C267141146,0.0
373,PAYMENT,10779.21,C317952500,0.0,M1734654342,0.0
401,CASH_IN,6031.85,C565309609,40146.0,C588704408,0.0
393,PAYMENT,25693.97,C460589116,0.0,M1107367457,0.0
596,CASH_IN,180970.12,C1184330477,49894.0,C1078553892,123262.42
396,TRANSFER,762158.61,C1413137789,0.0,C758612630,2180933.36
382,CASH_OUT,53744.72,C923374985,8092.0,C563019608,1225111.72
573,CASH_IN,148224.76,C493704666,20579.0,C1795626797,272914.64
501,CASH_OUT,161024.8,C2000710297,161024.8,C1602054456,570881.26
564,CASH_IN,39288.83,C1483835363,1556127.27,C550646102,129354.87
684,CASH_IN,20233.65,C1459069046,55926.0,C695746074,0.0
406,CASH_IN,240338.58,C530357700,2994021.46,C723981114,11502721.14
398,CASH_IN,77260.41,C700562944,27742891.18,C1075942448,152378.31
688,TRANSFER,757433.2,C265994100,0.0,C1526628721,1215618.32
596,TRANSFER,746970.59,C1950406751,0.0,C882872756,3608040.66
394,CASH_IN,122695.9,C489651864,8811961.95,C928439299,4684849.75
356,PAYMENT,14073.29,C513380299,51022.0,M1751157534,0.0
370,CASH_OUT,5352.35,C1901918730,0.0,C281911854,3354862.04
372,CASH_OUT,98549.7,C991978075,904.0,C2143387432,205026.79
373,CASH_OUT,164216.26,C980872681,0.0,C1747930012,441027.55
394,PAYMENT,6149.23,C1914920448,837.0,M556632115,0.0
621,PAYMENT,21826.96,C697681627,748746.6,M1789603915,0.0
358,CASH_IN,148283.22,C334176266,22719.0,C1549510925,162452.55
522,CASH_IN,29846.8,C447029821,18681705.2,C856592588,1484858.87
469,CASH_OUT,148727.35,C1476767070,0.0,C821136915,786864.85
360,PAYMENT,2689.49,C1339764697,1488.0,M69730110,0.0
359,CASH_OUT,98499.45,C352790422,0.0,C1746002230,112372.47
357,PAYMENT,16148.89,C1762958340,66655.0,M1742880382,0.0
692,CASH_OUT,5130.33,C1519777596,152286.15,C2087132584,42054.95
520,PAYMENT,11765.68,C478497195,209445.86,M1904037400,0.0
401,CASH_OUT,2731.71,C2051772734,0.0,C1231475084,727643.65
565,PAYMENT,7817.92,C47353118,0.0,M432655940,0.0
403,CASH_OUT,115294.63,C1903692567,39692.0,C369522066,0.0
698,CASH_OUT,1242226.78,C1381975492,1242226.78,C522493540,1079508.64
398,TRANSFER,709825.52,C1117344042,16115.0,C483161660,803918.25
407,CASH_OUT,59853.18,C1393608375,526118.0,C849493198,0.0
373,PAYMENT,10005.53,C1312087674,21224.0,M22131234,0.0
398,CASH_OUT,144822.71,C330673509,21334.0,C2064626241,0.0
557,TRANSFER,131050.76,C1887371650,131050.76,C1518001557,0.0
524,CASH_OUT,419859.19,C140605493,0.0,C1364129993,7493928.0
399,CASH_OUT,155305.77,C265828585,122690.0,C696984590,1591179.09
571,CASH_IN,205218.75,C1500469589,3679374.02,C1455137249,254757.33
381,PAYMENT,20121.43,C600068403,9438.19,M856559963,0.0
428,CASH_IN,17028.45,C1285409621,924.0,C72372255,0.0
612,CASH_OUT,271223.2,C2060926049,0.0,C272201748,319800.59
377,CASH_IN,335396.66,C706584914,27703729.03,C1416546028,3598901.0
404,PAYMENT,11920.42,C328942897,55664.0,M2120808807,0.0
686,PAYMENT,1895.12,C2037500065,32352.34,M1768938749,0.0
378,CASH_OUT,137720.13,C1584224604,0.0,C534574350,431705.14
371,PAYMENT,2025.73,C1770683650,61646.0,M293179950,0.0
408,PAYMENT,2579.97,C1113627971,19860.0,M1214957178,0.0
356,CASH_OUT,8309.47,C2087706631,0.0,C1502901225,1333652.53
619,CASH_OUT,230449.47,C1101411517,4042.0,C1018913650,3305986.65
404,PAYMENT,10328.75,C166793393,100620.0,M597140603,0.0
571,CASH_IN,76690.4,C1904443843,3173354.57,C1498494466,381233.64
448,CASH_OUT,31009.3,C1861170611,15060.0,C1945642221,207903.3
533,TRANSFER,495977.84,C1851117784,495977.84,C705045817,0.0
373,CASH_OUT,19798.47,C1928687958,0.0,C669987157,53569.47
396,CASH_IN,225699.1,C109900209,1998014.66,C1694306856,2037580.34
395,CASH_OUT,72189.72,C1228041553,155901.0,C223774144,0.0
637,CASH_OUT,37859.78,C1711087428,0.0,C1290962212,298349.68
362,PAYMENT,1218.17,C2086602892,64772.77,M517772950,0.0
661,TRANSFER,574572.71,C1145689870,132421.0,C1194216519,0.0
401,PAYMENT,23467.03,C1983454925,0.0,M1168705650,0.0
422,PAYMENT,27598.94,C665470387,536.0,M361861323,0.0
402,CASH_OUT,266945.62,C342467744,298.0,C1845840334,664512.92
402,PAYMENT,13107.68,C1731061364,298.0,M878654361,0.0
525,PAYMENT,26817.35,C65521924,21103.0,M1429963523,0.0
371,TRANSFER,87544.62,C696689862,0.0,C2139425330,356208.3
524,CASH_IN,233041.8,C1991708866,651559.28,C760227735,405472.81
692,TRANSFER,133599.27,C1130831234,0.0,C188681317,2212688.42
403,CASH_OUT,105400.24,C2077684219,0.0,C859129375,493011.15
395,CASH_IN,52453.67,C419670417,21490.0,C272777559,458816.92
595,CASH_OUT,136527.42,C1665077266,1540.0,C2077954628,224915.36
380,PAYMENT,6273.01,C1681069065,7363.62,M89228264,0.0
588,CASH_OUT,152511.45,C1314229423,586.0,C1991617208,77098.93
370,PAYMENT,56491.86,C580109238,6399.48,M188504425,0.0
407,PAYMENT,2667.76,C234946543,0.0,M1600830069,0.0
378,CASH_OUT,137664.2,C1983287257,21248.0,C277834237,6084952.49
407,PAYMENT,3323.17,C1130678768,21194.0,M656285049,0.0
592,CASH_IN,120303.63,C1122031522,231441.0,C146981704,3299157.71
382,PAYMENT,11062.17,C1770685715,11350.0,M805225962,0.0
370,PAYMENT,20503.1,C563571450,0.0,M245822847,0.0
370,CASH_OUT,352651.63,C1000534596,99057.0,C1560648238,0.0
400,CASH_OUT,349742.26,C383996800,0.0,C747252148,2330652.37
422,CASH_OUT,40591.72,C1177353473,40591.72,C881219038,276257.36
610,CASH_IN,308083.78,C1349069532,530.0,C1308665517,118751.76
595,CASH_OUT,106120.8,C258416184,60359.0,C732380438,3270354.16
544,CASH_OUT,225887.22,C1594070397,201225.0,C1019615908,0.0
442,PAYMENT,2549.2,C1379017761,11292.0,M1161507065,0.0
393,CASH_IN,228362.53,C105992153,31184.0,C1429940039,1149644.52
371,PAYMENT,11365.31,C1307698841,55669.81,M316750196,0.0
372,CASH_IN,314020.96,C81130894,32313.0,C1747162588,833910.1
370,PAYMENT,8168.22,C517472854,152617.0,M68063243,0.0
404,CASH_OUT,63854.52,C10347402,18532.0,C925738554,0.0
405,CASH_OUT,973805.75,C1527835008,973805.75,C141042490,0.0
565,CASH_OUT,254947.37,C1850623085,254947.37,C1632237950,0.0
395,CASH_OUT,153517.11,C595131601,69349.0,C1782194769,0.0
401,CASH_OUT,436750.39,C272692656,0.0,C1624734660,1431882.91
393,PAYMENT,469.49,C492114003,148587.0,M1718595505,0.0
403,CASH_OUT,324423.21,C1617937251,0.0,C730787137,948408.9
396,PAYMENT,1339.37,C1373167976,0.0,M1050432055,0.0
402,TRANSFER,940576.22,C1550644991,21646.0,C1684192342,0.0
403,PAYMENT,25084.22,C1333299947,0.0,M753075497,0.0
656,PAYMENT,6033.41,C722439132,253784.0,M1107137797,0.0
395,CASH_OUT,40415.12,C1071742438,0.0,C1737500624,99349.56
374,PAYMENT,23119.17,C595060518,47198.0,M1340168546,0.0
476,TRANSFER,774033.08,C789599821,0.0,C41006869,2827906.48
587,PAYMENT,7403.11,C1310249391,0.0,M704078443,0.0
403,PAYMENT,9771.04,C2059004848,22615.0,M829740855,0.0
645,CASH_OUT,326250.51,C1592906945,326250.51,C379003317,83999.86
605,TRANSFER,251118.04,C1837848776,251118.04,C119259664,0.0
374,PAYMENT,13670.29,C808909632,131409.72,M1722353336,0.0
422,CASH_OUT,298365.86,C1916355655,298365.86,C1396514823,0.0
399,PAYMENT,46924.98,C1195526422,2132.0,M1428306353,0.0
376,PAYMENT,12784.41,C550016456,336635.87,M785255814,0.0
692,CASH_OUT,198255.26,C1693839060,21473.0,C214753979,0.0
490,CASH_OUT,160776.8,C1864286436,0.0,C1515605960,1696714.04
550,PAYMENT,12904.13,C1018269215,13422.0,M1846922559,0.0
503,CASH_OUT,212159.43,C1499486644,0.0,C194448747,6477653.34
377,CASH_OUT,152673.18,C704371119,12261.0,C1445698863,0.0
393,CASH_OUT,64258.47,C1634711619,0.0,C116002563,1923050.99
522,PAYMENT,18376.05,C458509814,0.0,M336672918,0.0
375,PAYMENT,7631.16,C1293916525,183726.45,M1419666911,0.0
380,CASH_OUT,239653.63,C1733879185,0.0,C929443137,776266.85
401,CASH_OUT,48695.32,C24429882,0.0,C1304535561,462825.57
394,TRANSFER,263597.75,C2075633159,89043.01,C60553739,1116265.12
544,PAYMENT,39641.68,C448513845,68474.85,M2032100695,0.0
525,TRANSFER,184374.93,C2051612687,5010.0,C360648502,0.0
398,CASH_OUT,195457.21,C591512395,0.0,C434167280,515939.49
371,PAYMENT,4101.97,C1197112014,10626.0,M286087847,0.0
404,PAYMENT,86101.0,C1109026098,0.0,M719722461,0.0
402,CASH_OUT,371907.26,C23108770,0.0,C1570932655,19556518.58
380,CASH_OUT,205574.58,C1073247850,0.0,C199432569,3399309.92
398,PAYMENT,18932.03,C336345865,0.0,M670597984,0.0
371,PAYMENT,29526.94,C1705513104,20546.0,M1667560597,0.0
514,PAYMENT,26791.89,C773881309,147903.0,M19326165,0.0
370,PAYMENT,23716.58,C1063178134,144246.0,M2091927949,0.0
403,CASH_OUT,309906.45,C1877350209,582.0,C385453888,9740086.97
396,PAYMENT,3802.29,C1476812329,325023.87,M754202092,0.0
550,CASH_OUT,150327.02,C1911105372,0.0,C95793400,1435173.89
373,PAYMENT,28612.25,C1885895779,70272.0,M385971148,0.0
373,CASH_IN,7386.27,C1199301848,253.0,C96020140,0.0
393,PAYMENT,25236.14,C447857299,22727.0,M371778383,0.0
691,CASH_OUT,270171.22,C581672846,0.0,C322213055,411395.82
428,CASH_OUT,140363.06,C259386603,0.0,C721963381,10127810.58
374,PAYMENT,8338.7,C1464516523,260378.0,M1180857029,0.0
451,CASH_OUT,155488.45,C1927869722,11576.0,C1064297127,608102.64
588,CASH_OUT,136465.39,C1644703801,5553.0,C318215717,0.0
455,CASH_OUT,69294.71,C2079147889,0.0,C282757388,225453.85
378,CASH_OUT,68440.58,C266525486,9930.0,C1693765093,124886.74
395,CASH_IN,62539.76,C303041140,5498186.78,C543948385,671478.41
397,PAYMENT,9308.5,C211737134,11887.23,M1852847636,0.0
396,CASH_IN,84238.07,C818788714,139577.0,C304776615,294364.77
402,CASH_OUT,152278.28,C1076273667,0.0,C1002574836,403677.02
398,TRANSFER,50722.16,C870531652,50722.16,C1469155891,0.0
375,CASH_OUT,58718.23,C204772218,11586.0,C1708352613,295123.55
372,CASH_OUT,199606.79,C527321556,1042.0,C383617405,0.0
362,PAYMENT,3387.0,C1032253908,39666.0,M1771647151,0.0
380,TRANSFER,49314.92,C1481850110,155024.0,C1614348254,525120.14
369,CASH_OUT,9620.59,C340276287,5704.0,C1123772066,8135804.82
710,TRANSFER,25805.82,C256004333,10758.0,C1170052015,767676.12
380,PAYMENT,2178.27,C190127487,10398.35,M2084147040,0.0
405,PAYMENT,9274.21,C1844576476,0.0,M1097509064,0.0
404,PAYMENT,8476.47,C1939043553,0.0,M1603921215,0.0
378,CASH_OUT,112217.24,C1597012287,0.0,C2092796486,5687808.44
500,CASH_OUT,141393.89,C217423481,15476.0,C2147308395,17427.28
369,CASH_OUT,314694.62,C1916222896,0.0,C1613885669,1732874.08
359,PAYMENT,6765.85,C503097546,157.0,M1518509840,0.0
398,PAYMENT,30002.49,C1758460061,8.0,M249634019,0.0
356,TRANSFER,1229758.34,C227751544,6049.0,C2024290629,97758.77
402,PAYMENT,6423.53,C1401653177,0.0,M40739849,0.0
518,CASH_OUT,428853.68,C376421260,0.0,C423567002,1179108.51
687,TRANSFER,942169.76,C1128494853,0.0,C942750485,3269265.0
383,PAYMENT,3326.83,C616324101,20865.0,M542454851,0.0
399,CASH_OUT,135481.0,C748639333,0.0,C612259921,3670131.52
690,CASH_IN,307135.06,C243930801,2350566.61,C1015216625,2316759.18
404,PAYMENT,17731.22,C2007197262,0.0,M1225874836,0.0
564,CASH_OUT,327116.87,C1659522389,130.0,C1669165813,1062140.16
379,TRANSFER,29975.68,C1911867013,0.0,C541213645,87612.37
586,CASH_OUT,174006.2,C2001094600,31212.0,C1488669101,0.0
563,CASH_IN,167490.5,C1438634191,29943.0,C1355412699,0.0
614,CASH_OUT,73822.04,C2032221498,3098.0,C113386552,551776.55
591,TRANSFER,221107.56,C1387397359,221107.56,C1005726924,0.0
404,CASH_IN,98797.9,C393602914,10561.0,C616888183,5878763.0
379,CASH_IN,75429.63,C2086227953,6443131.11,C1207189167,135530.1
404,CASH_IN,193293.63,C517460591,5889002.22,C96380693,698505.79
378,PAYMENT,10387.61,C1760410344,1429319.19,M507742706,0.0
380,CASH_IN,217213.7,C1128543818,268.0,C479833308,21816.3
356,CASH_IN,81933.13,C434895455,147331.0,C641524909,893108.05
514,TRANSFER,33450.79,C180745724,0.0,C845416308,1933136.87
546,CASH_IN,316420.98,C315456833,5294496.74,C1298523080,11239882.79
594,PAYMENT,7561.6,C1992048079,135.0,M546303514,0.0
396,CASH_OUT,263940.17,C1709524982,0.0,C1021837712,1598781.61
397,CASH_OUT,168826.25,C853325791,28531.0,C1582131472,745846.84
594,PAYMENT,12542.5,C1804198416,16874.0,M2092021142,0.0
694,CASH_OUT,31274.81,C25799910,10380.0,C1986874787,41286.07
382,PAYMENT,16743.12,C1028135755,7745.92,M1892437729,0.0
407,CASH_OUT,330549.34,C157526610,0.0,C1396248761,548216.9
380,CASH_OUT,271377.54,C615639938,0.0,C1213191112,5516831.77
401,CASH_IN,29391.72,C489239629,607418.17,C433992473,195379.99
369,PAYMENT,41114.07,C1182941144,14843.0,M1711053821,0.0
397,CASH_OUT,189965.28,C1161020699,0.0,C1884827336,265753.74
490,CASH_IN,376346.55,C441779170,159553.0,C893024647,365011.49
403,TRANSFER,1592154.41,C1337290010,0.0,C1991151490,1927521.06
408,PAYMENT,2319.52,C1353047903,0.0,M588567804,0.0
404,CASH_IN,125970.19,C1313374656,2878566.51,C1950849303,2061834.74
401,CASH_IN,74507.95,C622501116,2641998.65,C40674576,252752.38
527,PAYMENT,9295.17,C324141649,101315.0,M377099993,0.0
573,PAYMENT,12597.37,C1938288177,0.0,M712164698,0.0
374,PAYMENT,28739.7,C1206002421,83828.0,M535800251,0.0
401,CASH_IN,218062.08,C372171418,31432.0,C964915932,1104056.26
395,CASH_IN,204924.7,C427637283,1496862.64,C248422167,658751.02
375,CASH_IN,410784.25,C839654708,30202.0,C1233084633,0.0
396,CASH_OUT,294224.08,C983147536,9971.0,C1540001218,0.0
402,CASH_OUT,232876.51,C125532264,0.0,C531331935,7252757.85
694,PAYMENT,6225.65,C1471945721,156.0,M277225803,0.0
594,CASH_IN,74640.62,C884910568,3896519.06,C407255818,3772116.85
374,CASH_OUT,290959.02,C1730181055,6224.0,C691536429,0.0
495,CASH_IN,308953.17,C1693080535,4194156.21,C501816979,1605301.14
397,CASH_IN,317091.84,C1984973525,173.0,C1460746218,152281.63
370,DEBIT,6392.24,C1305038181,0.0,C1554111568,229249.1
397,PAYMENT,9025.19,C389896423,0.0,M1678502017,0.0
653,CASH_OUT,598426.68,C2106574163,598426.68,C408852113,46967.11
664,PAYMENT,2388.57,C583667098,0.0,M484228710,0.0
377,PAYMENT,5607.68,C1640833909,33734.0,M1800684976,0.0
380,PAYMENT,4006.26,C372377372,0.0,M453422406,0.0
588,CASH_IN,126811.88,C1587026430,372.0,C491409569,951561.35
371,CASH_OUT,268613.13,C952840993,24624.0,C1858867284,1509654.34
397,CASH_IN,197343.38,C1978405641,14830205.53,C1406204958,1167543.47
598,CASH_IN,116210.11,C2048558167,745671.38,C315177490,285208.65
376,TRANSFER,1333777.93,C1958936877,22366.0,C1264664560,1123355.85
398,CASH_OUT,344059.53,C2104398896,117.0,C287066549,229640.83
540,CASH_IN,129663.49,C30733583,755623.59,C240542829,148565.23
426,CASH_OUT,170893.19,C160539504,0.0,C2046725924,231165.91
397,CASH_OUT,110355.65,C937052629,0.0,C1289324836,462840.3
374,PAYMENT,2830.83,C1103163336,413068.48,M833136749,0.0
395,TRANSFER,280220.05,C1016108702,12620.0,C332813034,403513.53
571,CASH_OUT,52929.8,C894603943,0.0,C1375482831,180818.09
404,CASH_IN,38374.49,C635046478,2546.0,C1001166461,0.0
402,PAYMENT,30997.19,C1028469434,22791.0,M1550617011,0.0
375,CASH_IN,76507.24,C569054758,900455.66,C844650878,4617500.34
466,CASH_IN,22024.92,C2052022673,7342483.09,C1134978894,33005.44
380,CASH_OUT,71272.38,C1589949691,0.0,C394421788,577897.77
380,CASH_IN,116402.56,C584402633,3332488.67,C1587559915,723177.45
399,PAYMENT,8691.63,C134447654,9994.0,M348985824,0.0
373,PAYMENT,35507.08,C2010961016,29965.0,M676836392,0.0
382,PAYMENT,10968.61,C167833503,305647.0,M1629240136,0.0
375,CASH_OUT,21848.84,C1218718349,0.0,C1366582373,1713928.48
476,CASH_OUT,101080.11,C967759739,134276.0,C1101692478,0.0
374,CASH_OUT,199064.63,C374043474,833.0,C1889553153,0.0
400,CASH_OUT,175431.26,C1020294060,1557.0,C1119417505,1045485.72
688,CASH_IN,311010.64,C1099617405,4859632.34,C1043182111,1461076.92
370,PAYMENT,8706.03,C987327149,55641.0,M1938069463,0.0
396,PAYMENT,271.93,C1838524193,304098.45,M1012319740,0.0
370,PAYMENT,6566.74,C540776279,713.0,M853804874,0.0
612,CASH_OUT,107307.55,C1729650113,109066.0,C1914287035,1707227.65
573,CASH_IN,109325.37,C1258913467,2211.0,C364008715,0.0
397,PAYMENT,21034.27,C1376463156,30402.0,M810054039,0.0
403,CASH_OUT,136304.22,C1747319320,346299.88,C2085117358,2105173.84
400,CASH_IN,186095.8,C342992341,0.0,C1437089638,439237.43
588,PAYMENT,26175.38,C1987128627,4523.18,M2094268797,0.0
376,CASH_OUT,243808.89,C945401448,2618.0,C96101967,509526.43
377,PAYMENT,9975.92,C854889719,15537.0,M214331914,0.0
372,CASH_OUT,100499.86,C1297202384,0.0,C1369886284,635406.66
360,PAYMENT,1507.55,C610489106,104072.0,M2013095184,0.0
399,CASH_OUT,44454.73,C486534701,32251.0,C1079108275,471136.15
356,CASH_OUT,235520.09,C1897990825,0.0,C1812134851,3610296.53
370,PAYMENT,3793.05,C1320649796,0.0,M1536349810,0.0
694,CASH_IN,91304.24,C1364037298,64806.0,C862824342,90073.11
404,CASH_IN,326331.8,C1483734490,99481.0,C588945064,33497.65
402,PAYMENT,6255.71,C83431458,0.0,M1015126026,0.0
394,TRANSFER,1396516.82,C130484810,45165.0,C1037698544,0.0
396,CASH_OUT,149741.02,C140688736,18504.0,C1400047620,6061598.29
399,PAYMENT,24606.62,C42260659,20994.0,M1102719677,0.0
358,CASH_IN,95403.57,C1242754486,1919559.95,C1498767340,443202.48
373,CASH_OUT,244331.48,C637211415,287708.0,C786174740,0.0
360,PAYMENT,43164.4,C191332918,0.0,M93525554,0.0
589,PAYMENT,1076.92,C1703341911,0.0,M1175630975,0.0
383,PAYMENT,9878.72,C1831795526,223073.0,M475755340,0.0
368,TRANSFER,200419.12,C197020106,200419.12,C1227889272,0.0
397,CASH_OUT,433080.16,C1559515525,0.0,C1270946804,4624159.52
399,PAYMENT,3391.03,C276965003,160748.38,M934379496,0.0
462,TRANSFER,67921.66,C244092764,67921.66,C1927485075,0.0
400,PAYMENT,22701.23,C1739009934,55022.33,M1914092389,0.0
684,CASH_IN,187902.37,C901631009,30664.0,C476309326,0.0
378,CASH_OUT,238630.39,C1980291260,0.0,C246728748,332336.42
403,CASH_IN,218161.96,C1118204872,11502.0,C642226142,175094.79
404,CASH_OUT,81606.05,C2121603190,0.0,C1430009714,3192506.65
398,CASH_OUT,199255.84,C1147617559,0.0,C1431759851,2200585.3
396,CASH_IN,146923.2,C2136219727,77239.0,C720899223,0.0
489,TRANSFER,107128.17,C65259597,107128.17,C355360625,0.0
522,CASH_OUT,453173.12,C1418863893,39896.0,C1404340558,2610920.32
522,CASH_IN,81300.6,C1886101018,4860642.92,C1731547947,81683.03
360,PAYMENT,4697.57,C125577812,13254.0,M138413387,0.0
377,PAYMENT,11083.49,C1235107757,0.0,M1450251182,0.0
396,PAYMENT,71909.28,C587634249,137405.0,M1764409053,0.0
692,PAYMENT,19364.16,C430888931,936.0,M860595688,0.0
492,CASH_OUT,245298.99,C1000239199,74751.0,C123776401,0.0
380,PAYMENT,16874.55,C654054465,40257.0,M1446470574,0.0
379,CASH_IN,93553.13,C316692296,84748.0,C315587012,235430.48
382,PAYMENT,35.25,C873746901,2121.0,M806165084,0.0
442,TRANSFER,37323.15,C2027331008,37323.15,C235368108,0.0
690,PAYMENT,31840.64,C1463482505,0.0,M1945665751,0.0
701,TRANSFER,306691.05,C1064966733,306691.05,C467221336,0.0
715,CASH_OUT,344651.34,C156333696,130.0,C1469593986,465132.6
398,CASH_IN,91663.63,C557798748,78394.0,C458616925,35148.78
398,TRANSFER,194910.17,C101399755,0.0,C228825613,3535821.17
399,CASH_IN,207651.83,C1373331808,35241.0,C1229678561,0.0
619,CASH_OUT,252948.61,C1418074161,0.0,C940840787,929650.24
401,CASH_OUT,45659.75,C1401494755,15504.0,C2073762562,1035689.85
592,CASH_IN,191419.51,C2194785,78020.0,C797396736,5649111.82
642,PAYMENT,6962.49,C1186162517,0.0,M886015208,0.0
399,CASH_OUT,63662.89,C618582425,25899.0,C404478553,444291.81
382,PAYMENT,26582.28,C1891039010,0.0,M1143248856,0.0
369,CASH_IN,141603.76,C1451811860,1318445.74,C641103807,528865.72
403,PAYMENT,563.35,C1552202196,4198.0,M255606313,0.0
381,CASH_OUT,224618.09,C119421067,21005.0,C715411958,0.0
403,TRANSFER,921245.02,C557269187,0.0,C742991373,2720448.58
595,CASH_OUT,214317.92,C1658491632,1909.0,C2061560459,193380.12
493,CASH_OUT,4077.98,C249270743,3373.0,C1513834767,675109.57
395,CASH_OUT,198964.22,C2112016484,0.0,C2098217656,9306062.78
356,CASH_OUT,280969.18,C1720790821,0.0,C98185893,1002149.83
544,PAYMENT,18338.72,C1351992105,0.0,M575787033,0.0
402,CASH_OUT,242917.34,C234260415,0.0,C1497496070,707146.39
688,CASH_OUT,516632.36,C2121067086,234.0,C674687779,508969.73
371,CASH_OUT,622414.44,C1981856356,9709.62,C279410299,1992536.14
694,TRANSFER,566732.93,C24521483,0.0,C1674963854,3355986.98
373,CASH_IN,154945.65,C1202521043,1427342.45,C457988093,879412.84
378,CASH_IN,419338.34,C723239710,20397.0,C291721772,0.0
371,TRANSFER,824198.88,C1731691687,26761.0,C982290010,5088657.61
383,PAYMENT,3098.32,C31148310,22552.0,M1368424024,0.0
404,CASH_IN,461940.57,C554452312,10051351.86,C1650594550,2094817.98
357,CASH_OUT,194427.57,C1662358047,0.0,C618408914,237926.59
373,PAYMENT,30800.09,C1894220849,0.0,M1393819986,0.0
393,TRANSFER,1009838.79,C1204814614,12919.0,C1457043374,117117.05
377,TRANSFER,195905.17,C478212568,0.0,C105442797,532315.97
403,TRANSFER,805006.85,C1311504638,23915.0,C212577009,388649.15
683,PAYMENT,23433.05,C1292189300,204281.02,M270012005,0.0
372,CASH_OUT,1332.81,C1845813352,0.0,C873185288,269260.07
419,CASH_IN,300899.48,C1883735627,6728873.01,C140195428,8808912.31
356,PAYMENT,12259.28,C928254176,0.0,M839832352,0.0
589,CASH_OUT,411334.77,C276279,20657.0,C1380830441,0.0
687,PAYMENT,6650.92,C1810918228,0.0,M799306342,0.0
525,PAYMENT,21632.0,C1256544743,1085.0,M1786441502,0.0
717,PAYMENT,7130.1,C1304831134,69801.0,M459802775,0.0
396,PAYMENT,17773.59,C1945911160,120834.13,M2045622139,0.0
493,CASH_IN,300616.39,C306478872,21984.0,C359040742,123720.06
404,CASH_OUT,415824.15,C1841704574,0.0,C1265486732,1593200.59
404,CASH_IN,117744.64,C415396860,3123.0,C829919362,0.0
690,PAYMENT,16089.04,C846514995,0.0,M1550354357,0.0
587,CASH_IN,117234.71,C818545763,6184885.11,C275240684,7574532.92
378,CASH_OUT,85740.97,C763457797,8637.0,C1128836138,364530.39
407,PAYMENT,22188.8,C182897473,254193.38,M146104940,0.0
426,TRANSFER,359216.65,C1638025365,11674.0,C769879771,219042.71
522,PAYMENT,9739.23,C1752940382,5053.0,M1920998387,0.0
397,CASH_OUT,213.11,C1723259692,0.0,C525048395,2248762.08
395,TRANSFER,973736.55,C1489498765,69741.0,C222373659,26208.54
378,CASH_IN,216459.55,C1861670187,5401869.16,C1894551381,12523741.74
448,CASH_IN,148091.19,C1096103702,5456939.7,C1550605950,257518.11
423,CASH_OUT,111997.98,C652064279,202572.0,C1355881185,2075934.38
400,PAYMENT,9420.61,C2132100306,0.0,M482400655,0.0
356,PAYMENT,9543.15,C428678195,391044.85,M698592686,0.0
372,PAYMENT,7826.92,C1376351377,14784.0,M938581510,0.0
371,CASH_OUT,631684.88,C325229356,0.0,C671095972,1423673.87
378,PAYMENT,27975.88,C640596135,0.0,M1400840879,0.0
570,CASH_OUT,156427.91,C1968267866,0.0,C787728022,568775.8
356,PAYMENT,13696.12,C358123325,71340.84,M1060912348,0.0
357,PAYMENT,6816.09,C1007205931,299902.0,M2058216847,0.0
360,PAYMENT,5532.45,C1097647999,19807.62,M587182665,0.0
370,PAYMENT,7812.83,C1749919818,426283.31,M1263327571,0.0
380,PAYMENT,231.18,C2961563,5501.0,M912711427,0.0
705,CASH_IN,138118.17,C638273133,6299149.21,C1565972600,6124162.02
466,CASH_IN,368421.58,C262196186,76409.0,C563139707,249581.56
395,CASH_OUT,101649.97,C1433363653,746.0,C350508434,0.0
380,CASH_IN,199185.87,C2064425773,9690752.74,C1746768353,239790.84
387,CASH_OUT,245970.86,C1529702229,245970.86,C1178104169,14287843.63
370,TRANSFER,707514.05,C2002692748,0.0,C824242767,1732633.51
397,TRANSFER,1109688.1,C1977649894,209675.05,C1937397407,4176677.3
401,TRANSFER,1367560.05,C1384971630,11033.88,C465845250,1584123.51
397,PAYMENT,21764.91,C1385361684,11577.0,M1109022694,0.0
406,PAYMENT,24253.32,C1301970486,0.0,M1565456045,0.0
393,CASH_OUT,164854.07,C1729823354,0.0,C1628708390,2847846.67
492,PAYMENT,17422.53,C1095728418,25728.0,M1324324722,0.0
401,CASH_IN,109854.01,C159452183,16767978.64,C1439588830,1688953.56
396,CASH_OUT,35008.93,C1374198196,0.0,C1463937888,91716.93
379,PAYMENT,26640.88,C1209018675,8125.0,M1494440261,0.0
400,TRANSFER,165168.01,C316460869,2273.0,C1264800422,0.0
605,CASH_OUT,1555182.41,C610159138,1555182.41,C1751345870,76405.76
451,CASH_IN,103275.68,C1394824922,4541.0,C1784190470,0.0
705,TRANSFER,731993.95,C1635969620,40066.0,C101934263,322362.1
690,CASH_OUT,33028.31,C1351520648,372.0,C657358856,0.0
404,PAYMENT,7040.55,C1079144673,9385.88,M983395393,0.0
369,CASH_OUT,74761.06,C402574024,0.0,C1432777087,3553843.23
563,CASH_IN,292931.26,C1867478519,1131806.92,C30217657,12331436.51
469,PAYMENT,12705.27,C1812247115,92639.0,M395304804,0.0
407,PAYMENT,14049.57,C1563828301,32715.0,M1943895889,0.0
519,TRANSFER,1049424.26,C448865084,1049424.26,C154141586,0.0
683,CASH_OUT,246132.02,C873798412,321.0,C273784104,195628.81
571,PAYMENT,510.72,C1008366598,4271.0,M371530975,0.0
546,CASH_IN,173997.94,C1517874980,475406.0,C1104549584,0.0
550,PAYMENT,1042.36,C1922022190,52720.0,M1992506963,0.0
382,PAYMENT,14616.9,C581829543,0.0,M430703781,0.0
407,CASH_OUT,29953.95,C546940601,154552.0,C941052893,40886.41
397,CASH_OUT,614302.59,C1123503745,14961.0,C1813113632,234440.12
522,TRANSFER,513526.6,C875728769,0.0,C1406293991,4737981.17
402,PAYMENT,16666.82,C370339270,0.0,M686536247,0.0
356,CASH_IN,246945.22,C1151506412,14548.0,C579499007,435244.44
382,CASH_IN,106162.12,C1740077916,87914.0,C532288496,37920.89
357,PAYMENT,31906.89,C429479374,0.0,M958435524,0.0
402,CASH_IN,216360.25,C754830424,35815.0,C313215822,1125334.87
500,CASH_OUT,23926.04,C1029538212,0.0,C1751899417,55505.13
404,PAYMENT,20557.69,C191018342,0.0,M305185532,0.0
681,CASH_OUT,209417.27,C947434481,29377.0,C423832746,1452394.96
371,PAYMENT,880.5,C1394100868,20146.0,M1209546218,0.0
395,CASH_OUT,170390.05,C1969908710,0.0,C834369930,5235959.83
637,CASH_IN,564358.38,C846627784,1213415.93,C930986152,885410.56
401,CASH_IN,122892.39,C37507358,1844821.35,C886522373,296214.85
573,CASH_IN,238170.62,C1565179890,308246.57,C1943444961,1525774.32
380,CASH_OUT,90269.23,C1859391108,0.0,C1314027082,6611446.69
372,TRANSFER,2923356.25,C1312260902,2923356.25,C1724629227,0.0
379,CASH_IN,234692.11,C426825734,0.0,C1375870185,1624358.63
401,TRANSFER,68549.32,C727087088,0.0,C585568901,291841.26
398,PAYMENT,28400.08,C2012705403,171839.14,M1602784892,0.0
378,PAYMENT,43406.62,C1907407410,0.0,M1120367892,0.0
395,PAYMENT,6932.79,C1980663489,0.0,M1382823899,0.0
379,CASH_OUT,193122.16,C502518307,0.0,C408581471,239692.5
375,PAYMENT,19760.13,C787984336,0.0,M1138493407,0.0
691,PAYMENT,16869.66,C1257268630,11278.37,M1637594768,0.0
522,PAYMENT,7533.67,C1382917613,0.0,M1094158686,0.0
684,CASH_OUT,39208.41,C636179545,0.0,C1255302334,178133.69
393,PAYMENT,5464.12,C741045903,6470.47,M1352879349,0.0
426,TRANSFER,719017.78,C1315746236,0.0,C1117759339,780267.33
394,CASH_IN,252992.75,C1444119053,9628211.43,C93567424,639564.63
548,PAYMENT,5550.16,C1499372164,8221.26,M125555596,0.0
503,PAYMENT,8861.87,C533879006,683197.8,M1274608222,0.0
373,PAYMENT,4219.87,C167524622,0.0,M1658297386,0.0
610,TRANSFER,780459.01,C490442075,0.0,C1733637905,2029853.23
377,PAYMENT,5402.01,C668392492,52288.0,M1578498803,0.0
372,CASH_OUT,40079.48,C250851592,2921.0,C1025353026,1645096.14
522,CASH_OUT,177691.81,C104374210,152.0,C179027326,0.0
372,PAYMENT,32862.02,C1281871809,21405.0,M1337086964,0.0
394,CASH_OUT,61181.3,C1941608024,0.0,C237594516,8926925.08
380,CASH_OUT,227657.85,C1936016683,1025.0,C288899505,58844.6
404,CASH_OUT,162217.84,C643121834,5510.0,C1960297394,0.0
528,PAYMENT,7298.05,C1490606634,52709.0,M1149575977,0.0
402,CASH_IN,175507.81,C1700647773,901.0,C1603052574,0.0
400,PAYMENT,18300.72,C2090086012,2084.0,M1764805093,0.0
400,CASH_IN,13029.77,C1566701286,1032139.25,C1693114343,55560.17
522,PAYMENT,17143.17,C985493323,13045.0,M1648565822,0.0
403,CASH_IN,94300.84,C1576387648,9056.0,C2142860590,0.0
400,CASH_OUT,149107.37,C128846351,1049.0,C24040203,3831500.6
585,CASH_OUT,470325.08,C1713242347,470325.08,C1102790873,0.0
402,CASH_OUT,198757.04,C470578424,17417.0,C289322308,1631028.87
397,CASH_OUT,261930.8,C814194844,31108.0,C1734726353,1824099.71
621,PAYMENT,4704.98,C1214448307,1216.0,M545959343,0.0
527,CASH_OUT,356207.07,C132262355,0.0,C2053273782,514817.15
377,TRANSFER,489033.93,C2125867805,489033.93,C1378742285,0.0
692,CASH_OUT,284589.62,C1075979848,158439.0,C259746210,480418.45
377,PAYMENT,6197.22,C499234574,16101.0,M2095152402,0.0
540,PAYMENT,12958.54,C621394089,229.0,M524987028,0.0
380,CASH_OUT,195560.64,C143323856,0.0,C2069914602,280851.75
404,TRANSFER,1080103.11,C295466237,0.0,C1535779768,1268238.53
589,PAYMENT,8522.55,C2042557400,0.0,M775468368,0.0
378,PAYMENT,8185.4,C1992939661,66047.0,M102318381,0.0
406,PAYMENT,13297.27,C913561777,641.0,M1868684354,0.0
369,PAYMENT,7548.33,C388273408,38968.15,M97990050,0.0
400,CASH_OUT,9957.27,C585655808,8141.0,C1808630523,0.0
373,PAYMENT,15183.39,C595865435,10796.0,M1715843561,0.0
375,PAYMENT,24126.29,C1796370625,0.0,M340210098,0.0
356,CASH_OUT,126091.58,C66940980,778251.61,C1324060407,720133.77
399,TRANSFER,563616.47,C1050939287,0.0,C1573931159,661632.06
526,TRANSFER,110268.06,C2117825082,47097.0,C1038951827,21302.01
358,CASH_IN,47363.19,C1548813560,5435868.51,C1568511778,140201.05
356,PAYMENT,33824.45,C2022735345,0.0,M2120619042,0.0
399,CASH_IN,208577.54,C841694636,4930308.81,C508486173,2092449.04
373,CASH_IN,7175.68,C1065714386,1018818.33,C330528998,171614.75
374,PAYMENT,30283.15,C2035700497,206919.0,M576436622,0.0
396,PAYMENT,12380.06,C276077219,0.0,M645406310,0.0
372,PAYMENT,9768.51,C214652773,550590.26,M1928140517,0.0
379,CASH_OUT,134821.07,C1491223907,10655.0,C2024901328,791672.9
399,PAYMENT,31030.58,C2016274135,0.0,M1547750766,0.0
376,PAYMENT,16004.47,C1615829453,0.0,M2117406767,0.0
403,CASH_OUT,220525.03,C1727718282,0.0,C1919045328,1622894.8
548,CASH_IN,34280.7,C1019872581,101843.66,C424796428,133119.11
469,CASH_IN,281427.21,C1994393488,679962.79,C1489549957,1645554.03
476,CASH_OUT,87443.92,C353496302,0.0,C808449982,168692.03
380,PAYMENT,6445.97,C1449551000,28526.0,M1011590610,0.0
405,PAYMENT,10222.18,C588589196,15997.0,M721285285,0.0
374,CASH_OUT,564347.62,C846120075,10701.0,C1671873024,0.0
404,CASH_IN,149017.09,C359499814,14024.0,C151106138,1818971.77
374,CASH_OUT,433876.7,C1818810540,108160.67,C879171237,1520606.83
518,CASH_IN,282709.68,C332156791,1697886.62,C398033647,850569.67
522,PAYMENT,19867.56,C1676530066,37292.76,M2147221493,0.0
379,CASH_IN,263999.92,C1511153849,6692.0,C903556678,0.0
380,CASH_OUT,151911.0,C2089350922,0.0,C1318376973,394474.82
396,PAYMENT,34382.46,C1525776500,0.0,M1320334322,0.0
373,CASH_OUT,169591.93,C411127587,0.0,C1737024086,171260.01
594,CASH_OUT,281421.85,C1130848132,0.0,C1547162206,1870083.83
382,PAYMENT,877.73,C1247341081,0.0,M1666286606,0.0
378,CASH_OUT,61525.47,C185246216,48760.0,C278375243,2667366.56
684,CASH_OUT,51519.45,C1552312729,22671.0,C487253567,65204.22
396,CASH_OUT,64572.88,C624504335,0.0,C790236081,121915.33
434,CASH_OUT,32671.88,C640831254,32671.88,C1389084287,164307.14
404,CASH_OUT,45658.55,C243306920,225278.0,C235766501,599096.36
594,CASH_OUT,316491.62,C2106502384,155620.0,C1624066192,3142349.06
409,CASH_OUT,124108.79,C2051416528,42026.77,C1420439449,616595.2
490,CASH_IN,314514.62,C1528122423,10750.0,C675355947,0.0
383,CASH_IN,49515.04,C653783627,21144.0,C729188515,0.0
397,CASH_OUT,442900.0,C1758373636,3012.0,C2070626006,5977767.98
669,CASH_IN,111315.3,C837019310,10719101.49,C4728932,402036.44
705,PAYMENT,187.52,C742861613,98137.5,M1759672044,0.0
403,PAYMENT,664.34,C922229753,0.0,M546420280,0.0
357,CASH_IN,39146.64,C1503244013,5086.0,C1358910892,0.0
374,CASH_IN,164200.91,C1017301470,281092.0,C743576151,1724809.9
522,CASH_IN,122763.0,C1998961660,6047.0,C507258961,0.0
374,CASH_IN,114555.56,C1699971389,8078.0,C1258814685,0.0
522,DEBIT,368.36,C284569865,168026.0,C1450734820,497849.99
588,TRANSFER,1383537.28,C1457225466,0.0,C196276373,3084532.89
540,CASH_OUT,95002.55,C1229720822,0.0,C443106532,146549.46
380,PAYMENT,3145.27,C1018645027,266962.72,M248807110,0.0
544,PAYMENT,21564.58,C388235755,31315.0,M1906380787,0.0
411,CASH_OUT,365069.45,C1359467526,365069.45,C142819942,1033912.43
687,TRANSFER,1381386.89,C1973453523,0.0,C1591195057,2905611.85
394,CASH_IN,323042.81,C368186185,794897.26,C1126422664,442381.37
399,CASH_OUT,75610.34,C482345896,0.0,C1838223524,211915.37
378,PAYMENT,1525.21,C839307306,10743.0,M1884077094,0.0
667,CASH_OUT,220799.49,C1175648893,209090.71,C746897871,386308.61
638,TRANSFER,7788725.2,C1474481275,7788725.2,C955662088,0.0
396,CASH_IN,147183.16,C2116383109,21559.0,C766600090,105106.74
393,PAYMENT,19648.55,C502275123,50526.0,M1276289981,0.0
378,CASH_OUT,200083.68,C641015303,481.0,C966481089,161519.28
570,PAYMENT,3526.92,C1176666341,0.0,M1739251529,0.0
490,CASH_OUT,514387.41,C1485611866,0.0,C1690464186,762375.71
370,CASH_OUT,23953.09,C1283478794,99956.0,C226140521,1776117.55
403,PAYMENT,803.48,C349064704,9575.0,M1042325724,0.0
401,CASH_OUT,107004.67,C1548296102,50377.0,C1472525646,0.0
424,CASH_OUT,2772748.37,C323857001,2772748.37,C1982168080,0.0
571,PAYMENT,6616.07,C590654926,5223.0,M1566379331,0.0
567,CASH_OUT,18230.15,C1153224255,10185.0,C160956775,0.0
398,CASH_OUT,225275.09,C1477491702,0.0,C2028794349,1552685.87
372,CASH_IN,120256.4,C174807760,3910164.54,C1299456198,848250.92
377,PAYMENT,16433.56,C751132388,21744.58,M30399786,0.0
403,PAYMENT,1740.34,C574763980,0.0,M2124345953,0.0
540,CASH_OUT,150330.44,C1346857885,0.0,C1870843528,1264782.15
404,PAYMENT,5104.77,C12446740,5911.73,M839640404,0.0
402,TRANSFER,1141652.19,C424882527,0.0,C2136529903,2666979.39
402,PAYMENT,5937.25,C2072084760,0.0,M1364400784,0.0
378,TRANSFER,3016889.44,C752677192,0.0,C1356073531,3975102.33
514,CASH_OUT,195135.27,C2057598037,0.0,C1645778314,291784.13
395,PAYMENT,6857.62,C1435181947,0.0,M2020522002,0.0
403,PAYMENT,13519.09,C104434154,0.0,M352569025,0.0
356,PAYMENT,15264.8,C1199457745,1512.0,M810473230,0.0
692,CASH_IN,42357.85,C99481486,4720083.2,C987807300,1567762.45
544,CASH_OUT,289716.63,C199020201,0.0,C989504089,63955538.29
356,CASH_IN,219874.26,C177731198,17184.0,C2020247541,0.0
518,CASH_OUT,306117.33,C210848970,793228.0,C1387825074,29390.09
377,PAYMENT,17505.92,C1861188764,5501.0,M1845519835,0.0
394,PAYMENT,30463.94,C1873063896,1220.0,M1651624568,0.0
396,PAYMENT,22204.4,C167087136,1359.18,M1372093185,0.0
395,CASH_OUT,259938.16,C1335912707,979841.24,C1338644402,745864.4
594,CASH_OUT,373092.14,C1677087573,105417.0,C976060942,16000961.72
448,CASH_IN,12177.07,C92364929,228623.8,C1408983302,51256.33
380,PAYMENT,16457.92,C1625408977,1550.0,M1725566288,0.0
495,PAYMENT,11147.98,C2123845708,241075.0,M1522296539,0.0
395,CASH_OUT,316269.9,C1063391934,181049.0,C965979196,29076.92
396,TRANSFER,737655.19,C1612973321,0.0,C706400925,5886709.61
530,DEBIT,1609.08,C1627545028,21390.0,C1332885315,3456669.37
379,CASH_OUT,27537.95,C858936188,0.0,C138289903,93411.29
399,CASH_OUT,231373.54,C1284596502,1542.0,C726057372,0.0
357,TRANSFER,929438.96,C393688185,0.0,C619425560,2449141.98
404,CASH_IN,323590.16,C311515953,2319.0,C263784634,158292.16
379,PAYMENT,17641.29,C984319567,0.0,M2076823367,0.0
505,TRANSFER,2979972.78,C1904352957,2979972.78,C436096516,0.0
393,CASH_OUT,227792.85,C1392742006,16102.0,C1346971368,468782.84
397,PAYMENT,14197.82,C733277472,2013.0,M1495761043,0.0
612,PAYMENT,11961.0,C581493638,41286.0,M1573979412,0.0
402,CASH_IN,153935.93,C813618051,348107.19,C1825882062,8907629.33
396,PAYMENT,7629.84,C202299956,9770.0,M1583566507,0.0
372,CASH_OUT,147034.79,C246349307,3076.0,C153688272,0.0
394,TRANSFER,1852536.73,C202266211,128.0,C971307270,269487.99
570,PAYMENT,12411.31,C1460779808,31339.0,M1861713725,0.0
378,CASH_OUT,263672.05,C1264808130,0.0,C1725750795,1715165.38
379,CASH_OUT,88336.92,C1923226519,21032.0,C773663341,0.0
369,CASH_IN,99752.82,C1914779577,876.0,C155852501,20231095.1
373,PAYMENT,10618.06,C1344739479,15162.0,M1630050294,0.0
476,PAYMENT,6090.8,C1591520066,26453.63,M801280914,0.0
466,CASH_OUT,212407.86,C1650997900,0.0,C1712033174,4054226.0
369,PAYMENT,3323.38,C1773524458,77023.34,M241656082,0.0
403,CASH_IN,97911.67,C1967380400,1293339.61,C1304628773,999584.92
406,PAYMENT,16967.07,C2036908206,0.0,M254805671,0.0
372,TRANSFER,222442.57,C185861659,10856.0,C1426325417,0.0
404,PAYMENT,12806.22,C2135852756,491442.0,M1036121727,0.0
400,CASH_IN,122439.36,C1274162189,60278.0,C372050262,0.0
398,PAYMENT,6681.3,C993756899,51415.0,M1100444789,0.0
404,CASH_OUT,118679.18,C809582437,40618.0,C1704089442,0.0
403,PAYMENT,4464.97,C916189592,0.0,M307424881,0.0
395,CASH_IN,46670.37,C447252906,9331901.1,C955880261,77096.15
691,PAYMENT,8657.96,C1889164900,0.0,M452860887,0.0
402,PAYMENT,32231.92,C2018819460,0.0,M1422766678,0.0
403,CASH_IN,191423.5,C689251435,2971.0,C679154396,5503165.07
564,PAYMENT,4856.1,C1937717918,3704.17,M1472206856,0.0
379,CASH_OUT,167404.03,C1527186693,32693.0,C1077990051,37185.4
595,PAYMENT,5106.84,C88600251,23196.39,M1850250913,0.0
401,PAYMENT,2016.61,C1378920,0.0,M1881803803,0.0
373,PAYMENT,2618.31,C238893345,0.0,M1998420961,0.0
379,CASH_OUT,301562.64,C714257771,0.0,C1562621850,4872472.17
405,PAYMENT,5727.15,C549133835,227164.0,M1282079166,0.0
383,CASH_IN,82187.79,C1224451958,1964114.43,C2030810637,406810.98
378,CASH_OUT,142194.29,C2013136536,21108.0,C2014448805,440.53
379,CASH_OUT,442930.33,C795779641,0.0,C1209188932,6841608.35
694,CASH_IN,231872.51,C1792486780,20463.0,C741840790,168703.14
715,CASH_OUT,287572.56,C1744556975,36601.0,C1361953185,2099074.31
401,PAYMENT,7166.07,C1409796026,445.0,M1152914603,0.0
379,PAYMENT,9305.14,C1708595815,100977.29,M110180254,0.0
476,PAYMENT,13919.42,C1670460194,0.0,M978320604,0.0
476,CASH_OUT,159582.66,C576227569,873.0,C1684401063,158501.99
372,CASH_OUT,98088.83,C334297119,0.0,C1912793210,608642.35
375,CASH_OUT,98165.48,C839521991,0.0,C220942808,435494.31
380,PAYMENT,3495.24,C1882926110,36859.0,M2096806626,0.0
540,PAYMENT,2885.85,C2090068245,0.0,M1640264210,0.0
550,CASH_OUT,219507.76,C1297825349,27328.37,C2102866021,735077.3
500,PAYMENT,9061.4,C197069111,314.0,M586721148,0.0
380,TRANSFER,402693.34,C1424863706,0.0,C1676438594,476051.74
550,PAYMENT,1343.14,C486066140,0.0,M1076947133,0.0
407,CASH_OUT,283241.94,C961750659,0.0,C1721185561,414303.65
356,CASH_OUT,232.46,C1907584176,0.0,C824912003,39721.26
589,CASH_OUT,150207.52,C1007115029,322827.69,C436859927,2127345.61
378,TRANSFER,48017.34,C2064247486,0.0,C952645500,74607.79
395,PAYMENT,30949.87,C19905034,279.0,M2076984898,0.0
403,CASH_OUT,240589.82,C631332529,25949.0,C802937576,1997488.71
357,PAYMENT,2040.98,C892381084,391145.0,M982992833,0.0
405,CASH_IN,178502.65,C184101628,1294702.46,C1968872985,203573.15
573,CASH_OUT,62249.1,C1458559430,55042.0,C975699901,309454.06
378,CASH_IN,233785.4,C1565902081,7117015.45,C751169191,4739584.17
395,CASH_OUT,271399.45,C44558853,11464.0,C1955538726,316998.94
594,CASH_OUT,273560.76,C1098336609,3415.0,C1753906998,221472.03
402,CASH_IN,117679.69,C1205744343,10529142.69,C1583431487,755607.59
505,CASH_IN,370193.45,C749619972,4753153.54,C1841336794,980462.59
692,PAYMENT,5381.93,C1826394868,1291.0,M1191588701,0.0
570,CASH_IN,237452.46,C928815520,7130916.88,C1235889909,428472.35
357,CASH_IN,17683.5,C1301169446,16095474.76,C1430172050,6149485.01
395,CASH_OUT,119113.7,C110187709,26566.0,C25136566,8378544.26
546,CASH_OUT,74595.73,C1927108055,0.0,C334560893,120328.75
619,CASH_IN,31762.19,C561500527,66406.0,C2091673968,1138119.82
423,CASH_IN,72791.06,C1044034172,11720829.73,C71070490,147380.88
619,TRANSFER,936466.1,C1336000940,105626.0,C1596018923,31176.84
403,CASH_OUT,46463.22,C1424512251,5815.0,C787818312,234945.46
375,CASH_IN,19375.65,C988606728,125.0,C198233326,2092342.48
394,CASH_OUT,117886.44,C762311537,66517.0,C1228842677,0.0
377,PAYMENT,52247.17,C1478106615,177119.49,M142392270,0.0
403,CASH_OUT,27920.46,C718858690,4004.0,C1817126208,480281.99
525,CASH_OUT,130679.27,C1339195635,44313.0,C1434109180,7390.72
395,TRANSFER,280989.06,C267284913,0.0,C1938313091,612089.76
372,PAYMENT,9894.69,C2042693147,0.0,M537352329,0.0
517,PAYMENT,19413.68,C627865551,67250.0,M991502127,0.0
687,PAYMENT,1257.07,C449848790,1100.0,M222501458,0.0
522,TRANSFER,481318.07,C1454032156,0.0,C1502143342,12099978.11
360,CASH_IN,339651.58,C1496534280,37563.03,C529380177,8224680.0
401,CASH_OUT,94777.15,C1438334580,172457.0,C623753918,5652139.06
585,CASH_IN,912.18,C953069153,297.0,C517862958,2108611.74
493,PAYMENT,2297.72,C1404726199,0.0,M1657995346,0.0
370,CASH_OUT,174969.99,C1715648211,0.0,C1051776663,1477343.25
358,PAYMENT,6184.49,C746120270,478.0,M344049561,0.0
374,PAYMENT,16712.18,C1044304930,103518.08,M1897545014,0.0
400,CASH_OUT,143405.56,C626636909,452.0,C187581341,0.0
402,CASH_IN,211386.08,C1680340211,8467374.49,C101154332,553737.96
396,CASH_IN,270326.6,C1949772926,151915.0,C1229161390,175787.81
404,CASH_OUT,3996.31,C1682069098,376.0,C176156148,0.0
372,TRANSFER,504673.26,C129222951,0.0,C1615203358,703219.05
407,CASH_OUT,42906.6,C1935970173,139013.71,C1066135437,1769916.77
525,CASH_OUT,473990.56,C1269818196,0.0,C1256325701,1187350.2
373,PAYMENT,34201.75,C1148221798,0.0,M1452551336,0.0
403,DEBIT,2035.59,C431469103,82619.0,C905012781,161295.1
563,CASH_OUT,21663.9,C1630465211,0.0,C1161119792,298137.65
506,TRANSFER,7041719.54,C295695808,7041719.54,C1634584019,0.0
373,PAYMENT,20484.69,C1925404567,59694.0,M1913228685,0.0
375,TRANSFER,258163.64,C1539940074,0.0,C1876828021,265451.98
517,PAYMENT,26049.31,C1345668271,21822.0,M341994088,0.0
375,CASH_OUT,177253.18,C621730732,0.0,C1001208430,1636345.22
544,PAYMENT,19819.75,C1432881609,0.0,M249237511,0.0
396,TRANSFER,614084.81,C1448636268,40350.0,C28380934,51430.51
399,PAYMENT,4624.22,C1588816092,0.0,M1008750825,0.0
396,PAYMENT,9070.94,C2025134616,0.0,M220934059,0.0
527,CASH_OUT,92487.54,C1323569716,154307.0,C872117709,0.0
404,PAYMENT,33027.81,C1664212093,203022.59,M20949514,0.0
359,PAYMENT,8943.97,C501567466,103086.0,M1353382811,0.0
633,TRANSFER,405400.26,C2129660302,405400.26,C770221962,0.0
378,CASH_OUT,50622.03,C1586772830,14240.0,C180565741,1284978.13
686,CASH_OUT,219079.92,C122044608,0.0,C890337221,1112060.34
398,PAYMENT,22345.58,C1260538598,0.0,M51974434,0.0
397,CASH_OUT,20132.62,C1346971056,0.0,C678153271,11909126.48
374,CASH_OUT,154417.7,C1925164223,0.0,C1177594406,213109.79
402,CASH_IN,13896.23,C492226517,1305662.09,C59086829,72876.83
405,CASH_IN,183059.67,C539742017,1290502.25,C1804288580,3228270.33
403,CASH_OUT,41541.78,C807438290,0.0,C1039448396,375537.65
396,PAYMENT,32646.53,C598699586,10835.0,M1695473807,0.0
403,CASH_OUT,231931.52,C31666620,67328.0,C1441363601,510591.06
404,CASH_IN,89011.97,C1560229726,1568076.8,C579273682,472357.68
403,CASH_OUT,343038.58,C920782109,0.0,C1998593710,6293193.18
687,CASH_OUT,54273.01,C349012619,1359.0,C214057739,7886.13
372,TRANSFER,341465.03,C1472040835,55385.0,C1897269877,485227.37
565,TRANSFER,367653.02,C1677313489,0.0,C1428055479,492786.68
378,PAYMENT,10973.27,C1036504041,101123.0,M1509813837,0.0
396,CASH_IN,251163.11,C1965357208,4338566.91,C1028362359,77397132.85
395,CASH_OUT,196404.13,C394314224,20124.0,C354591804,0.0
376,PAYMENT,11276.99,C1674325401,105036.0,M613125299,0.0
517,PAYMENT,4360.71,C1036037179,0.0,M152815161,0.0
709,CASH_OUT,108696.14,C402955487,34950.0,C857640335,42829.08
589,CASH_IN,241002.34,C1678728796,1179848.72,C623855363,522668.63
525,PAYMENT,12717.43,C800109691,256134.8,M801027439,0.0
509,CASH_IN,160454.05,C342872036,7750565.36,C502035475,175543.15
690,CASH_OUT,160271.41,C389660670,13196.0,C623592362,0.0
377,CASH_OUT,75811.95,C248377571,0.0,C367193460,1432991.0
375,TRANSFER,51950.36,C1275175317,11913.0,C1813816837,75662.79
398,CASH_OUT,153044.29,C120516998,567078.03,C104124668,673985.75
401,CASH_OUT,88002.94,C807548104,4580.0,C1158786169,0.0
592,CASH_IN,184790.01,C495789740,7189.0,C1910018633,1497346.48
595,TRANSFER,76732.89,C1422736429,76732.89,C420728464,0.0
403,CASH_OUT,294250.77,C1761560801,0.0,C1423983240,15681944.34
398,PAYMENT,91043.1,C663807929,0.0,M1565258470,0.0
372,TRANSFER,941807.95,C688574328,101704.92,C546945301,1632675.88
688,PAYMENT,7388.27,C1165407745,1248.0,M419914977,0.0
359,TRANSFER,195682.74,C772266181,6676.0,C555714716,0.0
396,CASH_IN,40172.01,C747468574,5806219.27,C928029159,1727213.58
379,CASH_OUT,258934.5,C1492447058,202029.0,C227243279,0.0
695,PAYMENT,9222.51,C1934011446,0.0,M635721523,0.0
376,CASH_OUT,12535.69,C1661197973,0.0,C537208285,311303.17
379,PAYMENT,14067.05,C76363315,244174.0,M1430700763,0.0
619,CASH_OUT,88154.1,C1155450120,25349.0,C2045190486,0.0
401,CASH_IN,223550.6,C1624259666,11354.0,C938880135,2372218.88
371,CASH_OUT,2188.7,C573539537,5786.0,C1458610677,0.0
371,TRANSFER,854519.64,C1566454087,0.0,C1630636858,1319483.3
684,CASH_OUT,196934.47,C405936899,0.0,C1564159386,8903633.59
522,TRANSFER,427724.8,C1650235281,0.0,C1724875582,946408.23
397,CASH_IN,23444.32,C730799815,3195.01,C1448643642,211395.33
401,PAYMENT,18319.91,C2124251845,0.0,M2004585217,0.0
448,CASH_OUT,145646.15,C468344442,0.0,C1020159652,5660545.75
573,PAYMENT,885.41,C1814660419,25884.0,M290067913,0.0
404,PAYMENT,426.54,C2124897438,21002.0,M1150289592,0.0
379,CASH_IN,338228.16,C1562688954,4306794.89,C1704793838,411451.58
401,CASH_IN,66486.81,C330597288,9723306.7,C1332487292,545646.38
709,CASH_OUT,253551.22,C857702588,21131.0,C145370167,322453.19
375,TRANSFER,1736245.34,C932663337,81170.4,C645610003,4147684.5
687,CASH_OUT,5531.25,C413662103,101817.33,C695341023,2868634.64
547,CASH_IN,275592.7,C2126380647,7699575.95,C1975738059,533292.28
357,PAYMENT,25873.66,C536657123,9578.28,M1911163666,0.0
397,TRANSFER,1195000.82,C525585060,127479.0,C1706406214,289057.74
404,PAYMENT,2598.69,C1904497861,28868.0,M1886009835,0.0
588,PAYMENT,24938.18,C987812075,204456.27,M930157117,0.0
378,CASH_IN,285429.68,C1422730982,527630.57,C2017318515,10310441.16
398,CASH_IN,274253.01,C1437496664,8024457.83,C2003734640,1906996.27
375,PAYMENT,32291.39,C582925839,6258.77,M396777069,0.0
393,CASH_OUT,49566.16,C2141039506,115587.78,C118173848,975383.71
381,PAYMENT,18.77,C214294058,0.0,M2035770516,0.0
527,PAYMENT,6935.99,C1822896478,32654.0,M1131678779,0.0
402,CASH_IN,293551.72,C1066886342,12674.0,C734500772,212740.93
586,TRANSFER,680665.65,C1005530982,0.0,C1279455582,5756624.01
380,CASH_IN,104269.97,C487240517,12905791.26,C1362586185,923514.34
381,PAYMENT,10416.38,C1144063304,1162.0,M25305119,0.0
420,PAYMENT,1332.16,C1104641940,43474.0,M1841861216,0.0
405,TRANSFER,624281.5,C242087823,0.0,C617386836,685376.07
371,PAYMENT,28950.27,C2005085497,0.0,M1166368327,0.0
550,CASH_OUT,15873.69,C692739892,0.0,C874159540,149420.67
592,CASH_IN,103380.3,C1670554509,2037499.29,C528475240,11532946.13
404,PAYMENT,12978.25,C1440612565,0.0,M826339756,0.0
403,CASH_IN,73570.36,C906419161,21733.0,C70060294,23528.06
358,PAYMENT,2296.39,C724538349,250140.0,M661164623,0.0
370,PAYMENT,10249.25,C1353817385,0.0,M1037616826,0.0
547,TRANSFER,1139983.15,C666869003,1139983.15,C923969189,0.0
379,PAYMENT,1182.33,C718989415,0.0,M956037450,0.0
513,CASH_OUT,217506.28,C1899106071,217506.28,C1046276504,78480.8
356,PAYMENT,11464.71,C58427438,12616.0,M1685121046,0.0
399,CASH_IN,407220.66,C1547421687,0.0,C1822599359,723027.69
596,PAYMENT,14688.51,C495369611,0.0,M1063576313,0.0
402,TRANSFER,1859023.67,C1427065035,0.0,C1908595889,4200658.67
374,CASH_IN,28429.13,C1590465299,12556574.06,C378332404,465822.02
670,CASH_OUT,1938347.14,C106058139,1938347.14,C1218665261,294911.92
380,CASH_OUT,66027.55,C1167266312,16.0,C1283903116,0.0
380,CASH_IN,38060.67,C952073575,102088.0,C234208881,4526016.73
360,TRANSFER,1594822.9,C1616931827,0.0,C105764637,7170577.05
370,CASH_IN,634217.58,C1408281303,106654.0,C1615191157,1007769.62
544,CASH_OUT,176615.55,C1185604375,0.0,C1475230405,3727579.37
375,CASH_OUT,111185.39,C747007900,0.0,C169895228,242373.65
674,TRANSFER,171651.7,C582884877,171651.7,C2136467775,0.0
379,PAYMENT,16911.98,C591292535,13480.66,M2058231005,0.0
400,PAYMENT,6580.73,C1314361279,41380.0,M1185804782,0.0
371,PAYMENT,5305.78,C2003130080,76547.94,M1153519635,0.0
380,PAYMENT,18950.86,C813194812,245297.0,M178309214,0.0
358,PAYMENT,23138.17,C1951586844,0.0,M1748293067,0.0
402,CASH_OUT,241263.08,C765729787,0.0,C1013845504,3043825.13
687,CASH_IN,242071.66,C917013935,1940121.33,C531874044,545242.95
370,PAYMENT,5696.93,C2133469280,0.0,M1736331200,0.0
546,CASH_OUT,372304.72,C2068139445,13396.0,C1888621755,0.0
544,TRANSFER,445158.97,C1334822753,0.0,C1006182805,477235.35
403,PAYMENT,11129.95,C1356933098,0.0,M175508852,0.0
395,TRANSFER,866546.11,C1117355931,0.0,C757783942,1147992.71
379,CASH_IN,197598.87,C753589916,1831727.88,C529388720,2113098.72
356,CASH_IN,245613.95,C1952424904,1024245.42,C434496190,1881210.77
375,PAYMENT,10067.08,C1906988140,57579.0,M2078357070,0.0
585,PAYMENT,4312.47,C270194117,791150.0,M654882875,0.0
402,CASH_OUT,316273.97,C1563304849,31481.0,C1109027430,0.0
394,CASH_IN,340938.43,C1625610439,34913.0,C976194498,1943783.15
492,CASH_OUT,137556.22,C1138922058,9900.0,C1983208096,354137.12
377,PAYMENT,11860.92,C1703740753,20215.26,M1731602459,0.0
373,PAYMENT,12482.62,C376256398,15180.0,M2142714864,0.0
401,CASH_OUT,79482.14,C241894119,51286.0,C1166170079,79513.56
687,CASH_OUT,69077.14,C2075375102,69077.14,C2132856872,110691.08
687,TRANSFER,1509923.27,C204017122,22160.0,C297384776,4176906.91
683,CASH_IN,134837.07,C1841209566,7493093.16,C1965816690,579333.47
546,CASH_IN,191223.39,C1444108733,63538.0,C867811097,0.0
376,TRANSFER,126379.51,C1012475854,0.0,C1325720016,501433.67
371,CASH_OUT,228019.34,C1140897190,15855.57,C1414073027,1983081.04
401,PAYMENT,17306.83,C968607877,337.0,M1583565279,0.0
403,CASH_OUT,98637.03,C40729142,50181.0,C592336353,707730.13
622,CASH_OUT,165547.54,C1559989964,165547.54,C184933792,0.0
690,PAYMENT,9453.49,C1060418306,20417.0,M1208358713,0.0
552,CASH_OUT,6756.46,C1304697562,24491.0,C1703640283,0.0
405,CASH_OUT,64850.54,C903896964,0.0,C1734283234,11598318.0
495,TRANSFER,58737.53,C185461868,58737.53,C91345740,0.0
380,CASH_IN,252308.09,C1193825614,1040636.58,C756062534,1906486.26
545,CASH_IN,103761.12,C237778446,1063.0,C1396552560,0.0
528,PAYMENT,2605.29,C1010904415,7729.0,M688592813,0.0
684,CASH_OUT,181188.14,C973008714,0.0,C652746589,409325.28
400,PAYMENT,13569.54,C322148964,0.0,M1816763933,0.0
540,CASH_IN,5905.09,C1580220834,215117.0,C1383624610,151023.06
378,CASH_IN,52792.22,C448176011,748860.45,C678987654,1149341.12
550,PAYMENT,2937.54,C1882970509,506.0,M1598944741,0.0
380,CASH_OUT,72025.67,C9190718,68742.0,C279505990,270621.43
688,CASH_IN,196889.08,C238849194,9712323.73,C598490165,434803.44
380,CASH_OUT,32245.24,C382644919,0.0,C1604980915,263056.73
378,TRANSFER,478744.69,C402557472,25708.0,C1614266080,0.0
661,CASH_OUT,316789.93,C1296967646,0.0,C1139908932,3654364.17
688,CASH_OUT,117524.43,C486494948,76465.0,C732644946,88421.05
375,PAYMENT,5109.27,C1528843314,49544.0,M2077185202,0.0
401,PAYMENT,19627.93,C1701369222,0.0,M2085599104,0.0
406,PAYMENT,1025.26,C1868826702,0.0,M1327969504,0.0
380,PAYMENT,1114.37,C981114921,0.0,M511741874,0.0
399,CASH_IN,478146.91,C2120898251,18708.0,C1726698604,34037.44
469,CASH_IN,17044.58,C522251253,9012923.67,C749877539,3590560.22
406,CASH_IN,19860.35,C988174648,20249.0,C173774013,0.0
401,CASH_IN,254144.41,C490190739,885870.43,C1195446072,1676744.45
687,PAYMENT,14508.84,C1313415088,0.0,M1894965107,0.0
397,CASH_OUT,355391.06,C29279209,6067.0,C1300269714,0.0
663,CASH_OUT,115782.68,C1315392572,115782.68,C149911894,45843.46
400,CASH_OUT,154780.76,C1705672739,0.0,C1312854020,156027.7
379,CASH_OUT,60679.88,C1098007373,40720.0,C1135283943,78360.52
585,TRANSFER,671595.75,C133886523,664531.0,C380142220,300476.43
396,PAYMENT,8100.01,C1967285281,0.0,M1012320231,0.0
396,PAYMENT,69010.98,C796858161,8221.0,M1941391190,0.0
373,CASH_OUT,129742.87,C311600421,0.0,C1130400074,758879.96
379,CASH_OUT,28562.07,C260716917,0.0,C1347240047,686617.38
545,PAYMENT,42019.95,C902261102,5033.0,M796477287,0.0
404,CASH_OUT,171452.75,C2119484829,49578.0,C433811240,0.0
405,CASH_IN,38506.26,C256863783,4013720.19,C1315557783,133506.79
371,CASH_OUT,230250.4,C819211015,22584.0,C107403077,59530.04
404,CASH_OUT,65816.17,C1427015689,0.0,C1758144561,3299858.33
359,PAYMENT,3054.09,C833542670,0.0,M187577575,0.0
709,TRANSFER,699851.42,C66862395,173.0,C1409552094,321582.64
378,CASH_OUT,22974.8,C797897443,6061.0,C1548172116,315122.98
371,CASH_OUT,18920.28,C1249763083,0.0,C1372341378,395386.44
399,CASH_IN,97505.62,C1838717819,20151.0,C586859032,0.0
573,PAYMENT,1895.09,C596417338,0.0,M385263438,0.0
399,PAYMENT,15044.13,C1311575009,10577.0,M1666756604,0.0
503,PAYMENT,9608.27,C879732838,0.0,M709467659,0.0
514,CASH_IN,259622.49,C1780610876,9686125.62,C1481851679,54042445.68
585,CASH_OUT,200811.5,C19580628,9097.0,C515429534,0.0
538,CASH_OUT,315944.67,C1779253004,6094.0,C1873521008,389962.82
571,CASH_OUT,78482.23,C2144863630,49873.0,C802761544,3947717.74
397,CASH_OUT,79277.89,C1963994102,73297.0,C1792399336,1383.99
372,CASH_OUT,182336.93,C411775642,125019.0,C1495991301,1149392.87
379,CASH_OUT,155448.03,C438913940,0.0,C897253810,288781.29
544,CASH_OUT,75838.74,C534295305,22098.0,C1330324865,0.0
549,CASH_IN,223659.33,C1609626070,5068.0,C1466839985,9928.62
373,PAYMENT,17380.37,C415373062,9991.0,M2146369209,0.0
399,PAYMENT,47371.8,C1978071199,122.0,M543563247,0.0
372,TRANSFER,211253.92,C1479543748,8578.0,C315744076,0.0
358,PAYMENT,23087.83,C1264011648,220241.71,M2145991226,0.0
380,CASH_IN,217376.85,C588339776,2892125.36,C600410876,1860291.48
370,PAYMENT,14967.24,C648273882,0.0,M308147058,0.0
371,CASH_OUT,261358.62,C1673856626,0.0,C322992076,273637.62
378,CASH_OUT,9701.53,C665048893,0.0,C1225972522,257012.35
373,CASH_IN,799.8,C651205067,1852394.86,C504814504,384151.71
524,PAYMENT,12438.49,C830089385,0.0,M343229527,0.0
384,PAYMENT,6834.27,C200294250,268.0,M624845226,0.0
402,CASH_OUT,118999.09,C261271997,424.0,C1820267860,0.0
356,CASH_OUT,238926.12,C364800471,0.0,C964855243,3151751.6
404,PAYMENT,7010.65,C525426906,42019.0,M329966685,0.0
375,CASH_OUT,263333.21,C1615417574,17814.0,C124824539,677580.39
395,CASH_OUT,135889.62,C359488022,9078.0,C961446982,2667683.7
371,CASH_OUT,15378.81,C420886682,254896.0,C921497475,632661.93
406,CASH_IN,214077.96,C1113910740,9071194.37,C1190204981,1255445.53
688,PAYMENT,7840.74,C959240280,106184.0,M1648736242,0.0
686,CASH_IN,235114.59,C681926924,13718.0,C1488985514,0.0
396,CASH_OUT,16496.31,C270452636,0.0,C809007991,1063362.22
406,PAYMENT,1677.47,C665279246,0.0,M270268180,0.0
400,PAYMENT,7581.48,C834203732,0.0,M1012537809,0.0
373,PAYMENT,578.64,C1681558537,101.0,M182549090,0.0
356,CASH_OUT,38443.17,C1358088824,5713.0,C1692436460,5380425.53
402,CASH_IN,279481.96,C583266780,3891796.5,C2019510689,2820405.07
370,PAYMENT,4223.65,C66463721,0.0,M1646794650,0.0
373,PAYMENT,1721.81,C262851348,0.0,M1413113885,0.0
378,PAYMENT,4186.41,C676163476,21022.0,M956389480,0.0
690,TRANSFER,773938.91,C780396294,0.0,C1033183673,1828077.16
544,PAYMENT,2824.55,C469161817,0.0,M1446260635,0.0
471,CASH_IN,366422.2,C1246039694,110377.0,C1674036243,321750.42
373,PAYMENT,26837.24,C1473299588,10526.0,M1525541127,0.0
374,PAYMENT,3471.98,C1631607222,2840.0,M1117870354,0.0
396,CASH_IN,337406.82,C344383580,40947.0,C1853251377,24176.85
398,CASH_IN,154005.34,C1123595705,20817.0,C1573033038,101735.77
401,PAYMENT,24999.61,C1158522208,0.0,M1400360433,0.0
402,CASH_IN,52927.75,C19885815,13219173.86,C995067504,96622.07
567,TRANSFER,494888.39,C393516497,0.0,C1831804772,5180453.63
371,CASH_IN,95962.61,C1861334984,110385.0,C532486734,0.0
373,PAYMENT,3224.64,C1270090160,0.0,M710191668,0.0
400,PAYMENT,8263.77,C409290983,0.0,M830092046,0.0
546,CASH_OUT,100456.69,C1301791317,0.0,C1394766114,742012.76
375,CASH_IN,286469.72,C249531810,28106913.15,C112052619,315799.82
400,PAYMENT,2650.26,C607787090,236004.06,M880796266,0.0
692,CASH_OUT,19784.53,C1532266557,16098.56,C1482558648,633330.12
406,CASH_OUT,11026.98,C492693443,0.0,C1327902864,1359125.46
402,CASH_OUT,83722.28,C130762122,79560.3,C1293136927,454097.68
492,CASH_OUT,59916.19,C255324054,7302.73,C2114455231,328939.94
544,PAYMENT,3209.89,C1836778086,0.0,M800981144,0.0
576,PAYMENT,7929.02,C1353372081,0.0,M1662152003,0.0
400,PAYMENT,66674.07,C35221771,182602.24,M797488360,0.0
404,PAYMENT,17490.96,C941663546,0.0,M47381734,0.0
398,CASH_OUT,278939.19,C1583543632,0.0,C23266710,3167561.35
397,CASH_IN,100349.99,C897786300,6599783.97,C1496948817,710090.46
369,CASH_OUT,375729.83,C1124928253,7451.0,C501623937,140154.58
601,TRANSFER,556795.28,C1627664957,0.0,C16250042,1012502.53
378,PAYMENT,2207.2,C2135874917,15937.0,M1899580322,0.0
705,CASH_IN,44152.76,C641968738,1943330.77,C1787265251,474399.53
378,PAYMENT,8593.61,C1737395230,0.0,M1904071168,0.0
595,PAYMENT,15834.74,C457645481,41573.0,M895396110,0.0
370,CASH_OUT,93542.47,C1787950908,294628.0,C1212344843,0.0
376,CASH_IN,37508.26,C1455043514,25567872.32,C848476955,79892.6
527,PAYMENT,2359.0,C847836445,37880.0,M1518753431,0.0
709,CASH_OUT,340493.51,C1317626088,412434.0,C1127438009,377215.24
565,PAYMENT,30500.19,C332587473,0.0,M1971909497,0.0
492,CASH_IN,302685.91,C845286087,9436978.54,C274824257,3431248.82
405,CASH_IN,307342.49,C913462041,5247036.29,C1555851228,450355.6
692,PAYMENT,5124.19,C1970830422,5300.0,M2125368877,0.0
378,CASH_IN,324508.7,C976750191,1053079.51,C308088927,3562252.9
565,PAYMENT,7634.22,C1680845849,0.0,M616885786,0.0
394,CASH_OUT,281914.58,C49399757,929.0,C1404738262,0.0
444,TRANSFER,440581.15,C1297114741,440581.15,C1962820602,0.0
397,CASH_OUT,128362.35,C1301264009,0.0,C210468418,1892366.25
396,CASH_IN,116106.29,C41758954,13177993.22,C1287873278,475408.65
381,PAYMENT,15887.07,C183454449,99920.54,M116464628,0.0
403,CASH_IN,129823.46,C1581156935,81.0,C879072296,111529.93
570,CASH_IN,283965.67,C584980032,1502169.34,C1951673257,1258580.42
376,CASH_OUT,309653.31,C457850634,31260.0,C969095101,614357.84
373,CASH_OUT,213009.01,C802067620,11630.0,C2110555364,340387.85
514,PAYMENT,45178.45,C290687362,50229.66,M1017566789,0.0
356,TRANSFER,151032.22,C705074865,25437.0,C1147349111,3866017.13
374,CASH_OUT,463323.55,C235779319,93.0,C1695448492,8941661.44
374,CASH_IN,132472.83,C1034304786,690946.14,C506900985,206264.31
571,PAYMENT,6769.84,C978956379,3757.9,M1904862826,0.0
398,CASH_OUT,251120.33,C179195486,21855.0,C493155804,0.0
377,CASH_OUT,224566.29,C1637745468,988.0,C1245858921,14712.97
426,CASH_OUT,155080.22,C3632342,5762.0,C1827896565,4630337.95
715,PAYMENT,7035.25,C863559000,20487.0,M1554242276,0.0
401,PAYMENT,2770.56,C1243046529,16278.43,M1121036857,0.0
400,CASH_OUT,49932.92,C1980162298,0.0,C1033760593,66849.37
590,PAYMENT,7836.53,C550288350,50697.0,M1920705731,0.0
398,CASH_IN,205544.55,C579106997,13396167.18,C461769737,3023146.78
398,CASH_IN,546113.78,C230192137,98085.07,C1188015391,1150962.06
426,CASH_OUT,143276.55,C2101377752,5189.0,C1857683291,281349.38
394,CASH_IN,122444.0,C1537900203,6867277.12,C613808485,1551446.22
681,PAYMENT,24360.82,C73489697,529.0,M1256936987,0.0
452,CASH_IN,83952.19,C1685936433,32366.0,C1781023056,0.0
476,TRANSFER,502403.6,C1599580325,0.0,C1151967637,10325669.79
522,PAYMENT,801.33,C1354915200,0.0,M882507839,0.0
372,CASH_OUT,310019.2,C1555056138,0.0,C1227206125,1831028.03
527,PAYMENT,30730.75,C1240306433,0.0,M231433952,0.0
429,CASH_OUT,14045.59,C948476445,0.0,C1611009324,209532.93
619,CASH_OUT,183038.42,C1291165836,31376.0,C1847455159,587027.41
550,CASH_OUT,238657.35,C1986775009,0.0,C405973423,462755.28
373,CASH_OUT,636950.59,C871952586,544.0,C1124659089,0.0
469,PAYMENT,40287.07,C515434450,30641.0,M1634207848,0.0
372,PAYMENT,20540.57,C1077222704,0.0,M194528271,0.0
401,TRANSFER,524470.91,C345746564,381.0,C1897134957,0.0
373,CASH_OUT,341107.14,C1991294643,41603.0,C1613822014,148605.94
596,CASH_IN,24599.67,C1945141626,5470.0,C1046693717,727993.4
396,CASH_OUT,152269.08,C277125543,21028.0,C990444924,2292589.18
402,CASH_IN,155478.28,C1915490053,1222292.51,C1404291959,464462.86
376,TRANSFER,248123.95,C551643409,248123.95,C634586560,0.0
380,CASH_IN,134672.95,C742956786,19617505.94,C2106950672,407757.53
397,PAYMENT,2517.11,C463389595,248387.36,M1121791911,0.0
594,PAYMENT,679.98,C732805092,210620.02,M1585999696,0.0
379,TRANSFER,318011.76,C1614072752,178.0,C94740826,166373.91
397,CASH_IN,247075.28,C2138399625,55312.0,C1578921443,3470971.09
376,CASH_OUT,345172.12,C143567517,7595.0,C1288288067,0.0
369,PAYMENT,5936.06,C655922033,0.0,M1326532152,0.0
405,PAYMENT,2158.67,C1006556015,114340.0,M307471746,0.0
394,PAYMENT,22424.34,C572121618,0.0,M271380486,0.0
514,TRANSFER,172161.64,C543556493,0.0,C1161691751,268843.67
637,PAYMENT,271.81,C800616668,0.0,M1962442718,0.0
393,CASH_OUT,31400.37,C1060422078,56761.81,C964372672,3395209.93
544,PAYMENT,11285.71,C1169884069,4504.0,M1518317276,0.0
742,CASH_OUT,4009058.39,C1970706589,4009058.39,C637394241,1229761.96
394,CASH_OUT,421701.32,C82451201,0.0,C751885313,438707.42
396,PAYMENT,4350.88,C2106632010,0.0,M173250618,0.0
610,PAYMENT,9849.09,C1879190581,23971.69,M1629533443,0.0
587,CASH_OUT,183889.09,C1299322845,126631.94,C281739151,684203.56
378,CASH_OUT,53240.43,C1687287352,785.0,C1049365123,2065756.06
370,PAYMENT,4499.05,C804417406,0.0,M175036890,0.0
395,PAYMENT,4658.79,C1229535306,0.0,M1139701433,0.0
402,CASH_IN,32124.01,C1568183315,8130196.93,C887235355,2078186.69
396,CASH_OUT,116914.04,C1969050463,0.0,C760332163,724263.07
399,CASH_OUT,67056.17,C635005348,0.0,C2105547711,948341.75
540,PAYMENT,96.64,C73784032,329.0,M1417266801,0.0
401,PAYMENT,5345.65,C1928035871,0.0,M1646772763,0.0
399,CASH_OUT,65403.7,C200121802,0.0,C80045123,354325.37
396,CASH_OUT,9009.93,C1153774025,0.0,C849992022,539266.75
588,PAYMENT,4543.23,C2001626357,0.0,M930779499,0.0
398,PAYMENT,24955.35,C362588214,73341.0,M663848500,0.0
546,CASH_OUT,99656.93,C387067753,99656.93,C258696334,0.0
704,TRANSFER,1820864.64,C2135939957,1820864.64,C2116903748,0.0
393,CASH_OUT,1554.62,C1967983057,21235.0,C1928903801,53038.63
615,CASH_OUT,75113.49,C209058213,75113.49,C1798476342,2401380.3
370,CASH_OUT,58538.14,C1023335770,31429.58,C1123194620,255649.81
522,CASH_OUT,186089.57,C1644201478,521412.0,C1554915847,542136.81
596,CASH_OUT,43507.89,C1332386191,19943.0,C1533371214,0.0
596,PAYMENT,3960.45,C494360476,15260.0,M1393565854,0.0
590,CASH_OUT,144969.77,C301061049,209219.32,C1396314101,189301.29
397,CASH_OUT,202843.07,C46044817,249251.0,C1285799947,966005.49
403,PAYMENT,34456.27,C781437670,231895.45,M1963590380,0.0
394,PAYMENT,18895.64,C2130119768,0.0,M1076688847,0.0
420,CASH_OUT,52579.21,C1907958880,4055.0,C436997555,948171.24
397,CASH_IN,189074.15,C2025262717,16831.0,C558017045,28842.23
428,PAYMENT,3130.15,C346274723,6396.0,M601534701,0.0
356,CASH_OUT,90231.22,C252348754,0.0,C653034924,2017663.23
380,CASH_OUT,195658.38,C143165539,99375.0,C451228233,21533.54
586,PAYMENT,11810.07,C2086842925,0.0,M1692126511,0.0
405,CASH_OUT,183462.59,C93029583,597.0,C553026269,0.0
571,CASH_IN,17236.11,C1046845069,0.0,C505178627,737160.66
376,TRANSFER,37020.06,C362213807,132683.11,C385563003,72437.54
371,CASH_OUT,120963.45,C422139686,38736.0,C1421483478,1091727.54
617,CASH_OUT,165004.21,C639067884,0.0,C444198899,779256.04
370,CASH_OUT,14786.61,C1336679468,194.0,C146305898,0.0
478,CASH_OUT,51183.25,C1702286599,51183.25,C2107067819,0.0
373,PAYMENT,476.15,C2004720742,146419.63,M1907964682,0.0
375,CASH_OUT,64194.56,C1280949290,41874.0,C132085145,692343.83
395,PAYMENT,33248.14,C1529205822,483907.6,M299230454,0.0
594,CASH_IN,71617.46,C506139732,2358677.74,C603402036,2609035.74
690,CASH_OUT,140140.9,C874776413,172.0,C856478205,0.0
402,CASH_IN,276381.81,C496590538,150.0,C1163194311,9460021.92
372,PAYMENT,4577.83,C843280321,267016.02,M393795942,0.0
406,CASH_IN,300757.74,C838762814,11757021.77,C2126539447,492341.15
403,PAYMENT,2950.66,C1243342364,0.0,M1648937714,0.0
400,CASH_OUT,198413.13,C1276167285,598080.0,C1321689142,95320.72
373,CASH_OUT,529787.61,C1380223071,12671.0,C1501764600,0.0
525,CASH_IN,29296.36,C2116343171,2511857.48,C550400328,96284.57
650,TRANSFER,18982.32,C536221830,18982.32,C659146767,0.0
567,TRANSFER,301692.55,C1379695788,0.0,C766718780,19500357.12
357,PAYMENT,12328.28,C1270106624,15768.0,M1882129422,0.0
404,CASH_IN,76137.56,C979216672,38761.0,C313327127,404356.73
356,CASH_IN,293789.66,C950321147,472.0,C1747919222,86360.92
429,PAYMENT,28163.38,C1549492099,0.0,M841507932,0.0
407,PAYMENT,7173.98,C418680984,165791.0,M708390635,0.0
380,CASH_OUT,83496.72,C29537497,0.0,C1017981616,4951840.12
402,TRANSFER,757401.93,C591314825,199897.18,C1985993272,1599664.2
617,PAYMENT,14124.63,C2046048236,0.0,M330715180,0.0
381,PAYMENT,14907.17,C1029013381,41119.0,M941164736,0.0
380,CASH_OUT,247418.79,C1027554296,50568.0,C1441498442,2022638.3
688,CASH_IN,107378.86,C1963084620,2325839.49,C269186135,176324.58
544,TRANSFER,61886.71,C1510694638,0.0,C1922973429,1003749.59
684,CASH_IN,375792.61,C2063535550,5139469.92,C156118704,1836322.41
469,TRANSFER,1604888.75,C1239216048,0.0,C1202769194,4214462.61
511,CASH_OUT,1367070.94,C1861046549,1367070.94,C1305620964,230814.67
551,PAYMENT,7644.23,C1890211648,124496.0,M1572776303,0.0
550,PAYMENT,7775.63,C1516240520,156.0,M1605682056,0.0
570,DEBIT,2423.37,C1205960598,5078.0,C1076791709,49435.93
401,PAYMENT,28534.58,C675136707,21759.0,M1156731253,0.0
381,TRANSFER,276615.01,C462275909,1284.0,C2128628733,0.0
642,CASH_IN,210371.37,C1047743459,341648.25,C1678696340,2644146.83
397,CASH_OUT,588919.74,C416530221,13663.0,C298243511,132105.72
357,PAYMENT,31043.35,C723356457,0.0,M80430683,0.0
402,CASH_OUT,437647.98,C582221446,397443.7,C2108293263,1216079.91
383,DEBIT,2162.26,C809416121,21222.0,C1069011283,68001.1
500,CASH_IN,75540.96,C1651069846,2901872.81,C897527892,209713.66
376,PAYMENT,45029.64,C1619023572,0.0,M2145856930,0.0
359,PAYMENT,7388.75,C573075572,0.0,M1221642617,0.0
380,PAYMENT,768.06,C1984708139,0.0,M1866350250,0.0
372,PAYMENT,4838.6,C1583205099,0.0,M653899039,0.0
574,PAYMENT,12019.85,C668216040,153243.0,M387061625,0.0
395,CASH_OUT,131110.15,C1717964127,6136.0,C1549337426,803260.7
546,PAYMENT,10046.08,C2055823755,30210.0,M68099171,0.0
605,TRANSFER,504532.72,C1419487252,504532.72,C1594325681,0.0
402,CASH_OUT,9892.88,C1333159874,231987.21,C250593727,57058.96
687,CASH_IN,134408.1,C1171838857,1099663.06,C1009654480,3193623.65
373,CASH_IN,179885.66,C455089993,5906137.99,C123848570,1222445.54
371,CASH_IN,90248.78,C1284291885,2887117.47,C1428926284,310785.19
687,CASH_OUT,138965.18,C158378092,0.0,C1564960860,158872.48
496,CASH_OUT,330986.33,C1834901118,243.0,C282636336,89298.34
369,PAYMENT,12270.4,C1136756049,146232.0,M1467404798,0.0
373,CASH_OUT,460378.9,C1606143733,0.0,C916777525,3196466.28
466,CASH_OUT,104171.37,C1321085787,104171.37,C203735779,64407.18
380,DEBIT,3254.89,C2147269201,493.0,C1266309477,1302776.75
610,TRANSFER,528149.74,C1626028230,528149.74,C581480789,0.0
540,PAYMENT,332.15,C413509780,5250.13,M1055257089,0.0
357,TRANSFER,178072.74,C56183883,0.0,C1196905443,3654625.43
594,CASH_OUT,171349.66,C623143167,33824.0,C1431325711,0.0
377,CASH_OUT,462826.16,C762140978,166.0,C928097902,1806968.6
371,PAYMENT,8847.36,C1257443719,0.0,M808906120,0.0
402,CASH_IN,204182.02,C754864258,0.0,C1925519817,12570106.1
371,CASH_OUT,156905.32,C1521354637,163239.69,C1599647645,2354665.0
371,CASH_OUT,441150.84,C904118383,403.0,C1275667705,203658.53
402,CASH_IN,62030.14,C145082837,3505953.63,C1000354892,1855623.37
669,CASH_OUT,184117.95,C593287775,205116.0,C1757924220,0.0
382,CASH_IN,281912.62,C2112445419,30849489.12,C1806783136,1107954.0
545,CASH_IN,175149.98,C197735894,897567.51,C500556085,1368715.2
542,CASH_IN,211296.75,C1365550890,4133134.57,C2002988031,590637.64
403,PAYMENT,8693.63,C848698993,0.0,M286960568,0.0
407,CASH_OUT,101727.18,C245364206,0.0,C1977277359,489401.15
378,CASH_IN,250556.76,C995131975,51662.0,C651798431,224333.77
400,CASH_IN,154813.59,C2106386307,731812.88,C1880417150,419165.56
667,CASH_OUT,55397.39,C1705589992,12523.0,C158214017,2060171.28
538,CASH_IN,211066.22,C925073885,21490.0,C199524804,1111907.15
692,CASH_OUT,231409.26,C925155000,19487.0,C948485964,0.0
476,CASH_OUT,53949.24,C1326859218,405374.0,C1002557925,0.0
378,CASH_OUT,151692.52,C664082728,223504.0,C1893338042,397289.4
369,CASH_OUT,100005.13,C124775803,0.0,C1206823386,3210762.93
683,TRANSFER,34502.7,C2045698445,34502.7,C117267228,0.0
595,CASH_IN,146202.06,C132132867,156579.0,C294768031,33428.66
373,PAYMENT,14075.66,C2125735324,0.0,M776705831,0.0
399,PAYMENT,32650.81,C783010858,509000.21,M800561862,0.0
370,PAYMENT,5469.38,C940230044,325436.67,M1465967815,0.0
492,PAYMENT,11962.81,C281334572,0.0,M1731928355,0.0
404,CASH_OUT,41444.74,C1629780232,147.0,C1986474021,0.0
358,CASH_OUT,194678.23,C1402558461,293481.0,C1974684992,687737.29
612,TRANSFER,167003.27,C1441749360,0.0,C1821369980,188514.57
691,PAYMENT,18938.98,C202701994,66156.0,M78392265,0.0
406,PAYMENT,2159.93,C2062320275,10785.0,M1090094148,0.0
661,TRANSFER,406345.12,C1884857458,294253.53,C822494531,13358701.15
474,CASH_OUT,78753.19,C1789552895,107599.0,C493106880,652444.05
370,CASH_OUT,183374.95,C116631275,59207.0,C314684085,0.0
374,CASH_OUT,55818.92,C329137201,0.0,C349103431,504111.71
550,PAYMENT,6160.31,C1762603041,0.0,M1367382981,0.0
381,PAYMENT,9620.06,C1953134693,0.0,M1897411544,0.0
376,CASH_OUT,73105.33,C2026786329,21825.0,C399589624,0.0
687,CASH_OUT,82108.33,C573167635,700.0,C471580165,0.0
399,PAYMENT,2629.46,C1085979612,15916.0,M457947137,0.0
371,PAYMENT,9668.92,C1354776161,0.0,M667872753,0.0
399,CASH_IN,328613.31,C693086567,7349.0,C216296,557869.99
567,PAYMENT,8296.38,C1863635726,86134.05,M668967197,0.0
404,CASH_IN,248253.18,C1367420613,7039613.37,C22221801,1834633.09
370,CASH_OUT,73402.57,C1674977698,0.0,C757001996,173135.04
573,CASH_IN,7813.91,C440065059,0.0,C1603007462,1905109.82
394,PAYMENT,19260.09,C1172780876,175786.58,M1833794389,0.0
396,CASH_OUT,179665.87,C702875482,182549.0,C1544571896,421354.08
356,CASH_OUT,97441.83,C306724741,30109.0,C1842137745,810997.81
375,CASH_IN,35361.77,C1144630798,1238267.86,C750007331,207482.66
709,CASH_OUT,187492.78,C303297661,21432.0,C1707453707,812753.22
401,CASH_OUT,183697.26,C1659223628,0.0,C441515177,965963.59
378,CASH_IN,46827.61,C1728054729,2559112.24,C195166853,1016676.5
370,TRANSFER,5744586.27,C1404314752,531521.0,C320677513,283434.52
398,CASH_OUT,278786.9,C667073568,301841.0,C1521247661,388552.51
375,CASH_OUT,123497.94,C946132476,0.0,C1053726450,1183321.01
525,PAYMENT,30032.52,C2135013049,64761.96,M1304972389,0.0
681,PAYMENT,3928.2,C1921947893,0.0,M668262300,0.0
394,CASH_OUT,370115.52,C1473083211,60747.0,C175597511,2532.94
378,CASH_OUT,269092.5,C21926067,42257.0,C1245956080,187015.85
469,PAYMENT,16367.93,C306954341,0.0,M1651770544,0.0
588,CASH_OUT,317671.29,C321360676,11638.0,C628818599,711228.66
375,PAYMENT,7209.97,C736070055,0.0,M1292050375,0.0
402,CASH_OUT,223000.9,C363683886,0.0,C2067051782,2219953.76
396,CASH_IN,277286.06,C1751265429,1917606.41,C1280057807,3833396.56
522,PAYMENT,23664.2,C1856882114,0.0,M1682878935,0.0
588,CASH_IN,247071.87,C778909185,641.0,C695406763,1098372.45
372,TRANSFER,327772.89,C293684170,58783.84,C141817004,2874131.89
596,CASH_OUT,235191.7,C1722809420,98564.0,C484662858,0.0
397,TRANSFER,13640.39,C1142134996,0.0,C844288849,64483.56
371,CASH_IN,16105.33,C1528019693,1522.0,C539203785,114315.74
380,CASH_OUT,56321.02,C1218922402,30636.0,C1717165561,126920.35
376,TRANSFER,42586.43,C487473631,0.0,C560066644,321727.23
546,CASH_OUT,105097.16,C1066191297,105097.16,C1432077169,1965333.76
373,CASH_OUT,427839.95,C1957297770,0.0,C953166736,962359.92
692,CASH_OUT,162286.49,C1713328923,4051.0,C1508976905,970174.01
587,PAYMENT,14328.96,C1768655102,0.0,M153690367,0.0
495,CASH_OUT,168146.8,C525200548,10609.0,C819177409,92593.58
374,PAYMENT,16540.61,C1208611908,0.0,M1230664532,0.0
378,PAYMENT,4067.23,C978660270,0.0,M1935884486,0.0
588,PAYMENT,8864.06,C1899533296,8687.34,M375325943,0.0
404,PAYMENT,12025.84,C722869283,0.0,M243683229,0.0
357,CASH_IN,108738.47,C741734677,131830.0,C155531665,0.0
565,PAYMENT,7062.78,C1968525616,0.0,M1472665270,0.0
524,CASH_IN,68213.23,C407929736,6449449.72,C899010862,1724493.35
371,CASH_OUT,143899.49,C743309025,357085.0,C1392635697,0.0
404,CASH_IN,138568.08,C652829780,6295817.97,C1146238216,1940741.19
398,CASH_OUT,41786.24,C1928355169,0.0,C445298400,186075.78
596,CASH_OUT,75828.42,C266855980,8821.81,C686820655,604961.36
375,CASH_OUT,125583.84,C714644548,664.0,C1142107540,3510231.34
374,CASH_OUT,76211.18,C2029091118,0.0,C747284034,1217714.44
474,PAYMENT,4132.64,C1890150867,166396.42,M937959736,0.0
664,PAYMENT,3583.16,C1035659576,413575.18,M1320531728,0.0
402,PAYMENT,2009.92,C844370503,0.0,M63710624,0.0
567,CASH_IN,352170.72,C14110900,781.0,C459184977,0.0
373,CASH_OUT,20796.77,C1433232554,0.0,C1368473006,8713003.35
403,PAYMENT,17420.96,C327876021,96797.68,M1699240722,0.0
451,PAYMENT,3809.71,C711520953,36720.0,M784825862,0.0
659,CASH_IN,329892.91,C414931107,55034.0,C1580726351,359112.67
375,CASH_IN,332781.73,C1743103445,8040603.17,C495822416,465054.95
379,CASH_OUT,5981.93,C2050396666,0.0,C713922317,251743.4
396,CASH_OUT,281422.13,C407865318,0.0,C1553760506,736762.65
356,CASH_OUT,13847.01,C1733382005,0.0,C675802390,5519572.82
400,PAYMENT,11744.5,C1638338147,0.0,M915492373,0.0
375,CASH_OUT,247725.45,C759308812,11292.0,C828483867,189409.89
520,CASH_OUT,242596.52,C1467022332,45310.0,C487018190,2513101.68
356,PAYMENT,32333.54,C2003564963,0.0,M679915765,0.0
514,CASH_IN,156559.87,C126842659,25857648.83,C1262813266,24017178.61
404,TRANSFER,324581.42,C1200116987,0.0,C502692732,2176751.08
594,CASH_IN,509179.18,C731897655,4112246.08,C1590431086,2790949.07
395,CASH_OUT,191553.92,C1997794192,28184.0,C1865574453,0.0
567,TRANSFER,278061.66,C553614985,95841.0,C534840717,1273412.84
380,TRANSFER,342673.18,C2036891155,22746.0,C2078986888,162294.37
400,PAYMENT,36806.54,C1968020150,71774.0,M998720785,0.0
358,PAYMENT,14779.93,C1375835011,21667.0,M1176301902,0.0
373,CASH_OUT,85351.96,C456438449,293.0,C2016796072,0.0
380,CASH_OUT,265898.95,C250378797,0.0,C1536695251,2458010.3
373,CASH_OUT,264719.31,C949342763,0.0,C1202412824,2038315.99
378,CASH_OUT,184081.37,C573844938,0.0,C1875401768,548184.36
542,CASH_IN,26033.27,C1925212819,9518734.99,C1748559125,50354.84
405,CASH_OUT,150299.85,C541170006,0.0,C884605935,4102969.46
371,CASH_IN,109943.31,C472273083,7139342.64,C242828577,5486728.03
485,TRANSFER,3351304.78,C1844195426,3351304.78,C832338176,0.0
403,CASH_IN,120653.2,C2003859214,9912.0,C1056727924,0.0
661,PAYMENT,18456.98,C2078416518,0.0,M500519270,0.0
402,PAYMENT,1670.86,C1508528819,0.0,M917364761,0.0
377,PAYMENT,10900.74,C758558310,54985.0,M329331016,0.0
377,CASH_OUT,186200.19,C1652187004,0.0,C1536901047,36830520.0
379,CASH_OUT,313073.93,C382358223,0.0,C1485713515,3877072.98
546,PAYMENT,25896.32,C259075124,733871.75,M1887495614,0.0
396,CASH_IN,91221.62,C1372276067,6786.0,C1491061669,0.0
595,TRANSFER,238900.8,C920964973,0.0,C1885787564,11891644.37
372,CASH_OUT,216694.96,C627894055,595.0,C794693767,4290688.6
379,CASH_OUT,327410.06,C735063560,0.0,C1677375515,10565384.16
404,CASH_IN,36200.46,C1055603878,21744.0,C213851528,498172.41
540,CASH_OUT,135471.13,C1530037265,59883.0,C1260179736,2447890.23
356,CASH_IN,200310.46,C1741652824,1914190.74,C445413763,3555524.46
373,CASH_IN,138812.38,C481692743,1651459.1,C1030726092,167284.51
379,PAYMENT,9588.19,C2045965241,77383.19,M1690920942,0.0
372,CASH_OUT,101276.14,C802473572,10379.0,C98637623,496438.82
402,CASH_IN,157783.86,C695202161,205416.0,C715493174,15760.0
400,CASH_OUT,164971.55,C1961262387,10695.0,C709134259,0.0
402,CASH_IN,189862.98,C1838456344,3206735.82,C1161984391,238225.81
371,TRANSFER,326683.11,C1445325194,0.0,C289142972,504359.03
546,CASH_IN,18077.24,C1454568565,9424732.94,C1944874026,305742.08
403,PAYMENT,2618.37,C1386536769,641390.78,M1365906666,0.0
378,CASH_OUT,22367.83,C23657989,0.0,C600463495,2042206.23
377,CASH_OUT,280250.34,C2074693129,0.0,C2077276803,359508.28
375,PAYMENT,2868.48,C1080271158,40548.0,M1679993852,0.0
431,CASH_OUT,105789.08,C908386891,0.0,C99858602,10841260.5
695,PAYMENT,2329.24,C2034313020,70975.46,M862842180,0.0
702,CASH_OUT,0.0,C1461113533,0.0,C1382150537,107777.02
399,CASH_IN,172119.23,C2147422442,234.0,C1542862336,0.0
384,PAYMENT,32440.4,C406776975,0.0,M329969927,0.0
588,CASH_IN,76487.67,C1959849043,10320051.25,C500919082,320855.5
369,CASH_OUT,191875.1,C518734648,0.0,C2125763325,692084.97
371,CASH_IN,48427.59,C1569666893,295.0,C1532811995,1412011.2
573,TRANSFER,80026.96,C803654821,60592.0,C1230612875,4188.57
356,CASH_OUT,113669.44,C596161107,169441.0,C802951372,414811.58
420,PAYMENT,4050.18,C226864610,28858.81,M651765396,0.0
542,PAYMENT,18068.94,C1548365504,0.0,M475589632,0.0
420,PAYMENT,35770.69,C552386469,20798.51,M237763845,0.0
372,CASH_OUT,71359.26,C1859054619,0.0,C62843343,502259.7
371,PAYMENT,22070.63,C315659084,0.0,M585556953,0.0
359,PAYMENT,7339.39,C1281701904,21859.0,M1070700278,0.0
540,PAYMENT,10163.66,C993599951,12356.0,M627609292,0.0
397,PAYMENT,11531.98,C1908181980,19209.0,M1449401598,0.0
399,CASH_OUT,316347.75,C1226353936,60962.0,C1140431538,1768508.26
402,PAYMENT,4377.04,C2037998289,0.0,M1677764754,0.0
469,PAYMENT,9397.64,C151804398,20398.82,M1306533142,0.0
379,PAYMENT,89.25,C1709212881,11020.0,M1777177900,0.0
378,CASH_OUT,28802.67,C674287782,0.0,C2081301380,132982.8
378,CASH_IN,157243.89,C1857887815,14990871.39,C1233092227,9043410.2
372,PAYMENT,37053.15,C340736297,233101.57,M1177958235,0.0
400,PAYMENT,4708.34,C835377218,216935.0,M968754005,0.0
397,PAYMENT,896.19,C2098392428,20749.4,M602365156,0.0
595,CASH_OUT,125720.45,C1997334470,723.0,C708653587,0.0
378,CASH_OUT,238929.35,C280613374,0.0,C1988501217,634583.84
595,TRANSFER,816452.19,C1676610572,816452.19,C1173805843,0.0
394,CASH_OUT,250204.28,C1087437414,0.0,C1737614027,320994.07
358,CASH_OUT,472127.34,C933363331,0.0,C1133280883,5248778.34
594,CASH_OUT,241201.38,C1179911228,41307.0,C2005471981,0.0
406,CASH_IN,133756.3,C552479283,3228700.42,C1745423065,1903677.69
356,PAYMENT,8762.28,C411479043,0.0,M1311907809,0.0
396,CASH_OUT,356098.13,C184556653,1935.0,C1582871948,0.0
356,PAYMENT,16266.96,C1225666894,40723.75,M21766376,0.0
395,TRANSFER,579868.99,C1869617767,26222.0,C17792858,302774.58
356,CASH_IN,170679.18,C921201849,30872.0,C696167091,24108.13
383,PAYMENT,4401.84,C1366761448,186409.0,M79964058,0.0
657,TRANSFER,41428.9,C1550289532,41428.9,C1640654311,0.0
356,PAYMENT,272.11,C2069229362,5410.0,M262316064,0.0
372,CASH_OUT,206490.58,C1701140426,20581.0,C1340188902,1644625.67
399,CASH_IN,117843.61,C1706667061,12565.0,C1921887912,23119.02
393,PAYMENT,4389.15,C1669047596,0.0,M2027317114,0.0
370,CASH_IN,51839.06,C486124985,10933.0,C1915817790,35196360.04
381,PAYMENT,8987.7,C1992459368,152.0,M1503037863,0.0
448,TRANSFER,745346.47,C1777453273,0.0,C45041735,2692600.64
380,PAYMENT,12595.73,C145573831,68248.72,M381307315,0.0
692,PAYMENT,43871.32,C1386872793,0.0,M1166886068,0.0
405,CASH_OUT,194404.18,C1798627884,331.0,C1540143337,672729.11
379,PAYMENT,1470.03,C1070771285,13430.0,M579005213,0.0
369,CASH_IN,42278.48,C701901138,11461353.86,C1560647873,867465.98
370,PAYMENT,8361.08,C1489593986,0.0,M581234166,0.0
381,PAYMENT,1500.2,C272285843,0.0,M975067384,0.0
404,CASH_OUT,25685.78,C233067062,795.0,C792231684,129092.05
393,CASH_OUT,261569.68,C2096211187,0.0,C1814146028,337092.12
522,PAYMENT,9657.96,C1582067242,0.0,M994148215,0.0
403,TRANSFER,221408.27,C126100160,0.0,C692033551,974321.3
371,PAYMENT,21254.7,C985320117,0.0,M659061327,0.0
398,PAYMENT,19984.09,C332671852,7003.0,M93822316,0.0
403,CASH_IN,161950.63,C524701806,60641.0,C452743321,0.0
592,CASH_IN,240753.43,C291588117,217618.0,C1003067005,259110.82
406,TRANSFER,184588.59,C1216438383,184588.59,C2073991799,0.0
684,CASH_OUT,200807.62,C251340866,0.0,C1433711717,637193.43
373,TRANSFER,163196.64,C1354244501,100128.0,C186406241,95854.44
395,CASH_IN,212561.52,C414467094,764.0,C2021066118,25000.88
379,CASH_IN,39974.61,C1570843882,18920965.06,C793190583,2803474.53
396,CASH_IN,244481.31,C125669504,11089.0,C18057505,1820.09
403,CASH_IN,44630.61,C1017185000,10072.0,C1933808054,95783.1
406,CASH_OUT,180424.53,C1144650487,55027.0,C1284688253,85292.8
374,CASH_IN,439633.47,C1179820387,52360.0,C357560493,788288.69
379,TRANSFER,185784.88,C1070441145,233710.0,C916829105,2008230.96
398,TRANSFER,432119.8,C1400985972,0.0,C880791498,800957.67
589,CASH_OUT,309167.73,C200067090,52064.0,C668127669,106090.36
540,CASH_OUT,180568.49,C501959843,11157.0,C621826587,0.0
374,CASH_IN,217988.85,C607684917,64237.0,C425528957,0.0
378,CASH_OUT,15337.62,C1040738932,0.0,C863899734,62547.14
659,PAYMENT,17844.34,C1022258556,0.0,M663799094,0.0
394,PAYMENT,59231.95,C304781517,156973.0,M1829161350,0.0
546,PAYMENT,9224.66,C2003051729,53151.0,M1793662027,0.0
587,PAYMENT,10461.02,C1597545296,0.0,M454576412,0.0
576,PAYMENT,10410.21,C2116325226,133075.0,M482374668,0.0
404,CASH_IN,329340.17,C1055366870,3313179.18,C1906406654,365370.62
500,CASH_OUT,67704.77,C1476424719,0.0,C1937800585,285920.35
442,CASH_OUT,196661.24,C440056722,0.0,C775573753,480022.06
399,CASH_OUT,170460.9,C1665979735,0.0,C1574599369,286580.5
382,CASH_IN,410680.9,C527678083,866554.29,C504049557,1133589.14
378,CASH_IN,135330.47,C627786628,170473.0,C1693364473,220802.96
378,CASH_IN,69636.52,C817721835,4732849.0,C1781544379,3742967.98
601,CASH_OUT,166920.13,C1549340974,1662.29,C1182027411,387425.3
396,CASH_OUT,20435.75,C1496976614,0.0,C1139937216,333853.22
379,CASH_IN,37202.24,C567333675,9519779.49,C2126730672,1780745.49
617,TRANSFER,406754.75,C317724620,0.0,C226494584,503289.06
371,PAYMENT,9699.4,C1580251472,41946.0,M915701017,0.0
372,PAYMENT,23353.41,C377714838,152578.0,M719131222,0.0
398,CASH_IN,37304.3,C1149237494,16595672.56,C2103192622,256173.87
370,CASH_IN,24121.39,C329482589,822.0,C1185117572,363545.11
514,TRANSFER,784169.21,C809811887,333696.0,C653813634,900647.19
398,CASH_OUT,356613.35,C190395560,0.0,C1577844036,602263.82
399,CASH_IN,31015.42,C1460239553,28021127.5,C1168856269,10042219.94
405,TRANSFER,166015.69,C1772711281,0.0,C733303560,487399.72
524,CASH_IN,135013.3,C151763688,499507.97,C314245776,368025.46
601,PAYMENT,2940.0,C1961017545,119890.0,M421836074,0.0
589,CASH_OUT,222861.92,C1176372959,158563.0,C745136781,196662.63
400,CASH_IN,410318.28,C615016315,133815.91,C511836012,557866.94
493,CASH_OUT,129110.52,C1979771221,0.0,C1758390391,902116.77
564,CASH_OUT,44021.08,C1357699245,0.0,C648947397,936128.34
373,CASH_IN,157801.94,C1013628857,10289468.54,C1935975242,314885.76
401,CASH_OUT,209683.84,C305468975,245690.0,C504256859,69413.44
401,PAYMENT,17996.05,C1378941905,30129.0,M119282609,0.0
394,CASH_OUT,293390.19,C710057412,0.0,C1576404176,5446406.21
404,CASH_OUT,137843.04,C1529150925,0.0,C518716164,155190.76
396,CASH_OUT,259052.34,C1418864357,0.0,C535501705,658419.97
433,CASH_OUT,5270.57,C1431630057,5270.57,C1051716016,305288.23
382,PAYMENT,34040.15,C119988834,0.0,M1498392893,0.0
396,CASH_OUT,55978.35,C303462366,2167.0,C1670838251,0.0
394,PAYMENT,29117.93,C925473162,0.0,M181281729,0.0
374,CASH_OUT,112218.34,C1308988706,0.0,C1923829187,1999471.87
695,PAYMENT,6358.81,C516424274,387.0,M655975784,0.0
394,PAYMENT,14850.13,C659495277,34834.14,M644148046,0.0
379,CASH_IN,338643.42,C966879629,2620105.75,C427511481,7630141.94
397,CASH_IN,136017.3,C85807605,8020.0,C1162648157,0.0
369,PAYMENT,8775.69,C1326298426,5572.0,M370541028,0.0
394,CASH_OUT,287212.53,C1877079229,27019.0,C1074324495,306343.72
397,PAYMENT,2494.94,C828454355,1031.0,M1199707594,0.0
565,PAYMENT,22335.33,C1318345707,11028.0,M1829563136,0.0
591,CASH_OUT,1777758.65,C2084263514,1777758.65,C1480456939,0.0
382,CASH_IN,97443.82,C1150751821,2371707.56,C1627012253,134578.33
369,CASH_IN,323794.39,C2021865862,1795643.23,C1697251473,1557269.41
378,CASH_IN,231174.8,C930303794,302200.0,C1779232246,594945.54
493,CASH_OUT,258218.63,C319500671,79726.0,C1561650243,438132.74
401,PAYMENT,15854.2,C370343964,0.0,M322645241,0.0
398,TRANSFER,385028.46,C2056556834,0.0,C1656122393,1816935.95
590,CASH_OUT,21747.77,C240730590,0.0,C1076443144,148527.37
403,PAYMENT,8714.84,C2058116135,4256.62,M807716899,0.0
692,CASH_IN,150139.81,C1140048194,4133.0,C1998047541,0.0
356,PAYMENT,5797.29,C1669997379,0.0,M99957215,0.0
403,PAYMENT,10299.28,C300830682,10781.0,M780697206,0.0
659,TRANSFER,210901.84,C1628863480,0.0,C123469618,232207.17
379,CASH_OUT,199197.11,C479164633,7188.0,C658148223,311045.42
394,CASH_OUT,78974.18,C1124053684,0.0,C1604381538,1348102.57
395,CASH_OUT,190324.54,C136718322,20931.0,C717824201,178044.59
394,CASH_OUT,322065.4,C1281840106,0.0,C1508493375,1782223.55
397,CASH_IN,108339.73,C2042637298,23700856.59,C1208499355,981401.1
399,PAYMENT,3728.0,C971985168,0.0,M259068480,0.0
595,PAYMENT,8597.21,C2032293618,19274.0,M1082822678,0.0
378,PAYMENT,8441.01,C1992081602,6072.0,M96498371,0.0
399,TRANSFER,1756470.92,C426450081,0.0,C906215581,2092110.72
370,TRANSFER,4147307.95,C1954228260,160985.0,C1353790920,24987.69
399,CASH_OUT,131621.22,C2005254666,0.0,C1232860771,1426916.68
478,CASH_OUT,829286.58,C63485295,829286.58,C801090621,178393.69
417,TRANSFER,237776.02,C1229699193,237776.02,C198915551,0.0
371,CASH_OUT,304491.18,C290481221,0.0,C1135013043,4238767.6
379,CASH_OUT,133255.33,C35058404,30413.0,C363614461,57641.82
379,PAYMENT,1024.56,C286023106,213.0,M337257582,0.0
520,CASH_OUT,5469910.99,C1741031215,5469910.99,C1048619563,115992.44
530,CASH_IN,230635.84,C17893200,1975740.05,C91009286,687310.13
402,CASH_OUT,215790.04,C1826035701,13284.0,C138258868,556028.09
369,PAYMENT,25584.17,C748862753,1507.0,M1623144731,0.0
374,PAYMENT,14746.16,C90120091,52458.0,M698153312,0.0
373,CASH_IN,42106.13,C1000733983,929104.7,C1222502668,197198.2
404,CASH_IN,184323.07,C1421419054,6505901.6,C1596003284,7572192.62
476,TRANSFER,402326.69,C744487030,133180.0,C1042218288,149360.08
544,PAYMENT,1009.4,C914750643,0.0,M1313797546,0.0
378,PAYMENT,1113.31,C2056510465,50558.0,M298260815,0.0
544,CASH_IN,93239.67,C948155629,7512019.83,C1872308674,2966955.0
569,CASH_OUT,2561698.04,C694643897,2561698.04,C210678404,93471.68
487,PAYMENT,1398.86,C1540815596,12134.0,M1280771547,0.0
588,CASH_IN,124765.44,C740610739,21108.0,C1456173987,839396.26
393,CASH_OUT,127516.88,C682107637,0.0,C1208791740,155979.72
371,CASH_OUT,101799.59,C685447423,0.0,C1797011565,2651240.21
419,CASH_IN,175265.01,C1050027299,10297236.07,C545232361,3734070.49
404,PAYMENT,702.22,C1577488867,0.0,M308941437,0.0
370,PAYMENT,10986.76,C1267424578,355786.83,M116497394,0.0
407,PAYMENT,7712.74,C403582851,0.0,M1027965431,0.0
733,TRANSFER,438859.1,C482285608,438859.1,C1495765075,0.0
381,PAYMENT,6220.49,C1359067624,0.0,M1043932786,0.0
383,PAYMENT,12328.19,C750569376,0.0,M1557448113,0.0
379,PAYMENT,13016.08,C439624566,88008.74,M1600425183,0.0
375,PAYMENT,15172.07,C636927538,0.0,M1573569186,0.0
356,PAYMENT,7218.22,C1627449019,149.0,M1174164464,0.0
370,TRANSFER,2712269.66,C1614513596,0.0,C80603069,4650100.34
377,PAYMENT,2202.63,C2043293375,107516.0,M1154466568,0.0
386,PAYMENT,8010.32,C1841715332,59837.0,M436284051,0.0
396,CASH_OUT,455696.89,C728889216,23839.0,C263239560,355152.09
558,TRANSFER,244519.75,C189647886,244519.75,C532681837,0.0
592,CASH_OUT,60506.15,C1918203059,20178.0,C519262518,2127454.29
404,CASH_OUT,502.9,C2112913290,23184.0,C1488319546,6926742.03
370,CASH_IN,50767.27,C297796418,16513099.94,C611045095,754736.63
524,TRANSFER,232315.43,C263849171,232315.43,C1903470107,0.0
522,CASH_OUT,9750.26,C957864852,0.0,C1000545031,280179.85
594,CASH_OUT,65257.11,C1171380033,0.0,C22874635,2066676.75
448,PAYMENT,5123.44,C1359307228,0.0,M1973554259,0.0
404,CASH_OUT,77550.94,C60559312,61386.0,C1484296304,159768.48
378,TRANSFER,43982.49,C703205981,101620.0,C913468592,1862167.09
487,TRANSFER,367980.99,C1573491047,367980.99,C1416004532,0.0
509,CASH_OUT,236153.93,C1445437580,0.0,C1415699564,705584.51
376,TRANSFER,791807.67,C1105722528,0.0,C86582558,9433953.11
397,CASH_OUT,245356.37,C1289478237,20162.0,C2086663478,191951.38
374,PAYMENT,5283.46,C708040341,132802.88,M974382063,0.0
371,CASH_OUT,220685.36,C284708770,60246.0,C901367796,197787.89
730,CASH_OUT,10000000.0,C1868631555,10000000.0,C1100933050,0.0
378,PAYMENT,10418.96,C2072026173,134238.0,M1538401916,0.0
404,CASH_OUT,18394.91,C1899475203,145598.0,C573022965,525572.49
557,CASH_OUT,74709.4,C467552015,74709.4,C2104621109,233625.43
373,CASH_IN,128525.82,C1739633741,8381783.66,C319735511,230139.13
496,TRANSFER,533045.6,C1871874439,28459.0,C1603006877,22682.69
403,CASH_OUT,83449.22,C646979061,89129.13,C1876732649,221195.82
409,PAYMENT,16524.54,C1729806693,0.0,M652996210,0.0
381,PAYMENT,18437.97,C1790962901,0.0,M106326086,0.0
357,PAYMENT,16303.81,C1190923038,110902.0,M592704738,0.0
404,PAYMENT,4653.55,C840292443,76587.33,M1611159279,0.0
469,PAYMENT,7423.68,C1430184744,14144.0,M597966214,0.0
728,CASH_OUT,6322399.97,C1305559146,6322399.97,C2086292862,0.0
396,PAYMENT,71763.75,C1112584257,0.0,M1654377963,0.0
397,CASH_OUT,237896.26,C1534341173,0.0,C637867281,503145.19
397,CASH_OUT,10346.5,C1394344757,0.0,C1024117065,23872.82
370,TRANSFER,229846.83,C656163134,27985.0,C2116339325,66166.94
595,TRANSFER,236914.77,C568168780,236914.77,C745946273,0.0
373,PAYMENT,5510.73,C611155897,8077.0,M1741539545,0.0
404,CASH_IN,107148.05,C1744271246,309980.8,C1060347687,526200.18
372,CASH_OUT,318178.45,C130132824,0.0,C937956448,1177270.42
406,PAYMENT,20109.65,C1252492731,133385.75,M1614357186,0.0
372,TRANSFER,54863.16,C242154843,30173.0,C1571936656,0.0
407,TRANSFER,655149.07,C55077581,15124.84,C900389461,1018444.93
399,CASH_OUT,115048.21,C1782787960,0.0,C24114342,1764152.96
649,CASH_OUT,733119.42,C1931992336,733119.42,C2013008658,2751163.93
373,CASH_IN,187016.97,C355030713,13157702.35,C4959461,1130495.24
500,CASH_IN,22959.39,C290491907,1184032.26,C55030286,59095.24
402,CASH_OUT,147348.58,C1947841351,74832.0,C1164606542,0.0
688,CASH_IN,102233.28,C943426098,85063.0,C420598838,0.0
378,CASH_IN,170503.54,C1092122044,78728.0,C1179709347,3690739.94
379,PAYMENT,13175.87,C1678058156,34529.95,M771841729,0.0
399,PAYMENT,51068.12,C1077886216,33606.2,M257120653,0.0
394,PAYMENT,6741.86,C1771548480,0.0,M1170310084,0.0
400,CASH_IN,124059.64,C2050827127,12315.0,C108128046,0.0
400,PAYMENT,32121.61,C229863334,112923.0,M920737907,0.0
637,CASH_OUT,235937.2,C787393636,8134.0,C1867588450,25048.72
362,CASH_IN,307729.22,C1058968085,8492710.26,C1797759225,1218091.61
681,CASH_OUT,583765.48,C1698991541,20621.0,C377159468,12321911.09
478,CASH_IN,96128.62,C1706008290,2196971.99,C1307674498,18986934.57
514,PAYMENT,15587.0,C1245726590,66261.0,M1935174507,0.0
395,CASH_IN,32109.38,C1266862943,2869770.47,C1524651707,741773.54
356,PAYMENT,5661.91,C520336180,188949.47,M478584288,0.0
373,CASH_IN,208236.96,C1592714006,2004077.0,C901195827,246281.82
661,TRANSFER,105694.13,C1437006145,33909.0,C794442424,29204.52
373,CASH_OUT,193917.8,C1559768631,0.0,C1159811651,473025.0
398,TRANSFER,203682.69,C212048233,6286.0,C1010390080,1191372.22
566,TRANSFER,1828.6,C1025024603,1828.6,C127507579,0.0
447,CASH_OUT,155121.58,C1937221024,155121.58,C176494011,439557.76
401,CASH_OUT,69488.5,C1253594735,21449.0,C1216005484,84024.77
612,CASH_OUT,80694.65,C287498293,34650.0,C2063725299,938985.55
402,PAYMENT,2873.67,C244816156,58111.0,M1088406264,0.0
379,PAYMENT,5512.42,C1072132166,0.0,M536552112,0.0
380,PAYMENT,15816.67,C68251496,41009.93,M1187012927,0.0
374,CASH_OUT,248397.96,C1539604721,19224.0,C1628869068,1127004.16
595,PAYMENT,2694.61,C799378709,0.0,M1790986178,0.0
356,CASH_IN,209748.09,C1031326839,29972.0,C1822573188,0.0
522,CASH_OUT,127284.2,C391119747,147443.0,C613938969,1942469.66
383,PAYMENT,8534.87,C1656853623,15040.0,M319733624,0.0
544,CASH_IN,71434.28,C1960073098,2757365.36,C1810246392,856222.86
357,CASH_IN,306084.5,C1716578973,527689.15,C145853323,3186592.93
597,TRANSFER,61945.7,C1096993153,42656.0,C752951005,0.0
403,CASH_OUT,158305.93,C1390902804,0.0,C1636974613,386826.27
542,CASH_OUT,24569.21,C1265046181,0.0,C1929156200,206382.09
399,PAYMENT,9154.1,C352295311,0.0,M525921513,0.0
382,PAYMENT,7873.78,C577100898,481069.0,M1565749205,0.0
397,CASH_OUT,106821.7,C2089778843,204423.0,C1317071352,0.0
378,CASH_OUT,146712.72,C2004933190,0.0,C1557123418,200107.89
684,PAYMENT,20713.28,C1906296378,32703.0,M60187067,0.0
380,CASH_OUT,89850.61,C1336612045,25747.0,C1870991536,3344095.15
382,PAYMENT,16355.08,C1052567631,1392.0,M2129041096,0.0
400,CASH_OUT,82037.94,C1126977591,75300.0,C709112876,92969.25
399,CASH_IN,174763.92,C2052447571,15252196.17,C602338816,1728118.12
401,PAYMENT,18453.87,C1804682308,51168.0,M1243763381,0.0
374,PAYMENT,25441.9,C1360487786,541567.85,M903292059,0.0
595,PAYMENT,4732.43,C893805748,0.0,M775242533,0.0
402,PAYMENT,9634.56,C499287522,0.0,M1408312765,0.0
374,CASH_IN,186433.5,C956806392,5992756.17,C1577717176,1137371.58
381,CASH_IN,26763.17,C1334580871,16291.0,C1374949725,790926.89
394,TRANSFER,2552801.57,C205725333,302552.0,C1345693458,36033.85
379,PAYMENT,8895.98,C1661937986,92166.78,M1442838207,0.0
371,CASH_OUT,427153.82,C362567814,0.0,C1588109018,506589.77
522,TRANSFER,2540347.08,C1550113252,85702.0,C103729509,62901.82
570,PAYMENT,5084.42,C444622217,10377.0,M871460886,0.0
500,PAYMENT,12535.78,C509419906,0.0,M864930718,0.0
358,CASH_IN,253413.27,C770286216,1267372.8,C1954661751,3510945.14
399,TRANSFER,1448372.53,C1834291254,0.0,C997420142,1581080.0
718,DEBIT,595.1,C558632475,1926.0,C1406027329,299799.34
395,TRANSFER,134133.98,C1678262486,0.0,C326523653,193328.09
359,CASH_OUT,58042.09,C1957855900,0.0,C62883099,2196884.16
375,PAYMENT,6845.56,C772448660,86379.0,M1627526628,0.0
379,TRANSFER,353226.51,C2045828591,0.0,C563919860,618845.24
370,CASH_OUT,191818.92,C1254110463,0.0,C1526000797,7402848.97
380,CASH_OUT,9054.65,C452617557,10538.0,C1325599897,0.0
399,CASH_OUT,317379.13,C258087971,189626.0,C1675332853,106435.12
600,CASH_OUT,7363709.23,C1402128249,7363709.23,C734547406,0.0
370,PAYMENT,5959.61,C2068604172,0.0,M932270976,0.0
397,PAYMENT,25251.58,C223972507,238785.75,M1396689403,0.0
400,PAYMENT,428.23,C1471383369,454647.12,M517446847,0.0
393,CASH_IN,12523.08,C9800536,6744679.14,C168101895,165956.2
378,CASH_OUT,25419.59,C268806456,0.0,C45151897,928349.46
373,CASH_IN,88147.95,C588103391,18855.0,C814436801,129570.85
356,CASH_OUT,54708.04,C821003195,0.0,C281469201,612643.17
380,CASH_IN,80689.15,C944536078,8760459.81,C558336129,349681.93
493,PAYMENT,13631.0,C355757233,162353.87,M1993602936,0.0
372,CASH_IN,149231.32,C564354897,2928141.57,C2138170774,637246.24
463,CASH_OUT,219300.76,C1410654808,219300.76,C1763889280,19058370.95
692,TRANSFER,186174.05,C988590378,0.0,C1257244610,3167354.74
688,CASH_OUT,148651.75,C563181995,0.0,C747850337,567741.15
544,PAYMENT,4717.86,C1879137685,55489.0,M221691046,0.0
380,PAYMENT,3318.33,C2058437949,0.0,M124466535,0.0
379,CASH_OUT,209061.56,C277156786,0.0,C1181185876,3513779.44
404,PAYMENT,129.23,C686916365,4688.0,M1525213088,0.0
405,CASH_IN,256340.08,C1298228165,9047294.78,C2138298606,592846.78
686,PAYMENT,4407.31,C1441615724,0.0,M680940104,0.0
370,CASH_OUT,18729.0,C167962781,0.0,C125861006,148303.2
522,CASH_OUT,314028.73,C514827411,0.0,C1489090282,343622.79
402,CASH_OUT,95108.93,C1937832321,0.0,C1949267212,888027.85
684,PAYMENT,14875.58,C373803359,0.0,M380387382,0.0
471,PAYMENT,882.4,C207463451,126327.61,M1790277987,0.0
398,PAYMENT,3956.04,C1257634086,139.0,M1388979143,0.0
401,CASH_OUT,191177.23,C934258956,37114.0,C173408232,1433571.9
681,PAYMENT,6988.15,C559684988,35093.59,M148894129,0.0
359,PAYMENT,4460.35,C674719592,46157.0,M2009147449,0.0
612,CASH_IN,117603.96,C1648305481,20627.0,C330659277,11448.15
359,TRANSFER,18124.18,C1248078350,70203.0,C69432380,4131.92
380,TRANSFER,341372.59,C1935868970,3446.0,C600440772,10026831.53
374,CASH_OUT,112690.69,C1399223554,0.0,C1783661208,9605821.96
642,CASH_IN,465267.94,C32469851,2966609.49,C97979275,2284891.21
407,CASH_OUT,43593.45,C1307845503,0.0,C47846378,2683935.88
379,TRANSFER,521529.87,C1967959813,0.0,C1753655031,2591818.53
356,TRANSFER,194977.5,C949072463,0.0,C1777995577,7153924.72
404,CASH_IN,69291.94,C479808824,103172.0,C1588494716,0.0
396,TRANSFER,7597.76,C1439366867,0.0,C1854523598,856428.27
686,CASH_OUT,41547.93,C664637586,0.0,C460086051,4196137.56
401,CASH_IN,386762.4,C1115853305,86638.0,C1824032063,165039.27
378,PAYMENT,12908.82,C700539594,103356.0,M1257803839,0.0
376,PAYMENT,5973.24,C1544162472,74362.71,M797104377,0.0
406,CASH_IN,56432.57,C1912506797,6695832.32,C1018336712,2391003.46
380,CASH_OUT,38999.68,C2009280563,0.0,C299929215,155764.13
395,CASH_OUT,440225.83,C1616990832,21141.0,C2134698889,220531.28
400,CASH_OUT,27015.96,C1522102663,0.0,C311147552,6447625.29
382,CASH_IN,12327.48,C249749323,7350316.26,C1800886677,266585.05
380,PAYMENT,5121.7,C777698728,104743.0,M1771555111,0.0
381,CASH_OUT,703882.14,C536229178,703882.14,C1631425585,100650.86
688,PAYMENT,529.64,C1572901658,0.0,M748142113,0.0
397,TRANSFER,461782.33,C1654968029,0.0,C1019074290,737144.88
596,CASH_OUT,62208.88,C1464517272,0.0,C1285446636,3960783.74
399,CASH_OUT,200215.18,C19242018,0.0,C359985760,730152.43
525,PAYMENT,10760.16,C929251136,107955.0,M536920428,0.0
403,PAYMENT,12779.49,C1070380256,0.0,M1794209975,0.0
380,PAYMENT,11431.79,C2135945154,34366.0,M1418430270,0.0
570,TRANSFER,9274.56,C125027888,9274.56,C200984272,0.0
588,PAYMENT,4342.23,C355210651,285.0,M1613652101,0.0
380,TRANSFER,1680987.34,C594359201,0.0,C637560074,1864275.43
469,CASH_IN,251975.29,C1511110077,465327.14,C433700608,362402.03
379,CASH_IN,194697.42,C1185220770,10694.0,C767922842,703205.16
371,PAYMENT,17911.0,C395296965,0.0,M1167781033,0.0
397,CASH_OUT,207022.95,C1161100349,11244.0,C536844022,3149537.29
402,CASH_OUT,9500.8,C678622698,17968.25,C1644501283,5887933.53
399,CASH_OUT,114946.8,C736171186,629.0,C1931352142,0.0
394,CASH_OUT,103579.82,C2030067282,0.0,C1924595636,428763.95
565,CASH_OUT,107658.29,C606035489,31841.0,C763606508,18788.09
404,CASH_IN,70778.36,C106186557,144733.56,C153237216,109189.13
394,PAYMENT,26422.0,C2024341305,14239.0,M1454160103,0.0
400,PAYMENT,7343.84,C1023929049,60171.0,M1065668672,0.0
400,CASH_OUT,316864.31,C1545515659,913.0,C1909908201,9491.4
406,PAYMENT,2102.16,C382809045,122538.0,M378256362,0.0
403,CASH_OUT,135473.32,C266303201,32262.0,C231674127,0.0
406,PAYMENT,24206.24,C2104644436,0.0,M1009139332,0.0
358,PAYMENT,6233.32,C1249257461,982.0,M1187433051,0.0
617,CASH_OUT,59565.63,C921176841,0.0,C1848569018,680424.37
397,PAYMENT,13081.02,C1718603972,0.0,M756722596,0.0
372,TRANSFER,951147.77,C831092719,200209.0,C667076483,148668.11
378,PAYMENT,7188.47,C1685529267,0.0,M202135918,0.0
396,CASH_OUT,267528.72,C253322604,0.0,C662258214,3126240.32
542,PAYMENT,20937.16,C797354074,0.0,M386722280,0.0
378,PAYMENT,18185.48,C1829908308,15130.68,M1085774694,0.0
398,TRANSFER,1085593.57,C949993435,12573.0,C147908576,1048740.49
374,CASH_OUT,390389.61,C1880119601,335545.72,C1626374608,453197.14
525,CASH_OUT,129658.58,C1824047260,0.0,C170757990,2450308.82
525,CASH_OUT,108470.9,C2034806764,80240.0,C1660034551,970167.85
375,TRANSFER,1015.73,C1662672774,49814.0,C1727461137,0.0
546,PAYMENT,5680.79,C1982139426,0.0,M567023507,0.0
401,PAYMENT,4620.8,C258925253,14720.65,M837530272,0.0
356,PAYMENT,14000.36,C1311871118,0.0,M737448849,0.0
381,TRANSFER,168544.12,C1429740704,5525.0,C966459319,0.0
374,CASH_OUT,276639.99,C1436052945,0.0,C1174978141,2974960.96
378,CASH_IN,187231.21,C1817643948,6346995.42,C2095936503,241939.37
522,PAYMENT,13791.08,C1882246050,51854.0,M1648634341,0.0
372,CASH_IN,188444.23,C953321123,3946412.89,C1090290044,3467271.26
467,CASH_OUT,636942.02,C1873382948,636942.02,C916193312,46336.09
680,TRANSFER,442460.31,C1158825212,442460.31,C643125420,0.0
382,CASH_IN,53878.23,C635473858,2723195.85,C1029310528,308882.98
707,CASH_IN,214565.33,C1238715369,4246424.54,C1932072559,381231.19
474,CASH_IN,50944.15,C1325439718,21254.0,C156117377,161098.1
402,CASH_OUT,56077.66,C1458006481,15386.0,C779946097,0.0
395,CASH_OUT,12010.59,C1109441086,105799.0,C400390508,0.0
404,CASH_IN,80791.26,C377649496,7263760.97,C248211497,2275815.07
690,PAYMENT,25033.57,C871631720,340238.0,M1371346531,0.0
547,CASH_IN,168812.14,C2058634303,44951.0,C641344816,0.0
370,CASH_OUT,183022.97,C1896788239,24224.58,C1980809957,2754785.67
399,CASH_OUT,242245.18,C1002369563,0.0,C1433665167,991157.93
374,PAYMENT,11021.51,C134868170,5098.0,M2106074685,0.0
594,CASH_OUT,4264.18,C728373566,102948.0,C196859793,0.0
403,CASH_IN,240559.63,C351572581,3082441.66,C1667505575,734237.3
374,CASH_IN,190313.26,C380297484,11065.0,C1209810980,36502.42
374,CASH_OUT,668.1,C2040671885,0.0,C139472698,281173.11
403,TRANSFER,377696.43,C1292386638,16078.0,C679184660,147103.99
396,PAYMENT,10841.13,C490447901,33133.0,M476269273,0.0
590,CASH_OUT,96358.04,C2068731384,176524.0,C1664862669,0.0
403,CASH_IN,59725.57,C276994707,124021.38,C553899085,446552.38
673,CASH_OUT,888905.27,C1419832653,888905.27,C471935282,220392.44
714,PAYMENT,1535.97,C408843266,40414.0,M799936555,0.0
621,PAYMENT,1648.53,C813882300,0.0,M1261664753,0.0
372,CASH_OUT,99712.14,C1322079606,0.0,C356940880,7475041.69
463,TRANSFER,4152435.91,C1158527799,4152435.91,C1983304819,0.0
380,CASH_IN,136125.32,C2058185743,3842350.51,C2101655657,783803.07
395,CASH_OUT,174836.8,C1772331724,8326.37,C1560648238,352651.63
399,CASH_IN,56988.82,C23189773,18236.0,C605517530,0.0
490,CASH_OUT,135082.75,C1146119337,0.0,C2060563027,1515118.12
379,PAYMENT,7145.87,C886282881,0.0,M201448254,0.0
394,CASH_IN,357628.99,C380207047,109446.0,C1318653565,0.0
428,CASH_IN,214895.74,C1677062711,8186366.55,C368297472,3439728.01
376,TRANSFER,1551076.07,C1216350884,0.0,C366927459,1742783.62
377,PAYMENT,3845.78,C1690040461,0.0,M1690862289,0.0
520,PAYMENT,15432.24,C1734949902,189180.22,M1302257997,0.0
590,DEBIT,2305.89,C128299299,5035.0,C1248168293,273409.51
394,PAYMENT,12379.68,C575104937,0.0,M418313541,0.0
572,TRANSFER,82504.16,C149758209,82504.16,C519616178,0.0
597,CASH_IN,202494.98,C9825132,2800935.65,C1899705455,3313030.76
403,CASH_OUT,28124.35,C1204979411,389.0,C1920647610,37632.03
512,CASH_OUT,430207.22,C1698844307,430207.22,C1470257177,148478.49
552,DEBIT,1120.93,C1687161553,50535.0,C359872232,4078802.84
700,CASH_OUT,113447.92,C311401803,113447.92,C1675116144,4125541.75
395,PAYMENT,33109.92,C214697002,0.0,M109572847,0.0
681,TRANSFER,137475.15,C128732112,0.0,C791876445,628306.61
373,PAYMENT,9473.26,C1369502719,0.0,M861435033,0.0
393,PAYMENT,32921.9,C846928031,642599.0,M1224216449,0.0
400,PAYMENT,23619.05,C905124987,11071.0,M548513690,0.0
358,CASH_IN,249223.07,C628970811,6587956.59,C1359875498,1911916.75
599,CASH_IN,1091.34,C1452524962,193052.91,C576617128,58764.09
518,PAYMENT,818.65,C977617431,0.0,M1222327699,0.0
374,CASH_IN,182883.19,C1739135947,3212186.64,C541320642,218383.46
357,PAYMENT,11838.84,C271413931,102538.0,M1885953951,0.0
372,CASH_OUT,244034.35,C792337674,0.0,C363378516,1914350.0
590,CASH_OUT,75856.55,C1769335281,11405.0,C349179591,0.0
407,PAYMENT,5874.86,C2012585885,259620.0,M1056375506,0.0
395,TRANSFER,664395.78,C1539649706,0.0,C719922987,679396.72
408,PAYMENT,4241.39,C388339123,0.0,M1660048671,0.0
381,TRANSFER,842067.05,C1175731134,0.0,C878725258,10426334.61
404,CASH_OUT,97902.49,C551623039,63299.0,C1527743002,0.0
644,CASH_OUT,167016.79,C312463248,615.0,C1631967485,0.0
382,CASH_IN,154759.48,C1469141122,4910247.55,C1356133857,3878564.04
483,DEBIT,963.29,C1237045559,1008.0,C540576331,171726.89
474,PAYMENT,8448.59,C290727308,31443.0,M1726254874,0.0
379,PAYMENT,46570.95,C1791986907,0.0,M2101955155,0.0
399,PAYMENT,54891.57,C463123100,0.0,M393892818,0.0
670,DEBIT,1480.97,C751709456,20164.0,C2085938589,125965.21
372,CASH_OUT,67335.06,C520368241,0.0,C483222835,4850456.3
373,CASH_IN,335822.03,C1058094676,14411.0,C33746859,0.0
399,PAYMENT,56060.08,C1713564256,0.0,M1224064538,0.0
402,PAYMENT,1308.56,C1200982471,0.0,M1699065896,0.0
403,TRANSFER,4950.5,C1748900169,0.0,C1555652112,1472556.28
376,CASH_OUT,178979.02,C1605805071,0.0,C65860650,3364062.23
563,PAYMENT,4143.13,C804072353,533786.47,M198951259,0.0
373,PAYMENT,2753.09,C353448681,51487.0,M2090350201,0.0
379,TRANSFER,660264.27,C723427226,218668.27,C1251896615,1380292.84
394,CASH_OUT,66507.51,C819495750,0.0,C587735955,1621296.3
361,CASH_OUT,197620.34,C1606370538,0.0,C1023391444,467026.29
402,CASH_OUT,280739.13,C286955379,0.0,C2144832331,11381045.92
597,PAYMENT,6978.81,C1475089997,28950.0,M93398059,0.0
401,CASH_OUT,360935.91,C122573796,15701.0,C363372136,1156591.08
490,CASH_OUT,154173.66,C945414435,5529.0,C570711338,0.0
399,CASH_OUT,252328.0,C1291034976,21012.0,C2144046789,0.0
404,CASH_OUT,75614.23,C16278703,10620.0,C1375306240,0.0
400,CASH_IN,201014.56,C889948317,72345.0,C1924782565,4786913.75
599,CASH_IN,242237.54,C852939685,21078.0,C875854365,104465.68
371,CASH_IN,200765.42,C1686813980,20703.0,C214688081,89823.58
373,PAYMENT,24415.87,C1586279671,579.0,M516432609,0.0
418,TRANSFER,452261.67,C1463709824,452261.67,C1030417644,0.0
474,CASH_IN,153921.66,C1876882583,2660803.96,C608982372,368941.89
394,TRANSFER,685981.07,C1361894330,0.0,C794273208,5984879.95
375,CASH_OUT,43116.51,C616644133,0.0,C1883562277,409639.62
550,PAYMENT,20756.53,C1251545022,14976.0,M1651301989,0.0
406,CASH_OUT,669627.43,C390395645,669627.43,C725115961,0.0
358,PAYMENT,4040.67,C1255533630,2755.0,M1158101640,0.0
371,CASH_IN,154675.24,C268899202,3306103.17,C1782544394,1239855.96
398,CASH_OUT,173286.21,C573999682,210375.0,C1204346516,11929287.56
373,PAYMENT,34335.56,C100883870,0.0,M1928734773,0.0
404,CASH_OUT,186405.42,C283610717,0.0,C274252075,604121.08
374,CASH_OUT,55021.34,C1480744004,0.0,C169966916,74994.41
396,TRANSFER,1550570.2,C994567393,9013.0,C1030340873,0.0
709,CASH_OUT,254999.36,C1549787318,50162.0,C1149258753,52541.63
377,CASH_IN,45904.17,C1444299981,102479.0,C488744941,5261746.14
403,PAYMENT,27986.01,C874181225,0.0,M489328616,0.0
395,CASH_OUT,15603.39,C537682763,0.0,C2015515902,155713.01
396,TRANSFER,1488.7,C1826351176,21030.0,C597674529,283295.63
380,CASH_OUT,229725.52,C2077375421,0.0,C678635750,483769.89
369,PAYMENT,25814.95,C462296357,19436.0,M773327301,0.0
398,CASH_OUT,116551.88,C1858485796,49538.0,C2060746304,394049.11
397,CASH_OUT,352852.34,C1132867810,22492.83,C1543740231,1191829.36
598,PAYMENT,9204.55,C1189373169,5815.18,M1701098515,0.0
709,CASH_OUT,7128.87,C272928354,38396.93,C188105310,81641.97
462,TRANSFER,151994.59,C1101966116,151994.59,C1518422608,0.0
544,CASH_OUT,20094.39,C1955052380,12202.0,C1805683953,4477712.79
688,PAYMENT,7866.89,C1438273158,246700.29,M580822923,0.0
394,CASH_IN,23877.7,C1424247704,23709594.37,C1075693588,27020303.77
382,TRANSFER,624905.25,C809847921,0.0,C1360274601,4697476.93
405,PAYMENT,19574.54,C358953338,40621.0,M307998608,0.0
369,CASH_IN,250321.56,C1875926575,6864748.12,C1618006915,2422267.58
522,CASH_IN,334839.56,C1149705011,5054771.37,C1718029258,976774.41
522,CASH_OUT,197190.14,C1853259227,0.0,C694268169,255745.29
356,CASH_IN,860.0,C2000725918,81079.18,C275537998,298266.22
594,CASH_OUT,63059.19,C1285283553,0.0,C1479504201,6934383.15
520,CASH_IN,181096.0,C1579517417,5172960.32,C1132774798,1160388.91
426,TRANSFER,211769.99,C935804182,0.0,C913962659,797756.68
522,CASH_OUT,378808.23,C220564203,0.0,C1881539794,636877.87
377,CASH_IN,14752.56,C499481399,5677051.42,C1589918488,2554568.53
370,PAYMENT,21578.87,C1952355850,57647.0,M1898294961,0.0
500,CASH_OUT,196834.55,C1594258248,151616.0,C439470888,0.0
398,CASH_OUT,480608.99,C483516089,0.0,C1775338026,6787291.83
518,PAYMENT,5919.54,C894327936,13053.0,M715556530,0.0
404,PAYMENT,21820.46,C442232752,0.0,M1741224242,0.0
514,PAYMENT,2053.58,C852909709,339602.0,M1415147631,0.0
374,PAYMENT,7194.38,C2121171538,0.0,M947763650,0.0
369,CASH_OUT,211414.21,C494294904,0.0,C1384044173,2948919.73
398,CASH_OUT,486996.87,C699808652,0.0,C581110256,1815282.22
396,CASH_OUT,96154.18,C687660735,15820.0,C58134339,0.0
714,CASH_OUT,50981.41,C441193392,82140.0,C634392046,586828.41
379,PAYMENT,3710.05,C1691633084,2269.8,M1570820549,0.0
380,PAYMENT,16165.31,C2050154108,31058.0,M2022206645,0.0
522,PAYMENT,12168.24,C2135180005,0.0,M1246931494,0.0
396,TRANSFER,419257.28,C24593130,65660.0,C1077358534,0.0
402,TRANSFER,638178.61,C1380382530,4662.0,C1522206251,167116.57
372,CASH_OUT,169241.85,C571445653,10399.0,C1271057169,10852041.16
546,CASH_OUT,248204.56,C1130522923,217560.0,C241427748,11902537.95
548,CASH_IN,70265.82,C1368412148,49987.0,C429500743,2189892.52
356,PAYMENT,8279.83,C1992230352,60537.0,M1130507496,0.0
377,CASH_OUT,216502.43,C307951197,0.0,C1260715441,921584.66
382,PAYMENT,4454.3,C184373908,325169.17,M1174111614,0.0
510,CASH_OUT,844348.52,C1071582702,844348.52,C2098599173,37158.79
394,PAYMENT,19826.78,C648342069,217855.38,M352575057,0.0
615,CASH_OUT,56510.5,C177838089,56510.5,C2141549007,4455203.05
371,PAYMENT,3365.93,C1872729400,464058.0,M14412169,0.0
380,PAYMENT,8355.3,C1663297921,0.0,M1360637328,0.0
393,CASH_OUT,41183.01,C345822752,0.0,C1756210925,241677.7
378,PAYMENT,9005.23,C1671780635,5001.0,M727719917,0.0
378,CASH_OUT,198068.21,C1914964276,81069.4,C1648873412,907049.74
406,CASH_OUT,106596.14,C1914252459,106596.14,C107263754,0.0
547,TRANSFER,94579.09,C1617518587,0.0,C1608940194,159281.47
399,TRANSFER,288432.09,C229906411,0.0,C2005640581,18873875.97
522,CASH_IN,320800.34,C1479981320,20845.0,C1460160043,259668.03
376,CASH_OUT,199852.34,C1995978282,0.0,C1054644341,702009.71
376,PAYMENT,18165.62,C2000531710,0.0,M1513586215,0.0
398,CASH_OUT,427745.88,C1414561176,0.0,C117803289,3779946.74
397,CASH_OUT,421997.07,C2146836200,433133.0,C2028937340,496685.78
395,PAYMENT,30337.13,C1394711871,97483.0,M759745607,0.0
409,PAYMENT,2483.1,C28043543,132025.21,M308882918,0.0
375,CASH_OUT,213795.03,C485673890,30999.0,C428472954,0.0
379,CASH_OUT,229494.76,C1039867338,0.0,C407325956,31912329.0
397,TRANSFER,568495.36,C1485643706,21886.0,C1698281580,105510.66
370,CASH_IN,413357.49,C993098158,3710250.96,C1877887076,1209621.76
402,PAYMENT,8053.58,C135546084,0.0,M1333687876,0.0
403,CASH_IN,86378.97,C1960174084,573.0,C780718924,118204.27
376,CASH_OUT,407838.99,C600173845,36577.0,C161803715,0.0
378,PAYMENT,12911.76,C538389938,81546.9,M2049037100,0.0
680,CASH_OUT,28399.72,C1669123566,28399.72,C1364689982,128264.68
374,TRANSFER,7466.12,C186075022,7466.12,C1001664465,0.0
379,CASH_OUT,204149.04,C894067889,627.0,C396111272,0.0
378,PAYMENT,4053.83,C1675351393,92266.66,M1994066569,0.0
684,PAYMENT,6220.93,C219133586,0.0,M1448111053,0.0
550,TRANSFER,342309.91,C662184778,342309.91,C1740503020,0.0
489,TRANSFER,4241.44,C1002895272,4241.44,C2080434931,0.0
405,PAYMENT,751.69,C378198481,0.0,M1959291763,0.0
688,TRANSFER,393014.6,C394241919,0.0,C2125441615,520920.32
479,PAYMENT,2162.28,C122142426,0.0,M377809357,0.0
395,CASH_OUT,464910.48,C1870181283,0.0,C483742569,1478711.0
357,PAYMENT,3456.32,C1902199840,27011.0,M438421054,0.0
375,CASH_IN,136663.33,C812049071,15461.0,C1879424357,91267.89
398,PAYMENT,473.84,C597732065,31795.0,M580468118,0.0
402,PAYMENT,16914.86,C1848296445,0.0,M986843897,0.0
396,CASH_OUT,194150.55,C664529950,55949.0,C1878299013,620520.88
379,CASH_OUT,77909.46,C71707566,0.0,C450293175,3594830.99
379,PAYMENT,13288.02,C9560667,138964.96,M1260215199,0.0
380,PAYMENT,3492.59,C1512885256,0.0,M1032924658,0.0
399,PAYMENT,31482.88,C592721011,0.0,M1403584998,0.0
377,CASH_IN,379279.33,C165278572,1973892.71,C2124827675,1574086.23
402,CASH_OUT,61585.69,C2020857514,0.0,C1277420958,762541.38
375,PAYMENT,18571.06,C1767267812,19929.0,M747736398,0.0
378,TRANSFER,414174.54,C256879201,0.0,C1390840008,1504854.19
371,PAYMENT,34440.49,C225769769,0.0,M908677594,0.0
399,PAYMENT,15684.41,C549079074,0.0,M1146534330,0.0
538,CASH_OUT,392889.47,C110283695,145.0,C248026461,713419.09
694,TRANSFER,5175876.53,C599212256,5175876.53,C480756474,0.0
379,CASH_OUT,331538.69,C619412210,10060.0,C1533402179,0.0
374,DEBIT,525.37,C1727448826,42266.0,C355309104,163978.6
522,CASH_IN,412387.17,C689540763,13054.26,C1863395832,2935566.64
404,CASH_IN,291862.89,C1538211331,3954514.92,C1268790290,325835.04
458,TRANSFER,256556.98,C2126395117,256556.98,C999470580,0.0
705,TRANSFER,561364.5,C1719737389,2629.0,C1945215003,175060.17
619,CASH_OUT,115343.09,C124284615,21719.0,C1373387738,0.0
379,PAYMENT,12290.77,C1307862612,213478.47,M219134280,0.0
448,CASH_IN,109599.54,C1556275913,182739.07,C1152303062,393962.92
538,CASH_IN,411345.18,C1472936458,2864707.57,C1757956078,4086123.18
402,PAYMENT,8859.35,C1936816140,137236.31,M894815446,0.0
594,CASH_OUT,98715.75,C1325211703,0.0,C1617092149,259684.01
403,CASH_OUT,117120.62,C1261356190,0.0,C264450405,6318674.64
403,CASH_IN,53439.47,C1129424373,8949027.74,C934151214,587652.4
380,PAYMENT,18600.48,C1956180887,23847.0,M1950472087,0.0
378,PAYMENT,6267.67,C1693264685,32054.0,M735248658,0.0
398,CASH_OUT,422513.59,C766564967,30769.0,C1701939671,454878.1
483,CASH_OUT,3488355.65,C1658688393,3488355.65,C2021292359,177670.78
397,CASH_IN,1497912.42,C1095502692,22654896.13,C388404910,4534757.71
399,PAYMENT,17244.05,C29360422,5069.0,M263248087,0.0
552,PAYMENT,37999.16,C101552969,235864.64,M100103240,0.0
395,CASH_IN,271871.34,C1161459668,11297.0,C1509373832,0.0
402,CASH_OUT,167998.62,C47808646,0.0,C1819245431,319996.12
426,PAYMENT,5527.33,C132611339,21229.0,M293023383,0.0
522,CASH_OUT,493.43,C60461398,0.0,C379308520,1850005.53
400,CASH_OUT,319296.67,C573118746,105428.0,C507793875,0.0
398,PAYMENT,6695.95,C505766549,12153.0,M968656607,0.0
359,TRANSFER,150632.37,C1854441404,20219.0,C78599033,89433.88
376,CASH_OUT,126372.93,C429749756,45217.0,C146405733,32072.26
465,CASH_OUT,1760061.57,C1907027988,1760061.57,C1368065448,142305.44
395,TRANSFER,678297.55,C1093798524,0.0,C163541031,722218.59
619,PAYMENT,3044.68,C1416455112,53129.0,M1010396031,0.0
397,CASH_OUT,161251.24,C1831599431,5666.0,C655930661,243979.72
357,PAYMENT,6422.6,C7326398,86051.0,M1694485274,0.0
571,PAYMENT,15972.05,C820969286,0.0,M2108613473,0.0
357,PAYMENT,10716.49,C193950939,295286.0,M777498539,0.0
378,PAYMENT,6111.48,C525589131,15552.0,M958864292,0.0
356,CASH_OUT,38250.57,C1175008810,40071.12,C1605805110,254034.76
379,CASH_OUT,78375.34,C819905729,199121.0,C1784149601,347251.77
568,CASH_OUT,2895954.99,C287337523,2895954.99,C857187005,442643.89
402,CASH_OUT,190078.77,C369613422,16377.0,C192996620,0.0
370,PAYMENT,14743.02,C2003687654,34868.0,M2016517296,0.0
545,CASH_OUT,75432.85,C80808410,0.0,C1146131594,918549.68
379,CASH_OUT,217360.21,C578344175,22143.0,C206157790,1494324.08
381,CASH_OUT,100349.21,C230230835,122612.53,C1997715399,1622886.82
657,CASH_OUT,24853.41,C1783297640,24853.41,C619574054,11435.22
397,CASH_OUT,93505.17,C183617710,0.0,C499920726,4842397.68
376,PAYMENT,17649.86,C1980656314,10159.01,M1998289237,0.0
492,PAYMENT,9385.2,C2018680623,185608.72,M1757803655,0.0
571,CASH_IN,45548.24,C369410952,302467.55,C1851858802,3037965.57
404,CASH_OUT,217564.1,C606316558,52146.0,C92816476,86382.28
405,PAYMENT,8653.64,C894877544,0.0,M159040339,0.0
448,PAYMENT,7166.74,C1325778477,51388.0,M1839336740,0.0
360,PAYMENT,809.82,C1339006997,191736.0,M315709689,0.0
374,PAYMENT,10265.31,C1941496102,42180.0,M926120045,0.0
407,PAYMENT,17195.71,C1066194985,0.0,M1739144130,0.0
373,CASH_IN,287413.79,C319900030,7435735.57,C1149171251,826737.45
608,CASH_OUT,285242.88,C120686089,126921.0,C308340830,235793.91
370,CASH_IN,121008.41,C916319423,97106.0,C1581756351,0.0
596,PAYMENT,543.14,C1208166603,0.0,M1365699140,0.0
396,CASH_OUT,287711.45,C48246331,0.0,C1148390150,518395.74
356,PAYMENT,10538.73,C185134145,0.0,M634734221,0.0
402,TRANSFER,143867.49,C1351557167,51658.0,C173812391,0.0
358,PAYMENT,34903.98,C561353508,59484.0,M1405203865,0.0
594,CASH_IN,320626.17,C629778676,2326635.47,C283901208,331848.74
661,CASH_OUT,103532.77,C1644885094,0.0,C1055716222,1858878.17
375,PAYMENT,12525.83,C35807367,0.0,M302102898,0.0
469,CASH_OUT,271153.43,C2087130336,12311.0,C575360465,0.0
476,CASH_OUT,279370.2,C468453649,0.0,C1084520428,303954.92
395,CASH_OUT,137589.32,C1904669860,0.0,C1725702543,4063763.54
403,CASH_OUT,104972.13,C1653423569,0.0,C303882960,6830931.77
400,PAYMENT,34495.13,C1014136198,40649.0,M806549732,0.0
377,PAYMENT,15182.95,C1671856682,0.0,M1586505840,0.0
544,TRANSFER,764.87,C1508209258,6557.0,C1150161821,302971.3
382,PAYMENT,5630.8,C414926358,3437.0,M1134821091,0.0
690,CASH_OUT,63335.96,C351791555,14428.0,C426561057,0.0
402,PAYMENT,7093.55,C857512693,626778.69,M1831904833,0.0
394,PAYMENT,29934.08,C787849649,0.0,M1876420847,0.0
404,CASH_OUT,94145.85,C239061031,106.0,C302964509,303491.61
402,CASH_IN,3674.7,C640733488,7662203.16,C1732161742,74867.36
474,PAYMENT,7628.38,C1885715747,273218.33,M2114983111,0.0
402,CASH_OUT,273206.25,C11329263,10067.0,C111287985,878058.78
399,PAYMENT,23951.6,C1880852419,80067.0,M1470620987,0.0
379,TRANSFER,491047.1,C214320894,0.0,C1048041343,940097.35
404,CASH_IN,268252.87,C1084916960,4536245.87,C1208702024,10105879.41
357,PAYMENT,3565.14,C2081266018,10876.0,M1010514943,0.0
378,CASH_OUT,360797.28,C1592044342,12386.0,C1499548162,47094.19
400,CASH_OUT,98361.85,C1632411586,205267.0,C358329406,0.0
449,PAYMENT,5632.57,C1017426038,102898.0,M1674741889,0.0
377,PAYMENT,12868.76,C39424656,10934.0,M1639698778,0.0
376,CASH_IN,7858.23,C475369272,19802.0,C1063589538,180725.04
373,CASH_IN,298963.6,C815452086,277637.0,C747585184,768814.81
405,CASH_OUT,181329.76,C1818116264,48150.0,C1315220628,0.0
469,CASH_IN,110635.53,C218945310,911308.57,C1689184041,7003538.01
402,PAYMENT,15755.63,C417842080,28849.26,M61430328,0.0
373,CASH_OUT,423656.25,C65259992,60496.0,C1868109813,0.0
400,CASH_OUT,5696.15,C908310452,624.0,C596758642,486415.57
492,TRANSFER,542922.14,C53346238,0.0,C509076034,4428377.72
545,PAYMENT,41867.42,C1557565467,9954.0,M1273620914,0.0
400,CASH_OUT,15472.65,C279967454,0.0,C836261499,61376.26
357,TRANSFER,2449108.26,C484370614,0.0,C2131016107,7221393.15
379,CASH_IN,421519.87,C811569156,415388.69,C2025583595,1518668.06
370,CASH_IN,220956.15,C1928594025,2619528.41,C72348796,13975800.89
399,PAYMENT,9702.7,C1596453327,0.0,M968975864,0.0
688,PAYMENT,25732.63,C2144114406,11059.0,M2121342687,0.0
659,CASH_OUT,410086.67,C1719904280,0.0,C29244959,7321976.49
373,TRANSFER,984303.45,C1543180069,1919.0,C756598659,30013.55
396,PAYMENT,15225.79,C1600041682,0.0,M860760594,0.0
661,CASH_OUT,83682.56,C1474871562,11166.0,C1455119199,43746.68
684,CASH_OUT,214817.81,C1210150591,0.0,C1255640648,423799.23
397,PAYMENT,4927.82,C480667387,0.0,M1786517113,0.0
398,PAYMENT,34162.3,C1565801530,246380.0,M165723988,0.0
356,CASH_IN,147482.54,C222979543,10737.0,C82856204,22472313.61
374,CASH_OUT,45068.65,C1670155928,0.0,C1228345018,385085.11
563,CASH_IN,83188.19,C1069229013,2923.0,C1482717516,1271275.6
356,CASH_IN,10746.5,C1270298685,1976620.67,C1205514119,106907.08
617,PAYMENT,13285.18,C1612029411,304947.0,M1783609998,0.0
544,PAYMENT,3437.17,C1436169754,0.0,M45368842,0.0
381,PAYMENT,9028.59,C1822584395,22198.0,M1755406867,0.0
403,CASH_OUT,337842.16,C2028337212,13572.0,C1792829591,40154.44
514,CASH_OUT,16443.64,C1884299737,59545.0,C2008749582,5751653.06
370,CASH_IN,338042.84,C521534402,2040122.12,C1314868262,1274172.61
474,PAYMENT,12648.37,C249731415,16632.42,M300652767,0.0
396,CASH_OUT,135386.24,C1193150448,0.0,C1094339172,937791.31
397,CASH_IN,258050.11,C757114882,3015550.65,C911937443,786013.28
356,PAYMENT,14579.84,C810844311,257135.01,M1189978507,0.0
356,PAYMENT,9319.29,C392177633,21724.74,M1940560398,0.0
573,PAYMENT,14100.94,C93961685,43372.0,M164024735,0.0
403,CASH_OUT,150953.0,C1426519627,15166.0,C1752998296,7501942.86
382,CASH_IN,135105.24,C1408306578,51626.0,C1637971495,5492694.11
381,CASH_IN,203605.5,C490605562,3297812.44,C1578117243,3739120.16
371,CASH_OUT,310596.45,C623789359,0.0,C1409246225,1420131.53
590,CASH_IN,83387.14,C481931493,148997.98,C2132387520,678138.58
379,CASH_OUT,105876.54,C1845424321,2695.0,C316147648,81327.27
686,PAYMENT,7723.49,C1452140230,80754.52,M1421121861,0.0
546,CASH_OUT,36311.22,C2077791043,137.0,C1388649833,1531631.73
451,CASH_IN,151369.73,C983355709,6414580.68,C1507777894,332531.36
374,CASH_OUT,66603.51,C2051653945,117485.0,C332791109,19370.33
396,CASH_OUT,219471.43,C1317438575,118669.0,C1683987147,971747.94
592,PAYMENT,5788.11,C1619635602,146618.39,M418533834,0.0
382,CASH_OUT,460679.61,C838456837,0.0,C261864475,6198136.14
588,CASH_OUT,72144.82,C497886293,57577.0,C1875205724,97334.01
404,CASH_IN,134659.2,C848474079,7522.0,C1206526278,11263992.35
398,PAYMENT,9631.04,C1028384678,457162.63,M610641282,0.0
402,CASH_OUT,32084.91,C1283513276,10793.0,C2089680413,417537.21
374,PAYMENT,12100.03,C939665713,337548.31,M525013658,0.0
538,CASH_OUT,2136099.59,C615843583,2136099.59,C634573611,466582.86
428,CASH_IN,56887.43,C138346980,3647.0,C1244873039,13753.6
525,CASH_OUT,258316.01,C1445936005,0.0,C530557156,2252106.4
379,CASH_OUT,194593.36,C1356660099,6195.77,C1859186088,806201.26
371,DEBIT,10707.41,C764927894,21450.0,C1619017682,532291.62
715,CASH_OUT,172108.12,C833100499,20192.0,C769558534,0.0
371,CASH_IN,127591.0,C2054953439,275.0,C1606506097,261972.83
551,PAYMENT,7796.38,C500819962,51055.0,M569105658,0.0
399,CASH_OUT,14571.94,C1763456375,11420.0,C1776923374,6488284.49
359,CASH_IN,66457.95,C1359122686,8704797.85,C854142894,290005.6
394,CASH_OUT,83197.29,C851502641,32305.0,C1051002360,0.0
471,CASH_OUT,313929.96,C1690415712,49990.0,C1358477498,0.0
403,CASH_OUT,68284.37,C1137075578,20734.0,C214187874,4063379.96
399,CASH_OUT,224866.06,C744857151,0.0,C482944605,1628119.63
394,PAYMENT,10102.8,C2087556772,0.0,M1995340664,0.0
374,PAYMENT,8973.28,C2111220449,0.0,M929702407,0.0
695,PAYMENT,7316.19,C1696624196,16550.71,M1371571167,0.0
372,CASH_OUT,240409.35,C1253880217,114930.0,C1136075927,199334.69
571,CASH_IN,259066.16,C1950060152,1235166.79,C700150725,1026092.32
400,CASH_IN,345160.93,C1048766061,15498472.38,C245656650,936990.4
684,TRANSFER,156304.41,C251054795,0.0,C389141939,334178.89
406,CASH_OUT,125353.95,C1142415689,0.0,C1313723160,6818688.08
681,PAYMENT,17856.28,C1129328323,798.0,M753429103,0.0
407,CASH_OUT,55586.87,C1355511754,0.0,C1672395374,5026843.41
566,CASH_IN,20410.07,C421429089,1374090.77,C596522957,7020984.25
397,CASH_OUT,80060.62,C1852344724,144941.83,C192743317,2105071.39
402,TRANSFER,327720.99,C1592314695,0.0,C1798681424,1665432.03
361,CASH_OUT,105425.89,C1868221629,0.0,C1282488969,124012.94
398,CASH_IN,313850.37,C309836874,12080997.53,C1918237237,546590.87
394,CASH_IN,243760.26,C1051693154,3275277.49,C1400545109,462999.97
426,PAYMENT,5495.82,C765640834,144387.27,M799027585,0.0
397,TRANSFER,763136.61,C2020918822,55863.0,C765455184,540208.89
373,CASH_OUT,134672.02,C2111900191,0.0,C649513795,862599.28
384,PAYMENT,8011.41,C2138450783,323.0,M1972340306,0.0
570,TRANSFER,1258372.37,C2041089841,0.0,C1270906531,3484915.77
402,CASH_OUT,112838.54,C1446322902,30001.0,C335157938,0.0
375,PAYMENT,6489.83,C663778269,393856.5,M955655097,0.0
394,CASH_OUT,343270.72,C1621206859,0.0,C273507094,1389556.27
692,CASH_OUT,142377.59,C365047763,10435.0,C460530256,85295.81
550,TRANSFER,4943.17,C1317546431,0.0,C861636084,226389.41
358,CASH_IN,278798.34,C1003046250,5200496.55,C725745220,355106.37
398,CASH_IN,107138.05,C949092086,5102.99,C42976123,195616.93
375,PAYMENT,8903.04,C32535922,2960.0,M1271548873,0.0
400,CASH_IN,389238.81,C1519711236,4674021.51,C1145573089,583077.36
681,CASH_OUT,145654.05,C1973321637,0.0,C113181236,164409.37
379,CASH_IN,17619.49,C1005475131,29753.0,C515461138,174292.57
404,TRANSFER,684158.67,C455718629,0.0,C892917223,1433404.41
379,CASH_OUT,121979.12,C1810958718,0.0,C439892851,5934556.14
408,PAYMENT,5311.31,C1018271412,611971.94,M1873708436,0.0
397,PAYMENT,23175.77,C613945234,0.0,M509326744,0.0
596,PAYMENT,4687.43,C539530263,5538.0,M594389431,0.0
686,TRANSFER,572721.23,C1595102087,0.0,C1607154070,1019411.22
542,CASH_OUT,244015.41,C364529315,55260.0,C1280235724,659621.4
405,PAYMENT,4742.71,C1837182679,1480.0,M1974605400,0.0
404,CASH_OUT,158225.83,C1458746895,11498.0,C1880947116,305387.75
375,PAYMENT,14745.64,C325746602,59578.49,M1249122614,0.0
404,PAYMENT,16464.85,C1742220689,29827.0,M89829861,0.0
379,CASH_OUT,347418.1,C72272215,0.0,C1408632140,1412797.19
404,PAYMENT,3076.03,C1376628186,0.0,M621591466,0.0
401,CASH_OUT,148974.84,C167901330,0.0,C519740805,790219.83
398,CASH_OUT,267214.09,C189726075,30206.0,C811166375,53887.26
582,PAYMENT,23452.41,C938063535,150905.97,M664139800,0.0
393,CASH_OUT,20242.77,C1304910863,42226.0,C1371509703,0.0
681,CASH_OUT,35867.19,C1865785992,0.0,C1505738546,1543268.86
358,CASH_OUT,76980.98,C1037212537,14699.0,C1164504489,2203748.02
396,CASH_OUT,177468.14,C1324859301,17518.0,C908920472,88870.73
396,CASH_OUT,88860.43,C1261116519,0.0,C1550324385,347799.25
400,CASH_OUT,4598089.88,C1115133775,4598089.88,C1079679103,771511.79
397,TRANSFER,932075.12,C1801935439,20411.0,C1963008965,4607912.55
514,CASH_IN,89623.39,C46636375,75379.3,C1587793274,2098953.71
379,CASH_IN,89631.39,C2027054235,191400.88,C437344803,1376743.48
394,PAYMENT,25394.8,C612891851,0.0,M579302728,0.0
375,PAYMENT,3740.36,C612654159,50889.0,M478151153,0.0
595,CASH_OUT,306545.38,C1645992663,93706.0,C1684000786,410199.47
376,CASH_IN,147155.91,C902827729,8069076.26,C843025522,365158.91
373,PAYMENT,29456.23,C151259366,0.0,M336861831,0.0
360,PAYMENT,30084.74,C230109403,15298.87,M1523195851,0.0
401,CASH_OUT,97438.11,C1704681200,0.0,C1732317274,974243.45
394,PAYMENT,14474.38,C1908782952,123.0,M712775810,0.0
396,CASH_OUT,61620.57,C1533628522,261444.0,C620882353,491810.9
374,CASH_IN,138152.78,C1872973308,9107055.59,C270046794,1902530.22
397,PAYMENT,3052.33,C217704700,0.0,M225489572,0.0
428,CASH_IN,26047.38,C1051268853,444.0,C1405323119,15965.84
397,PAYMENT,31076.78,C1594512539,1668.0,M1615128915,0.0
589,PAYMENT,2971.98,C1369286842,59393.94,M1045982264,0.0
370,CASH_IN,76905.57,C1129436028,35637.0,C553378045,0.0
381,PAYMENT,5379.53,C1526795445,831.0,M1362649274,0.0
378,PAYMENT,10502.93,C1919489193,0.0,M387533217,0.0
399,CASH_IN,203235.43,C1128939163,10706234.57,C296156258,2213520.83
398,CASH_IN,53898.78,C1565440610,14787.0,C44527520,5263933.59
398,CASH_OUT,174829.49,C162644344,144.0,C1160777058,59542.72
401,CASH_OUT,296036.26,C114786755,99457.0,C764199081,17741.39
695,CASH_OUT,7991.59,C398865090,17629.33,C1076247110,188781.88
397,CASH_OUT,101727.02,C622966479,11301.0,C1961316078,0.0
369,TRANSFER,780471.12,C175939936,0.0,C1593747363,1248044.88
525,TRANSFER,18592.52,C415126297,157.0,C1857458087,3253545.56
369,PAYMENT,44143.66,C585378481,0.0,M1893434777,0.0
455,PAYMENT,244.9,C1061263760,5030.0,M1493149505,0.0
373,CASH_OUT,177189.1,C402988872,0.0,C797932932,427244.29
394,CASH_OUT,95551.39,C917329944,0.0,C869743989,162830.74
528,PAYMENT,8106.16,C722330487,18311.81,M1991557034,0.0
405,PAYMENT,3830.81,C1962912498,0.0,M2130864911,0.0
681,PAYMENT,5939.68,C483809428,5050.0,M64033117,0.0
400,TRANSFER,137811.05,C922447660,81964.0,C563776788,0.0
522,CASH_OUT,244942.35,C681056657,0.0,C929926660,1492818.26
401,CASH_OUT,24443.51,C1739602473,0.0,C926031431,4910156.6
400,CASH_IN,207904.53,C322376900,19880.0,C898675294,199208.95
664,PAYMENT,2810.89,C1816016520,0.0,M572167432,0.0
380,CASH_OUT,74006.65,C1815914543,0.0,C1081739620,574334.35
394,PAYMENT,21964.84,C1787230514,0.0,M19770504,0.0
372,CASH_OUT,161323.31,C2011687419,21913.0,C1542967229,0.0
375,CASH_OUT,295028.65,C1826852308,307613.0,C692359977,0.0
379,CASH_IN,14634.61,C515481039,496830.28,C158074313,792271.72
399,CASH_IN,27817.86,C950589693,8873687.29,C1062650008,15422949.37
548,CASH_OUT,45293.93,C1915687470,0.0,C773878860,3143076.14
692,PAYMENT,5019.6,C1039681029,58523.91,M794820592,0.0
373,PAYMENT,3798.35,C2043693975,0.0,M516754101,0.0
400,PAYMENT,9711.54,C1429286765,502629.2,M384913118,0.0
542,PAYMENT,18939.61,C1862168533,9998.0,M155583544,0.0
378,CASH_OUT,62816.95,C555723925,11511.0,C1840322414,1218707.26
518,CASH_OUT,111755.13,C1352624111,27221.0,C828404595,142664.26
373,CASH_OUT,395396.77,C377357295,41896.0,C2027640578,3812321.31
382,TRANSFER,367204.87,C565029300,0.0,C1991768378,1235094.78
589,CASH_OUT,124328.85,C97516088,1150.0,C1147961490,11431741.15
395,PAYMENT,2494.53,C406102436,597715.95,M1754740313,0.0
370,CASH_OUT,112571.57,C1607630534,111965.0,C1073431231,1243101.71
400,CASH_OUT,158633.6,C1807426314,0.0,C120097449,1598105.32
673,PAYMENT,3678.26,C1409955538,14878.0,M2074448920,0.0
566,PAYMENT,11008.07,C588240495,0.0,M1515054922,0.0
406,CASH_IN,64293.33,C384118494,10649.0,C1347101130,0.0
373,CASH_IN,485471.6,C1413573026,4020.0,C1032223050,310470.29
608,PAYMENT,17071.6,C43374021,158906.34,M1694415241,0.0
399,CASH_OUT,73870.33,C670585869,0.0,C1329646475,184366.03
596,PAYMENT,13703.73,C380570785,252811.65,M991864552,0.0
403,CASH_IN,193740.25,C1268062242,11736.0,C821015957,130960.85
369,PAYMENT,34508.63,C1333497137,19994.0,M1351471931,0.0
518,CASH_OUT,108975.27,C485213160,198507.0,C2124514895,0.0
373,CASH_IN,129089.26,C180174877,11209.0,C1114340524,385797.6
376,TRANSFER,2646493.07,C1347844176,25068.0,C1993271707,109623.42
396,CASH_IN,97834.15,C1832463202,50469.0,C250080387,412608.7
403,CASH_OUT,261921.67,C1688430107,71858.0,C788266285,0.0
687,PAYMENT,218.64,C382243090,0.0,M783615852,0.0
371,CASH_OUT,112193.76,C154622157,30605.0,C1191710045,0.0
403,CASH_OUT,131152.14,C653882417,148897.61,C1410748942,140886.45
394,CASH_OUT,169906.72,C1506792888,9650.0,C249645066,1987439.13
378,CASH_OUT,42685.58,C1141380624,0.0,C2055455598,54952.38
406,PAYMENT,13358.22,C2100223744,170128.43,M1142551593,0.0
592,PAYMENT,28681.09,C1779597185,142269.05,M1849007828,0.0
398,CASH_IN,193279.5,C1937283428,11551188.55,C468827671,803412.28
464,TRANSFER,4640633.37,C180932654,4640633.37,C1673286866,0.0
395,CASH_OUT,272036.91,C223029431,0.0,C1761450218,449852.78
546,CASH_OUT,162694.49,C261274951,100.0,C1925497672,428397.47
594,PAYMENT,4055.62,C528483470,0.0,M763179360,0.0
514,PAYMENT,21121.1,C373378811,30237.0,M299803359,0.0
373,PAYMENT,14229.63,C2128777707,0.0,M430668390,0.0
514,PAYMENT,1908.75,C1395357140,0.0,M271768075,0.0
397,PAYMENT,14103.73,C1448905403,154561.0,M1599788751,0.0
377,CASH_IN,348200.77,C852703435,1488083.18,C1364671511,11430800.09
380,CASH_OUT,334971.43,C783117623,0.0,C1759409484,1166716.1
469,PAYMENT,27276.93,C322566213,117129.84,M2074598082,0.0
544,PAYMENT,29742.63,C716485481,10985.22,M1204427336,0.0
384,PAYMENT,10006.83,C565562031,1280.0,M511321451,0.0
404,CASH_OUT,109866.69,C653844146,11608.14,C1860648662,1921358.69
403,PAYMENT,4959.83,C2072759471,0.0,M858151484,0.0
402,CASH_OUT,3031.96,C1271342923,59852.0,C1193075655,581571.3
401,CASH_OUT,132081.69,C1915295066,16495.0,C11792927,3573485.84
396,CASH_IN,110793.85,C220364055,17281.0,C998282920,83516.56
371,CASH_IN,173731.21,C698112151,4529184.18,C29028630,185798.39
374,CASH_OUT,75017.67,C1757423579,0.0,C1407989040,182493.77
405,CASH_IN,170857.79,C181804908,9055.0,C1560415492,113088.28
379,CASH_OUT,123892.33,C1302146241,0.0,C221557829,3514150.01
400,PAYMENT,6046.34,C404275342,257321.0,M165354857,0.0
358,CASH_OUT,89127.44,C1768007167,0.0,C48863535,420173.5
408,CASH_OUT,83620.47,C1633585452,0.0,C481409434,228352.5
379,PAYMENT,5240.47,C1338354996,0.0,M180548240,0.0
356,CASH_IN,53215.33,C1808551664,14931121.86,C1774163286,1351941.87
596,PAYMENT,2270.26,C407770061,124856.0,M1980538485,0.0
371,PAYMENT,1696.75,C987018325,0.0,M823760456,0.0
547,PAYMENT,10981.89,C1113784888,0.0,M1510493727,0.0
380,CASH_IN,49020.42,C906190663,14525.0,C1001208430,1813598.39
714,CASH_IN,469333.42,C157853793,11254.0,C332127961,140009.58
404,CASH_OUT,23431.14,C1880876613,0.0,C1659173672,96495.84
405,PAYMENT,15239.94,C1930759501,249231.53,M14708604,0.0
398,PAYMENT,20329.23,C1844715381,25794.0,M1938572048,0.0
359,PAYMENT,4146.29,C336381303,0.0,M1095053298,0.0
392,TRANSFER,2887744.35,C384434585,2887744.35,C1114261385,0.0
545,CASH_IN,67244.99,C1970251910,817454.0,C1710542523,0.0
401,CASH_IN,160855.06,C457818962,331280.0,C1057253885,0.0
372,CASH_OUT,236339.49,C2068879130,361.0,C1176928062,552578.83
694,CASH_IN,43851.29,C494304798,2246063.61,C1782052640,93656.35
394,PAYMENT,2238.32,C1470188711,0.0,M922501364,0.0
570,CASH_OUT,203206.81,C1603654704,5011.0,C1979773852,0.0
381,CASH_IN,138239.39,C2110133134,51614.0,C1142760354,0.0
614,PAYMENT,9294.81,C110548555,0.0,M1599248082,0.0
402,CASH_OUT,70321.02,C448651734,59999.0,C1837373639,131974.89
402,CASH_OUT,240180.59,C1802758442,0.0,C942363614,1792841.79
493,PAYMENT,1960.17,C1832175739,0.0,M1761277197,0.0
522,CASH_OUT,69268.39,C206202421,0.0,C1114683488,1087179.12
378,CASH_OUT,153172.31,C1249205035,611.0,C1135065341,17589.04
491,CASH_OUT,1265033.25,C994518144,1265033.25,C469694911,68292.18
400,PAYMENT,15068.19,C732919517,10004.0,M1027636169,0.0
367,CASH_OUT,435867.16,C1210833971,435867.16,C363013236,186826.4
375,PAYMENT,538.94,C1836140703,523739.65,M1127331378,0.0
596,PAYMENT,3504.78,C978791574,428426.0,M209301880,0.0
356,CASH_OUT,114369.48,C707161213,61666.0,C834276080,0.0
565,CASH_OUT,39671.44,C139296304,82385.42,C2037795958,57641.46
403,CASH_OUT,68307.8,C1260108317,0.0,C1462862856,591970.14
567,CASH_IN,330363.28,C956106894,653853.8,C402745352,342476.1
404,CASH_OUT,63629.03,C1278608248,0.0,C1530369671,64420.98
402,CASH_OUT,5490.19,C619259827,0.0,C98624069,291715.32
428,PAYMENT,2478.59,C1346992915,4126.0,M318397799,0.0
548,PAYMENT,3451.62,C1280631511,0.0,M949449942,0.0
490,CASH_IN,21775.83,C241873367,4643834.56,C1361286643,28831.52
374,CASH_OUT,2854.84,C202847181,0.0,C23946326,250920.58
522,CASH_IN,502178.89,C1503387307,21790.0,C1273191747,7183172.19
661,CASH_IN,428256.02,C892376343,10587.0,C1011492910,818139.19
403,PAYMENT,12530.64,C1852993594,0.0,M1436312018,0.0
372,CASH_OUT,193015.41,C1487105306,0.0,C1318650648,8104533.75
523,CASH_OUT,2135320.18,C439658405,2135320.18,C1436830952,333330.67
517,PAYMENT,22097.47,C1878915641,55075.0,M2104802732,0.0
394,CASH_OUT,21448.07,C863375903,0.0,C1993133991,1762767.4
400,PAYMENT,28519.63,C219362747,0.0,M612222923,0.0
398,CASH_IN,23823.2,C619883378,12590174.57,C423754359,4723694.17
474,CASH_OUT,189976.43,C914849707,0.0,C1979003,2458054.08
500,CASH_IN,26106.73,C345653285,7825864.08,C1608370918,3444642.41
377,PAYMENT,7416.29,C323005573,5932.0,M985628505,0.0
357,CASH_IN,13881.04,C486732223,4173540.15,C784190389,136533.23
360,PAYMENT,7020.56,C934906098,45746.26,M336515414,0.0
369,CASH_OUT,240374.52,C775329977,59782.0,C863103142,49649.98
378,CASH_OUT,160513.66,C336993898,100005.0,C1811729890,3862362.13
681,CASH_OUT,487010.46,C1990892739,183.0,C1505720179,0.0
544,TRANSFER,662613.35,C1796208013,14595.9,C1580855586,4070293.32
383,DEBIT,4291.76,C1554659370,51421.0,C488212346,47167.48
522,CASH_OUT,223687.62,C194574171,0.0,C826534901,597377.96
398,CASH_OUT,157128.35,C1243762292,10646.0,C1659422353,2177420.74
403,CASH_IN,151953.93,C1980277403,13790.0,C2145067613,530829.65
356,PAYMENT,5423.47,C1131662551,102345.5,M347161846,0.0
372,PAYMENT,18184.81,C1964288204,198939.0,M781471923,0.0
401,CASH_IN,186455.15,C358116374,16372.0,C329540318,0.0
691,PAYMENT,18488.25,C575934813,16699.0,M1880874960,0.0
639,CASH_OUT,49199.2,C929319226,49199.2,C1153867548,0.0
356,CASH_IN,223189.15,C1301297767,1595541.06,C1695940465,573237.91
379,CASH_IN,19535.79,C620008398,15291696.11,C568247343,30270.6
373,PAYMENT,17800.16,C210314111,474869.57,M1826852177,0.0
378,CASH_OUT,292308.88,C1299418640,0.0,C1436879406,688264.73
404,PAYMENT,3868.8,C1874309526,1380.74,M881296337,0.0
379,TRANSFER,1114526.85,C551858633,1564.0,C142111352,2379909.99
416,CASH_OUT,163840.98,C2019276610,40219.0,C1479854422,444218.03
380,PAYMENT,5958.12,C1461892732,0.0,M548303199,0.0
380,PAYMENT,9018.51,C1113250792,19979.0,M1234765157,0.0
567,CASH_OUT,41060.04,C960463381,0.0,C1682465744,431724.13
358,CASH_IN,200119.38,C285027536,502727.43,C1867862674,539427.36
377,CASH_OUT,132450.89,C47600594,0.0,C242442292,212522.83
400,PAYMENT,26968.88,C1038537515,0.0,M924315932,0.0
401,TRANSFER,920202.1,C895104999,341065.0,C1231926468,0.0
378,CASH_OUT,9806.42,C1934465882,49931.0,C1153704117,4714.45
401,CASH_OUT,179224.22,C964882060,1345.0,C560399084,0.0
399,TRANSFER,243205.9,C361960188,0.0,C108056872,351104.64
684,CASH_OUT,30398.23,C609715255,0.0,C1891990538,1914266.12
360,TRANSFER,758848.47,C1635073538,758848.47,C25163995,0.0
382,PAYMENT,12760.08,C591425999,20506.0,M791895384,0.0
379,PAYMENT,17441.58,C1536166952,79919.0,M548634084,0.0
583,CASH_OUT,2149658.47,C538317086,2149658.47,C1665512792,0.0
525,CASH_OUT,176868.23,C1208506601,9162.0,C406482973,15241.48
403,CASH_OUT,32885.32,C1892611504,0.0,C482174459,747105.45
381,CASH_IN,205142.36,C58710667,4642381.03,C1274090641,977658.11
380,PAYMENT,23914.26,C165561650,0.0,M1242501776,0.0
690,CASH_OUT,223776.61,C472822047,136885.0,C1669077995,11650.96
357,PAYMENT,807.72,C225740182,99687.0,M1842185219,0.0
520,TRANSFER,2871898.5,C955101286,2871898.5,C1205312123,0.0
396,CASH_IN,152541.77,C1763848030,27914.6,C1839671644,6766707.47
378,CASH_IN,75195.45,C1692196187,138.0,C1644942922,3263212.79
709,PAYMENT,5991.12,C1544227599,15546.0,M37924569,0.0
374,PAYMENT,8422.2,C1444443958,0.0,M1935438287,0.0
369,CASH_IN,152997.65,C75652104,4546872.87,C1926941764,2378151.04
469,CASH_OUT,123802.02,C787241038,1814.0,C467339034,2448135.82
381,CASH_OUT,182403.2,C770833438,0.0,C2121913440,2815902.89
713,TRANSFER,2046684.58,C1240168728,2046684.58,C807998987,0.0
717,PAYMENT,6250.33,C1782267845,24688.0,M569241143,0.0
372,PAYMENT,27164.52,C2016242990,2088.0,M1921436819,0.0
370,CASH_IN,565199.3,C2079454493,3144796.03,C1499414605,777470.61
692,DEBIT,807.58,C1970917550,69647.0,C235949230,168902.51
617,CASH_IN,394483.66,C700384880,3967061.86,C1284700271,6112275.03
550,PAYMENT,15756.29,C549109724,0.0,M1591616479,0.0
382,CASH_OUT,194165.19,C1220033890,53320.0,C2125662404,171096.54
471,CASH_OUT,244741.89,C318595983,0.0,C973838900,1366010.69
688,CASH_OUT,292492.02,C2101551536,105351.0,C1808822272,489736.01
371,TRANSFER,1019088.85,C357429415,0.0,C51832602,2049237.78
403,CASH_OUT,177300.85,C465749106,0.0,C1452242663,306272.26
407,PAYMENT,770.16,C859527559,30452.0,M23994200,0.0
358,CASH_IN,137196.23,C1042830573,5889011.04,C1539067329,1091546.04
403,PAYMENT,8983.89,C1267448763,0.0,M111644942,0.0
394,PAYMENT,19062.28,C964877463,0.0,M1675268396,0.0
612,CASH_OUT,367265.59,C386400463,1326.0,C1708167869,76146.11
379,CASH_OUT,329338.33,C67250582,140161.62,C1279264792,433610.24
371,CASH_OUT,273786.05,C617805144,4910.36,C1567252790,2717223.22
404,CASH_IN,99269.46,C1974643797,2540767.34,C1856285900,155485.18
442,TRANSFER,9065.34,C1117911944,9065.34,C1052869730,0.0
371,PAYMENT,974.32,C2115913360,0.0,M1940067967,0.0
379,CASH_OUT,66581.06,C395471333,755556.0,C116249651,0.0
386,CASH_OUT,9723.82,C1593579457,98225.96,C44247024,3963698.23
407,PAYMENT,9849.66,C1603845193,104088.0,M1386404758,0.0
372,PAYMENT,12971.37,C932907902,0.0,M398427787,0.0
372,PAYMENT,24873.41,C895090141,92319.22,M1040004158,0.0
596,PAYMENT,3013.24,C326031924,657.0,M1205006420,0.0
684,CASH_OUT,423390.2,C608892865,278674.48,C1178490473,737852.3
396,PAYMENT,38859.9,C1099391082,95615.01,M1508626703,0.0
380,PAYMENT,10524.92,C1593372058,533.0,M785133465,0.0
409,PAYMENT,26745.92,C1245169091,101544.89,M3329714,0.0
378,CASH_OUT,3700.91,C1665430482,0.0,C1671315455,117860.69
514,CASH_OUT,324542.49,C52654407,0.0,C82057730,1209326.56
380,TRANSFER,78945.73,C1985199034,294459.0,C43869769,13521421.19
401,TRANSFER,1269558.47,C1638697205,126.0,C1095533725,0.0
396,PAYMENT,23027.37,C1276544100,24568.0,M2044981051,0.0
399,CASH_IN,211379.84,C1740647608,6157421.4,C2135919757,1900587.77
376,PAYMENT,16173.92,C227436643,5062.0,M1376476140,0.0
403,CASH_IN,66870.71,C2123665998,14023301.98,C2141156663,1559912.23
402,CASH_OUT,167709.09,C1568288794,0.0,C1743951605,876790.02
595,CASH_OUT,116293.04,C1454644509,0.0,C1437760748,1997288.42
380,CASH_OUT,10121.18,C1929541915,112452.0,C1920999645,81895.53
373,CASH_IN,21346.29,C1337274322,5642869.02,C383505695,295853.76
375,CASH_OUT,309054.59,C282599128,0.0,C744653684,1615189.61
359,PAYMENT,11921.6,C1252962162,0.0,M1927377826,0.0
405,PAYMENT,7484.95,C223671698,201112.25,M742782382,0.0
376,CASH_IN,229612.31,C1129407140,20252.0,C1179009842,276861.54
359,CASH_IN,337048.36,C1032371403,6115558.15,C43907931,9033349.47
469,CASH_OUT,6484526.8,C370286354,6484526.8,C1781740019,200765.69
531,PAYMENT,728.13,C1889786802,2108.0,M409532652,0.0
557,TRANSFER,74709.4,C171758172,74709.4,C1650736473,0.0
573,PAYMENT,1719.04,C1438055971,0.0,M1526252816,0.0
617,CASH_OUT,255183.4,C335846855,154389.0,C1064635533,0.0
376,PAYMENT,4853.33,C1326328845,242853.93,M1712046217,0.0
570,CASH_OUT,140217.4,C913808481,0.0,C1066616514,1931832.16
637,CASH_IN,101684.26,C1960953151,2150941.77,C831423330,178705.71
369,CASH_OUT,27670.09,C1441664236,15054.0,C981813528,315124.36
379,PAYMENT,6827.12,C2104729215,0.0,M1549453616,0.0
527,PAYMENT,30582.97,C1899079763,0.0,M265260054,0.0
661,PAYMENT,3272.92,C1179487871,17068.0,M458185220,0.0
397,CASH_OUT,47718.49,C2081711057,0.0,C1168581199,256473.0
375,PAYMENT,16781.42,C591843681,20876.0,M537917848,0.0
379,PAYMENT,7335.75,C2042057030,194197.97,M1955254754,0.0
690,PAYMENT,3452.69,C1994136242,147466.0,M106306181,0.0
428,PAYMENT,3004.98,C802030763,224550.0,M434563612,0.0
379,CASH_OUT,1778.5,C1810299986,0.0,C874425677,278830.58
396,CASH_IN,383023.17,C779146242,649316.0,C144233232,370774.97
372,CASH_IN,440455.11,C1404129414,13760040.8,C1660101543,519725.65
403,CASH_OUT,25291.69,C1176176348,107606.2,C1577884695,7182516.75
401,CASH_IN,143643.6,C1064543860,3163709.45,C1501893645,2558884.17
403,CASH_OUT,87034.53,C812979314,0.0,C416957180,2776011.46
403,CASH_IN,282260.58,C278801984,6277.0,C986594521,0.0
448,PAYMENT,18420.43,C34245895,21555.0,M453243830,0.0
408,PAYMENT,1874.42,C1991534531,0.0,M237479498,0.0
396,CASH_IN,126122.91,C866947634,600057.12,C807144083,1322740.63
404,CASH_OUT,49400.41,C1446363492,15006.0,C1717043266,0.0
394,PAYMENT,1564.69,C559024612,0.0,M1029958,0.0
369,PAYMENT,21491.77,C2064014136,0.0,M55864153,0.0
378,PAYMENT,11624.0,C1720818389,13246.0,M6320609,0.0
694,CASH_OUT,120817.56,C767813723,42507.0,C1097531082,1222547.29
400,PAYMENT,30500.64,C1002621541,1281.0,M1334637520,0.0
378,CASH_OUT,479083.27,C533754211,6036.0,C1504609810,2632957.87
671,TRANSFER,152724.32,C1406252838,152724.32,C1821499919,0.0
479,CASH_OUT,222869.84,C126312988,20253.03,C1011729474,401466.77
397,PAYMENT,25198.79,C873478022,0.0,M422790381,0.0
373,PAYMENT,13531.72,C437712275,106925.0,M585273006,0.0
513,TRANSFER,168033.36,C1780909298,168033.36,C1196822116,0.0
393,PAYMENT,23522.45,C565427506,0.0,M66177319,0.0
594,CASH_OUT,7233.3,C498162843,19902.0,C1352419097,40429.42
610,CASH_IN,152127.57,C703729475,2884707.14,C19375454,4870531.84
692,CASH_OUT,16775.99,C1274892642,11463.0,C1503684659,2586037.3
369,PAYMENT,39171.79,C1564794783,0.0,M915362033,0.0
402,TRANSFER,627043.86,C43608528,0.0,C20390525,2386062.03
403,CASH_OUT,152279.35,C287142077,0.0,C717459813,1401985.92
399,CASH_OUT,69703.68,C1840401063,609072.0,C824728966,2128119.94
403,PAYMENT,13796.7,C549970095,0.0,M1930180206,0.0
522,CASH_OUT,87775.93,C1007460903,0.0,C1841450602,2218839.17
400,CASH_IN,8029.81,C981731717,10624970.58,C1042097218,793518.23
500,PAYMENT,98.67,C1201314434,6024.0,M337156051,0.0
688,CASH_IN,235248.06,C113870568,254.0,C1221797864,0.0
550,PAYMENT,35691.06,C1320853812,0.0,M1702271928,0.0
356,CASH_IN,107586.59,C421583776,19531003.47,C883888793,184378.02
373,CASH_IN,169805.88,C1918366615,6532333.93,C1185526741,302789.24
360,PAYMENT,9004.48,C152493563,304366.0,M1026980048,0.0
594,PAYMENT,829.44,C1292591569,6447.56,M1387194515,0.0
373,CASH_OUT,90393.51,C303734796,0.0,C1565878795,559890.49
404,PAYMENT,10426.32,C325019625,646480.13,M632731589,0.0
403,CASH_IN,23235.55,C1302178991,7445251.62,C719204335,238184.73
356,CASH_IN,12092.69,C102102319,99523.0,C1777557385,15744.56
400,PAYMENT,62523.44,C3248193,0.0,M1923033008,0.0
397,CASH_OUT,170503.98,C2141057240,123.0,C1649602254,0.0
393,PAYMENT,49960.68,C1045996631,30712.0,M2139987710,0.0
525,CASH_OUT,43044.02,C1707092443,868603.0,C1308018080,258287.86
681,CASH_IN,163969.9,C935232626,7595351.51,C1281784969,870533.92
440,TRANSFER,5049594.33,C2134666226,5049594.33,C1039951237,0.0
396,CASH_IN,47667.46,C895014841,8213270.22,C1702364264,169266.25
408,PAYMENT,1871.13,C915446479,19519.0,M1763987253,0.0
381,PAYMENT,19883.82,C668735117,20492.0,M1643331073,0.0
356,CASH_IN,108933.8,C386204068,1380794.5,C555715378,155558.16
374,PAYMENT,33973.86,C1364206061,0.0,M920751493,0.0
402,CASH_IN,29360.37,C239296123,4042220.25,C663701030,3351038.06
476,CASH_IN,653.36,C1548847220,2693913.91,C673782803,185155.5
402,PAYMENT,6447.88,C1317244285,0.0,M1610340796,0.0
373,CASH_IN,120507.76,C1151070292,11292.0,C1554822875,390484.83
439,CASH_OUT,328583.51,C491119745,547341.12,C1764983394,1495661.47
407,PAYMENT,1478.11,C1901491528,38098.0,M709208647,0.0
378,PAYMENT,41680.17,C1222849880,0.0,M1619119650,0.0
507,CASH_OUT,2291498.65,C1981839007,2291498.65,C2021932305,0.0
599,PAYMENT,7229.42,C363704154,0.0,M2109548637,0.0
729,TRANSFER,1102951.39,C871824170,1102951.39,C948778919,0.0
522,CASH_OUT,78964.65,C464642347,0.0,C1938193678,285564.58
370,CASH_IN,434403.32,C773260889,6099999.57,C138078568,10011032.56
424,TRANSFER,313697.44,C1043016955,313697.44,C2103366345,0.0
380,CASH_IN,70379.04,C788931971,4531777.93,C2123655258,688799.75
394,CASH_OUT,25188.03,C781102993,0.0,C1773776028,106019.38
373,CASH_OUT,118566.25,C292549607,20108.0,C1227464494,535096.33
359,CASH_OUT,139018.48,C146665825,0.0,C907381282,143535.1
402,CASH_IN,432446.47,C1209305761,81739.0,C1836855186,410525.47
372,TRANSFER,2219569.86,C346465160,0.0,C1286160376,4497922.96
399,CASH_OUT,230560.85,C862432819,467759.0,C1503882372,0.0
394,CASH_OUT,7389.79,C917827445,2987.0,C472168200,1073922.07
399,CASH_OUT,86115.78,C606135544,409660.0,C1900400818,116158.37
401,CASH_OUT,49879.12,C1614585187,11320.0,C266122613,0.0
399,PAYMENT,1374.67,C248474342,0.0,M1504986793,0.0
526,TRANSFER,319883.28,C1346194314,319883.28,C2046261868,0.0
500,CASH_OUT,12117.8,C550351137,26249.29,C49074398,179560.84
384,CASH_OUT,273495.19,C510588940,0.0,C1664465554,810143.15
416,CASH_OUT,220450.44,C1184256904,0.0,C76488898,593420.33
372,TRANSFER,248764.94,C1423067460,50540.0,C1545420846,1066231.76
710,TRANSFER,708021.69,C1461217353,50270.0,C1262669158,7921022.49
404,CASH_IN,26501.35,C338520221,269018.0,C1627735712,0.0
375,TRANSFER,27088.65,C1068532726,0.0,C755299833,106911.69
397,TRANSFER,931820.68,C1425487588,30339.0,C1572867332,0.0
383,PAYMENT,1015.37,C807143809,20760.0,M1999311195,0.0
403,TRANSFER,949979.11,C1093983453,949979.11,C1655127778,0.0
380,CASH_IN,26025.73,C149431529,42100.0,C1985571307,377223.74
565,TRANSFER,757401.17,C1666463785,757401.17,C1703328404,0.0
402,PAYMENT,12007.67,C1840230577,82742.0,M1839238671,0.0
401,PAYMENT,2563.21,C2030190308,0.0,M15447279,0.0
659,CASH_IN,44867.43,C1249882087,50874.0,C197231670,1020030.96
569,CASH_IN,292201.12,C920372748,80711.0,C321346879,849042.49
378,TRANSFER,531568.83,C961985003,43249.0,C554195963,149827.0
379,TRANSFER,475441.75,C1747988381,0.0,C657768717,512811.99
401,CASH_OUT,176922.93,C1425167591,0.0,C1893049781,184409.18
382,CASH_OUT,24809.83,C639022195,167598.89,C1630971162,6951227.23
688,PAYMENT,5032.44,C903651320,55663.0,M1219931886,0.0
588,CASH_IN,30546.06,C1741603014,30818.0,C758705745,37414.98
359,TRANSFER,1105436.25,C543672650,0.0,C1229849062,1851510.2
403,CASH_OUT,88426.95,C2128970900,703585.0,C779244002,27875.94
358,CASH_IN,124235.07,C836432218,15957611.35,C786992047,330240.01
402,CASH_OUT,144799.75,C1422646819,9091.0,C232347582,626407.09
378,CASH_OUT,124234.8,C1412495963,274.0,C1362002336,1332634.09
372,PAYMENT,10347.34,C1089307214,0.0,M1311946718,0.0
398,CASH_IN,201090.78,C1148186647,27852667.92,C2114585299,449661.7
395,CASH_OUT,469365.5,C222041421,0.0,C1678403211,36495377.27
594,TRANSFER,586937.34,C394435157,16509.0,C1395213622,141342.51
403,PAYMENT,6123.04,C750048473,0.0,M353521936,0.0
405,PAYMENT,27653.86,C2095591251,44426.21,M361300260,0.0
376,PAYMENT,37712.14,C933910143,67995.0,M1107044166,0.0
525,CASH_OUT,9335.95,C214111805,21144.0,C806394080,3590857.23
469,CASH_IN,87073.45,C1165734465,602298.34,C1833745489,226025.03
404,CASH_IN,69544.21,C95848629,8600414.0,C120421357,1034170.16
402,CASH_OUT,2891.13,C1057216129,0.0,C703547414,28188.4
691,CASH_IN,75469.85,C771084704,6403303.13,C1290124690,2086707.89
381,CASH_IN,93748.43,C1150719834,9150540.72,C631203891,297891.74
378,CASH_OUT,81567.96,C686741169,168964.0,C698745723,42584.38
394,CASH_IN,50275.03,C400058228,73079.0,C1705915320,2983761.44
405,PAYMENT,2798.28,C2119373927,30492.0,M124609243,0.0
375,PAYMENT,3360.17,C488147794,15.0,M673994167,0.0
550,CASH_IN,386757.39,C1856414703,4290683.04,C1048759686,1044469.14
406,CASH_IN,525367.94,C1192266568,8685147.33,C27213789,578650.24
358,PAYMENT,4253.76,C2056316537,0.0,M1912767737,0.0
396,PAYMENT,35377.03,C325001561,0.0,M273300566,0.0
619,CASH_OUT,137648.39,C2016573915,0.0,C268342768,1057229.58
403,CASH_IN,103592.07,C280177431,207.0,C1394394484,126318.32
398,CASH_IN,315454.28,C1362220166,1075474.46,C1758078892,1877735.85
681,CASH_IN,256807.97,C1451571767,3335021.57,C599698590,766077.49
478,PAYMENT,7991.41,C937684185,11621.0,M2143859504,0.0
688,CASH_OUT,376627.76,C1473111564,24224.0,C1058421640,167825.64
563,CASH_OUT,57799.32,C1605351838,122106.0,C1442292274,300428.67
403,CASH_OUT,268109.98,C275331609,0.0,C849812616,937859.57
403,CASH_IN,153386.58,C350190679,17097.0,C833446409,2131437.41
695,CASH_IN,20970.46,C1200026451,5573362.78,C177570320,347800.08
393,CASH_OUT,230140.39,C1670063992,11359.0,C1861343965,2297079.57
695,CASH_IN,106637.8,C444570613,1651127.87,C1821944578,872253.32
369,CASH_OUT,64883.47,C2117517594,0.0,C148111056,298313.07
357,CASH_IN,42509.78,C1788699626,1311828.42,C1208738869,10756946.49
592,CASH_OUT,79861.01,C1897580455,145176.46,C1170624031,366106.42
405,CASH_OUT,93103.84,C1464265928,37187.0,C264791958,84344.02
403,PAYMENT,24435.64,C547230124,457836.89,M2064358536,0.0
376,CASH_IN,69220.29,C453144751,42692.64,C2019479308,377448.35
359,CASH_IN,39336.18,C1528248960,5411709.57,C2064325842,541071.12
379,CASH_IN,285224.54,C1653036847,5882083.6,C2018163639,1783193.23
393,PAYMENT,33378.17,C1723331885,0.0,M1361745105,0.0
403,CASH_IN,74756.44,C901368071,101332.0,C865233805,0.0
395,CASH_OUT,129122.75,C2097648430,560.0,C549018108,0.0
576,PAYMENT,4467.09,C1682124801,0.0,M1204766656,0.0
388,CASH_OUT,6703831.4,C76062067,6703831.4,C1968350430,99114.49
601,PAYMENT,7158.13,C429228162,30570.0,M540377975,0.0
401,CASH_OUT,166843.32,C624515487,689.0,C625041471,4288089.92
380,CASH_OUT,78649.2,C924454006,0.0,C1003815817,473219.53
367,CASH_OUT,972009.75,C961270274,972009.75,C1692249598,298095.31
358,PAYMENT,24968.38,C742659668,52187.0,M417719091,0.0
357,PAYMENT,19606.5,C92021956,0.0,M468088765,0.0
397,CASH_OUT,273953.81,C176732960,0.0,C872794128,73526214.48
373,CASH_IN,388321.74,C798595261,41079.0,C1250439934,53584.91
357,PAYMENT,15682.68,C787501058,0.0,M494558417,0.0
359,PAYMENT,20722.36,C468310052,0.0,M2022615925,0.0
397,CASH_OUT,149124.7,C269977405,0.0,C2051770503,9311320.0
379,TRANSFER,568027.7,C174975080,0.0,C1566653742,11828551.5
397,CASH_OUT,175803.11,C1453819906,51657.0,C2009951977,523855.48
371,CASH_IN,132639.52,C1252465330,1330708.34,C1286047119,793581.35
398,CASH_OUT,73973.26,C938895226,0.0,C1981914463,913835.26
378,CASH_IN,33321.32,C419941214,3252591.64,C1397415921,788805.73
730,CASH_OUT,10000000.0,C315149365,10000000.0,C574552283,62895.13
369,PAYMENT,13719.47,C911822249,105051.0,M2000332261,0.0
380,PAYMENT,8454.66,C2132742668,0.0,M1217612512,0.0
400,PAYMENT,66140.04,C1776043962,181646.12,M505302630,0.0
358,PAYMENT,11557.31,C2144874855,8657.48,M547929251,0.0
401,PAYMENT,25233.91,C1181302903,26683.0,M758054291,0.0
544,PAYMENT,25724.13,C29414968,175497.13,M1581220567,0.0
586,CASH_IN,125334.01,C137609755,580699.45,C682529995,414435.65
395,PAYMENT,8997.51,C1314889175,0.0,M1543439415,0.0
398,CASH_OUT,502468.47,C702734132,6962.0,C54924785,11155.0
373,PAYMENT,12152.85,C645443990,52152.0,M2133436700,0.0
403,CASH_OUT,147066.15,C1727515827,0.0,C367959555,250945.54
690,PAYMENT,7140.47,C1371060633,90027.0,M1646723500,0.0
705,PAYMENT,16417.07,C378559404,274803.0,M817000762,0.0
376,PAYMENT,21737.25,C19843444,344.0,M1315690985,0.0
400,CASH_OUT,366390.5,C2095851642,740.0,C831026507,32836.66
544,PAYMENT,10520.56,C599949237,0.0,M1585410271,0.0
372,PAYMENT,43292.97,C66236192,545783.69,M1208302316,0.0
397,PAYMENT,18230.81,C1757133952,129484.0,M2038470151,0.0
394,CASH_IN,4229.6,C127482999,10459596.18,C2089760139,3456111.28
356,CASH_OUT,105877.6,C943537136,14802.0,C1964149366,31459.23
377,CASH_IN,58854.13,C1767853304,3766268.92,C137014627,202257.59
372,TRANSFER,1720122.01,C998014423,395.0,C864382899,4235034.03
429,CASH_IN,327260.2,C677406792,5879769.91,C1793854209,15782222.87
621,TRANSFER,6038051.03,C1986822150,6038051.03,C432052755,0.0
687,TRANSFER,33002.94,C1826560112,0.0,C644245834,701639.06
377,CASH_OUT,123562.47,C1722518830,0.0,C1560679561,1513429.26
402,PAYMENT,13354.24,C717663259,124347.0,M286086220,0.0
405,TRANSFER,424577.94,C1788143265,0.0,C1510928019,1389027.54
563,PAYMENT,357.2,C1270484213,21345.0,M12523752,0.0
404,TRANSFER,381894.7,C1852139728,0.0,C1927975953,1300120.88
439,CASH_IN,100047.98,C1756549121,6015356.22,C1632208252,505332.33
396,PAYMENT,8869.77,C545694665,0.0,M1948579513,0.0
359,PAYMENT,24473.46,C457178924,0.0,M1315785976,0.0
358,PAYMENT,4287.96,C958837725,0.0,M1780516654,0.0
376,CASH_OUT,209909.14,C1036351258,0.0,C1209558764,592276.0
395,CASH_IN,149054.22,C425476489,22599100.04,C1949923301,461419.35
690,CASH_OUT,80019.22,C886147315,0.0,C330175136,4004781.93
471,CASH_OUT,53889.88,C402573614,101094.0,C507451548,631451.53
402,PAYMENT,20597.38,C206050364,67989.0,M1667402328,0.0
644,PAYMENT,21355.18,C361026688,402799.0,M380836141,0.0
400,PAYMENT,39419.39,C1176066844,130123.0,M1440259224,0.0
404,PAYMENT,11093.16,C1902103011,0.0,M325336195,0.0
500,CASH_IN,150342.18,C761321888,2520357.89,C1534936220,868575.92
406,CASH_OUT,77870.29,C625668205,0.0,C1933647916,3248953.01
431,PAYMENT,5428.82,C1877066603,20007.0,M1225741383,0.0
378,PAYMENT,8027.4,C205038476,0.0,M1349023641,0.0
400,CASH_IN,85603.79,C1191349785,6241123.16,C346019040,318141.88
396,PAYMENT,50259.95,C1441127858,0.0,M463103145,0.0
403,PAYMENT,7805.89,C1031058502,0.0,M1494571145,0.0
709,PAYMENT,20807.72,C865744880,105050.0,M1888616178,0.0
404,PAYMENT,10469.55,C1764749362,18125.88,M898589846,0.0
400,CASH_OUT,263745.11,C792745438,3046.0,C554027837,117595.53
695,PAYMENT,8993.89,C1507747500,20714.0,M1010807633,0.0
403,CASH_IN,85508.67,C1921671474,11161.0,C775179029,0.0
356,PAYMENT,566.36,C1561721441,202130.0,M1926351724,0.0
691,CASH_IN,91659.45,C199375381,2337900.18,C2022374563,200691.76
394,PAYMENT,274.04,C1102463325,7431.43,M79183049,0.0
522,PAYMENT,4002.91,C869934752,7011.0,M58635622,0.0
598,PAYMENT,15303.49,C1880926262,2008.0,M2085960903,0.0
376,CASH_OUT,18988.74,C453459004,41895.0,C1245966132,494497.65
379,PAYMENT,34983.57,C1747759386,0.0,M2042120122,0.0
371,CASH_OUT,112411.91,C50753157,109.0,C1949355274,6919113.04
596,PAYMENT,2282.47,C1176835103,3457.0,M1172428756,0.0
661,PAYMENT,7460.21,C1152763963,56377.0,M1954122043,0.0
374,TRANSFER,19671.24,C1364544570,0.0,C1616987103,26703.11
546,CASH_OUT,371862.25,C1745106269,0.0,C76539562,3414676.1
378,CASH_OUT,8884.0,C2001390272,185479.0,C1145633657,2175766.16
692,PAYMENT,10920.2,C1362081662,206758.75,M581779363,0.0
398,CASH_IN,88454.42,C2062387667,6065149.58,C1741546451,242845.95
542,PAYMENT,37385.69,C1106968979,0.0,M264428409,0.0
612,CASH_OUT,84919.92,C1764498789,0.0,C1232758775,217512.49
375,TRANSFER,945823.79,C301797693,12183.0,C280328448,601701.01
356,PAYMENT,7149.35,C1330782593,79248.0,M1637931596,0.0
402,CASH_IN,184572.8,C1660686406,50456.0,C411423326,31441.66
371,CASH_OUT,387678.35,C1704217532,21849.0,C382067173,135949.3
403,CASH_IN,176631.62,C611849595,4779750.36,C1581471073,5169935.8
370,TRANSFER,6049222.49,C1874246453,184280.0,C696920398,27195.16
403,CASH_IN,3728.17,C1918101550,107625.0,C995425393,0.0
379,TRANSFER,8317724.27,C2084166173,8317724.27,C1399946131,0.0
396,CASH_IN,362470.88,C1264780024,166631.0,C176634708,4976085.15
400,CASH_OUT,303390.16,C1380926921,0.0,C1417589066,660243.61
522,PAYMENT,20408.61,C1404325291,269302.05,M1664041983,0.0
402,CASH_OUT,268580.11,C399246672,10835.0,C2092983567,258036.88
382,CASH_IN,85574.78,C80463680,888739.57,C346880788,3585686.53
396,CASH_IN,437008.26,C605619406,2006265.71,C1883733036,7470860.1
598,CASH_OUT,453699.35,C2031919983,453699.35,C1529830954,1321758.82
376,CASH_OUT,29972.01,C146949769,30994.0,C688547271,83892.11
589,CASH_OUT,60105.09,C610082101,106148.0,C137645558,151045.48
359,PAYMENT,6580.24,C1812182490,51038.0,M481439430,0.0
705,CASH_IN,31709.88,C1538387209,11149.0,C1287979040,3147369.27
380,CASH_IN,80951.97,C1478811435,9665929.07,C946805111,4827313.23
398,CASH_IN,263424.98,C1180665952,5893634.77,C1170703559,787677.37
492,TRANSFER,1059682.92,C937734682,1059682.92,C122818160,0.0
378,CASH_OUT,328566.24,C1603899494,3070.0,C1588381112,752155.43
358,PAYMENT,11043.46,C24627495,0.0,M1721595690,0.0
378,CASH_IN,238450.62,C1422313384,53852.0,C1995121002,916963.52
544,CASH_IN,83259.25,C419564897,4585323.74,C300366110,4548359.78
397,PAYMENT,14638.91,C614953287,0.0,M2126978057,0.0
381,PAYMENT,4043.59,C1350455661,0.0,M679784702,0.0
381,TRANSFER,693713.71,C1440711035,0.0,C1212228711,1531278.99
395,CASH_OUT,139128.31,C1490383406,623.0,C675928769,617877.81
395,PAYMENT,9898.63,C1140466143,0.0,M1774058537,0.0
500,CASH_OUT,260164.02,C1994442779,303086.0,C1562675881,488303.56
469,CASH_OUT,261340.03,C1579884955,2092.0,C1094538492,42211.1
403,CASH_OUT,218810.09,C2038283601,0.0,C1427476149,2485759.63
402,TRANSFER,836766.49,C677776379,499331.62,C2112093582,972299.61
619,PAYMENT,9768.14,C1157348093,98623.0,M875492122,0.0
378,CASH_OUT,73605.6,C943072603,0.0,C112457925,1918844.97
428,PAYMENT,2334.44,C1405740688,11873.0,M375142426,0.0
379,CASH_OUT,199867.87,C1722483750,0.0,C1067787125,2415345.94
396,CASH_OUT,184474.54,C1905117087,0.0,C1458030873,1031035.06
370,PAYMENT,12730.01,C761828025,33019.79,M1689973079,0.0
380,PAYMENT,10152.62,C161167319,100870.0,M58083536,0.0
599,TRANSFER,306675.37,C557227834,306675.37,C1797206393,0.0
397,PAYMENT,11081.61,C1253496432,0.0,M696198889,0.0
400,CASH_OUT,274328.41,C2017310533,6138.95,C488493081,3121431.31
493,TRANSFER,1242156.62,C510500520,1715.0,C1252365772,269148.96
370,CASH_OUT,391103.36,C1198205051,10431.0,C1830265158,0.0
474,CASH_IN,17188.39,C211949468,896398.43,C1035320203,316992.65
469,CASH_OUT,223558.3,C1913235785,27876.0,C1589177865,0.0
370,PAYMENT,1321.93,C1401720002,0.0,M1061388781,0.0
594,CASH_OUT,105851.48,C1235157272,34056.0,C938983865,0.0
403,TRANSFER,319842.91,C739136233,0.0,C564375616,808241.13
384,PAYMENT,8440.52,C408955365,15444.0,M59860927,0.0
546,CASH_OUT,165284.98,C861864774,0.0,C609512509,3970666.03
398,TRANSFER,31334.57,C2082183207,31334.57,C1631331528,0.0
419,CASH_IN,328191.53,C121886720,4174769.36,C199849008,339389.59
380,CASH_OUT,213657.48,C279676063,0.0,C387527246,483639.88
396,PAYMENT,25077.29,C831087014,30431.0,M187325873,0.0
403,CASH_IN,158126.82,C936911863,14373.0,C1683873959,0.0
395,PAYMENT,5992.35,C537629123,0.0,M1323334279,0.0
380,PAYMENT,56913.25,C365742666,0.0,M838185780,0.0
423,CASH_IN,64067.94,C1061777516,14410.0,C2005141121,125517.37
374,PAYMENT,13135.46,C469110884,0.0,M771846304,0.0
396,CASH_OUT,230392.29,C168925601,35339.0,C739997860,0.0
715,CASH_OUT,94374.14,C69631759,31686.0,C50687639,1919876.6
375,CASH_OUT,412750.44,C154484222,21128.0,C2137617615,1953868.4
385,PAYMENT,1978.97,C1209478912,313845.0,M554219369,0.0
545,PAYMENT,5206.92,C267263386,5579.0,M294695459,0.0
397,PAYMENT,58423.14,C188954143,169.0,M11589295,0.0
358,CASH_IN,94285.66,C643109955,18432.0,C941801216,0.0
357,PAYMENT,2045.74,C892541146,0.0,M1090455143,0.0
378,CASH_OUT,13051.93,C1253724966,10397.0,C1119659862,1064102.02
574,CASH_OUT,157511.32,C1454358109,18734.23,C279152075,400701.47
371,TRANSFER,178479.85,C846900486,0.0,C866989256,594406.5
356,CASH_IN,54086.27,C1105768252,7116331.96,C965207655,224022.08
369,CASH_IN,206795.08,C2085151661,1322395.81,C1887374844,354360.18
382,PAYMENT,695.93,C1941182728,2504.0,M1539619014,0.0
469,TRANSFER,351094.37,C338358967,0.0,C686246094,1008016.26
369,CASH_IN,13709.47,C1258238349,1687.0,C584855562,0.0
399,PAYMENT,21290.21,C1368953503,129.0,M1073843789,0.0
370,CASH_IN,129513.36,C1696678398,2377585.74,C1865144538,1093114.45
582,TRANSFER,1270565.77,C2113990819,1270565.77,C529741331,0.0
378,CASH_OUT,3412.04,C52120872,0.0,C1759747388,173290.23
376,PAYMENT,9316.75,C228629924,957.12,M1617694235,0.0
375,PAYMENT,23116.13,C192479849,1921.0,M859856244,0.0
374,PAYMENT,12944.93,C429159888,60221.17,M1495812625,0.0
378,PAYMENT,2584.65,C811796834,72231.79,M1101863574,0.0
371,CASH_OUT,378656.63,C1193519472,50456.0,C1607636627,42337.48
548,PAYMENT,9455.82,C1374702585,62222.0,M1253149557,0.0
525,DEBIT,3537.11,C1244298708,30919.0,C1182046380,4143790.99
393,CASH_OUT,620724.41,C2073269493,0.0,C856976564,3890715.78
393,PAYMENT,11362.1,C1465351514,0.0,M391286846,0.0
403,CASH_IN,398041.11,C1650435261,2784.0,C1365395616,263960.46
380,CASH_IN,246384.21,C1198101763,62401.0,C186510252,0.0
394,PAYMENT,29886.26,C1723283319,0.0,M1063980849,0.0
401,CASH_OUT,242263.13,C1864517275,137.0,C227107314,76960.81
378,CASH_IN,321838.19,C878369014,15462.0,C1678099202,639293.04
382,PAYMENT,1746.14,C181014438,0.0,M943891938,0.0
648,TRANSFER,1086227.44,C1889568678,1086227.44,C1906681343,0.0
357,CASH_IN,134345.52,C1132331534,0.0,C609263382,6396666.01
546,TRANSFER,534158.52,C1792498833,534158.52,C1687427333,0.0
471,PAYMENT,9216.83,C2006060647,0.0,M182338467,0.0
358,PAYMENT,18557.6,C1784114770,8085.0,M1637828336,0.0
398,PAYMENT,2013.94,C1331246011,24695.0,M1516594005,0.0
640,TRANSFER,46973.96,C1365004104,46973.96,C724484152,0.0
407,PAYMENT,13022.35,C948806574,54167.0,M388896664,0.0
371,CASH_OUT,216522.03,C208400478,15617.0,C1281809219,0.0
378,CASH_IN,262130.32,C1857510589,3345336.96,C2082520809,559345.92
393,CASH_OUT,224749.1,C1262793476,0.0,C710104531,958552.36
381,PAYMENT,6279.15,C2034942986,325.0,M671913778,0.0
695,PAYMENT,4211.4,C856415290,52079.0,M1298364457,0.0
377,CASH_IN,31062.69,C363423753,4917614.3,C108993453,123555.92
381,TRANSFER,1929291.82,C1020612011,0.0,C270335573,28110221.56
608,TRANSFER,27985.73,C1047942249,27985.73,C2050212137,0.0
375,CASH_OUT,19924.38,C1082923222,0.0,C223698951,132145.39
403,PAYMENT,8624.34,C1120498314,0.0,M1436546431,0.0
514,CASH_OUT,352417.3,C315522912,18336.0,C1722883468,9747205.21
416,PAYMENT,4745.89,C862940106,0.0,M336433710,0.0
400,PAYMENT,8618.75,C1571153407,19549.0,M1942937149,0.0
374,CASH_OUT,73722.36,C2063028192,0.0,C987810193,600134.07
378,CASH_IN,38404.21,C16192898,1467115.5,C1291407071,214247.05
403,CASH_OUT,94872.86,C1946435449,3286.0,C556719004,0.0
492,CASH_OUT,95265.22,C881799987,66481.0,C961501182,0.0
369,CASH_IN,383509.67,C449882212,612949.06,C1422170461,1026394.45
590,CASH_OUT,109497.92,C295565182,32262.0,C640362558,12530.89
357,CASH_IN,56149.32,C907064159,17028.0,C133008087,0.0
495,CASH_IN,375145.27,C1041040634,6994739.07,C1649727788,816978.4
404,CASH_IN,265873.12,C1569494907,5186.0,C1519899745,0.0
375,CASH_OUT,12631.16,C415893792,0.0,C926553638,250650.76
371,CASH_IN,55260.65,C1535899244,6273919.06,C1184643720,6710732.9
401,CASH_IN,85481.63,C1089316085,783.0,C1696698872,46878.0
356,PAYMENT,13199.15,C177541461,171171.02,M1503408093,0.0
395,PAYMENT,2194.87,C1987768645,0.0,M1779163134,0.0
401,CASH_OUT,4811.94,C639876728,0.0,C1680971511,748266.78
397,CASH_OUT,141522.46,C2022535357,0.0,C2144913880,355252.9
548,CASH_OUT,601058.84,C683300264,227839.52,C854731806,1215811.74
379,CASH_OUT,313776.21,C1628082798,55256.0,C262089102,54079.49
375,CASH_IN,189473.7,C2093319443,36937.39,C687748607,335199.98
377,PAYMENT,6310.45,C1350715737,50591.0,M467522265,0.0
397,CASH_OUT,169545.3,C1605534174,0.0,C1461977492,509829.47
397,PAYMENT,58977.69,C1243873314,690.0,M463978818,0.0
397,CASH_OUT,167608.83,C548093556,95759.0,C1692189503,410038.05
396,CASH_OUT,51042.67,C2129878420,51388.0,C1856637937,0.0
594,PAYMENT,7932.47,C86230497,11061.0,M612802977,0.0
357,PAYMENT,13314.07,C735095876,0.0,M1451844949,0.0
597,CASH_IN,195773.04,C1472963572,5171679.98,C110016281,348215.14
594,DEBIT,6618.5,C1196773746,411627.0,C414525916,5085170.19
403,CASH_OUT,178965.72,C43161859,0.0,C700684017,1438653.08
371,TRANSFER,1664280.4,C1827344791,69591.0,C556394930,303567.08
402,CASH_OUT,267018.14,C590041674,0.0,C1092848741,652559.38
393,CASH_OUT,386585.07,C1767081114,728.0,C871688172,441645.81
403,CASH_OUT,225903.97,C35559355,20316.97,C1147968588,10551894.61
722,CASH_OUT,1158396.74,C366293837,1158396.74,C2121955514,0.0
526,PAYMENT,1987.16,C1266491032,0.0,M1263783962,0.0
592,CASH_OUT,201013.81,C377411014,9064.0,C2011608506,348801.5
408,PAYMENT,2682.57,C2054561091,712.0,M1364337010,0.0
376,PAYMENT,20527.87,C1286669998,205612.0,M925794646,0.0
474,CASH_OUT,40633.88,C259551399,32696.0,C761659053,232076.41
401,CASH_IN,191456.31,C299823740,4617.0,C1639077939,0.0
381,CASH_IN,198604.05,C840499011,5085648.22,C410282345,12698275.91
393,PAYMENT,49275.51,C1058919374,3187.0,M882046541,0.0
396,PAYMENT,5893.04,C266325960,0.0,M1159054789,0.0
557,CASH_OUT,839077.79,C1046755509,839077.79,C758775934,0.0
406,TRANSFER,403928.3,C1640706710,46519.0,C662427881,466262.75
690,CASH_OUT,411729.9,C1526876207,0.0,C1042580550,1257826.2
403,CASH_IN,228999.88,C113196301,14186640.68,C1613203088,518212.55
379,CASH_IN,264134.44,C868621341,10649808.37,C1170717360,310726.98
356,CASH_OUT,269580.62,C1742370445,0.0,C414611117,737615.74
371,CASH_OUT,46834.45,C1036341047,0.0,C1277401169,315766.49
374,CASH_OUT,80342.86,C1649057627,633138.0,C754779813,1901440.46
374,PAYMENT,17990.31,C68610219,4633.83,M1000609957,0.0
408,CASH_OUT,95171.71,C1401996714,30016.0,C728010881,10334.1
476,CASH_IN,118080.27,C167045006,632254.45,C872124694,163443.89
380,CASH_IN,61817.31,C665836763,51029.0,C587887828,3386148.84
373,PAYMENT,38926.09,C841199381,197.0,M2020688612,0.0
380,CASH_OUT,263701.05,C403644281,10269.0,C1303835150,939225.97
372,PAYMENT,25767.97,C922380454,234705.0,M1751543228,0.0
373,CASH_IN,63032.35,C2145820469,7352784.58,C898875150,130382.54
374,CASH_IN,154480.12,C891389549,10116.0,C1960545452,1893622.65
619,PAYMENT,2568.84,C1578856501,7116.0,M838728816,0.0
407,CASH_IN,205116.17,C1132329964,2347217.95,C2039590579,1212905.97
398,TRANSFER,2326304.54,C1298197251,0.0,C824197891,10919210.6
587,CASH_OUT,267237.4,C1960916344,0.0,C1893858406,767412.45
399,CASH_IN,594954.75,C1101705575,2007387.99,C1676791471,2000249.96
664,CASH_OUT,180021.56,C512708052,6595.0,C1718848488,2038475.92
544,CASH_OUT,315366.17,C1867759332,55496.0,C945060534,724917.8
407,PAYMENT,489.08,C814309712,34860.0,M1723110986,0.0
403,CASH_OUT,280805.24,C764793358,0.0,C929013468,3872658.93
400,TRANSFER,1913327.0,C529583543,198251.0,C1201169347,0.0
400,CASH_OUT,73141.3,C1632094058,51701.0,C1915412171,8130968.17
373,CASH_OUT,120910.01,C1874281355,538.0,C323995840,23142.41
476,PAYMENT,3988.69,C788926981,38121.0,M284002826,0.0
664,CASH_IN,354709.43,C1524452028,37779.0,C109313662,81582.06
402,CASH_IN,58859.32,C125681494,10194635.22,C876153644,924076.45
546,CASH_IN,8427.48,C965873704,7827177.62,C1403705464,30850.67
374,PAYMENT,8460.49,C642527820,11234.0,M1034986651,0.0
517,CASH_IN,433668.34,C121622608,5581.0,C829858658,0.0
584,CASH_IN,35075.88,C89821733,3899156.18,C107340382,221087.16
400,CASH_IN,160773.78,C1280769540,10467501.81,C476890519,170836.27
397,CASH_OUT,56135.74,C405766204,0.0,C117533633,1469561.11
589,PAYMENT,10899.87,C576355952,270003.52,M1095100605,0.0
546,CASH_OUT,29573.05,C1541278113,21848.0,C1795461530,8726.4
402,PAYMENT,63690.49,C586930549,103707.0,M446655738,0.0
369,CASH_IN,210935.41,C2141425804,6055788.17,C644298994,6118109.27
404,CASH_OUT,372912.18,C99195905,0.0,C1287482410,549853.39
393,CASH_IN,141652.51,C1068072695,79959.0,C1709059329,0.0
548,CASH_OUT,90934.43,C1961120062,15676.0,C1182642610,1404280.0
394,TRANSFER,1974635.3,C602465690,0.0,C157301035,2416142.74
393,CASH_IN,453638.77,C1984031407,79278.0,C1566162078,2989403.99
545,CASH_OUT,217753.67,C1084208648,100670.0,C1220324024,672447.16
398,PAYMENT,24617.71,C1288687189,11947.0,M1245482011,0.0
371,PAYMENT,20456.61,C187823990,91412.0,M1884882001,0.0
402,CASH_OUT,127156.49,C1342244082,127156.49,C627190872,0.0
379,TRANSFER,121933.29,C36353401,0.0,C1535455481,3102058.48
401,CASH_OUT,141904.41,C1913965178,0.0,C153976765,958478.4
370,CASH_OUT,484533.68,C418540926,60350.0,C669078140,0.0
378,CASH_OUT,26982.26,C779030870,0.0,C261243342,350991.66
542,CASH_OUT,393472.79,C1591105545,50465.0,C1725535918,0.0
400,TRANSFER,745191.97,C102735567,54.0,C242693185,0.0
379,PAYMENT,2657.43,C363040040,111774.35,M1913831571,0.0
394,CASH_OUT,207190.97,C1851465763,210621.0,C1323513884,128227.44
357,TRANSFER,71872.43,C512305148,0.0,C1699301595,4507819.08
402,CASH_OUT,266596.83,C572724346,0.0,C1608106215,304515.78
396,PAYMENT,36612.06,C1180768517,197862.12,M527093069,0.0
476,CASH_OUT,78545.05,C1516591273,157077.0,C1890830127,0.0
403,CASH_OUT,78378.91,C2038901962,22185.0,C1908863749,887370.81
395,CASH_OUT,94681.43,C515916228,19048.0,C1606277816,0.0
586,PAYMENT,4331.35,C1349346377,0.0,M943591712,0.0
403,CASH_OUT,141554.65,C1378001627,0.0,C1392256128,213573.24
362,CASH_OUT,79290.67,C200530145,3061.34,C1316128329,149564.03
376,CASH_OUT,210405.8,C1094839760,33734.0,C310335950,0.0
709,CASH_OUT,267853.57,C1129778458,27628.0,C93867906,190274.6
400,CASH_OUT,207776.95,C1963355579,0.0,C1021490808,6734263.37
383,PAYMENT,10741.19,C1375863683,106469.0,M91965890,0.0
598,PAYMENT,6548.76,C970356974,0.0,M1395995687,0.0
588,CASH_OUT,166329.87,C494416085,41664.0,C1794695710,38071989.05
692,TRANSFER,299153.04,C1630587674,0.0,C1986852413,358378.35
378,CASH_OUT,128323.49,C1779975166,116663.0,C1814807107,460296.11
550,CASH_IN,49422.22,C1565571818,176428.0,C1767221525,968279.02
405,PAYMENT,18389.63,C489214217,0.0,M1498445640,0.0
361,CASH_OUT,104502.12,C634243376,0.0,C1952313687,2620716.94
380,CASH_OUT,21045.05,C1167072747,31021.0,C1893038979,0.0
375,PAYMENT,26635.55,C373005707,0.0,M2058617937,0.0
549,PAYMENT,4882.09,C1698806243,21694.0,M1408260670,0.0
404,CASH_OUT,129971.92,C373926054,15236.0,C1540026917,0.0
448,CASH_IN,309622.76,C1080399029,3882081.24,C1623409786,847907.82
393,CASH_OUT,191429.41,C310958848,406170.0,C272003706,31454.17
525,PAYMENT,40280.1,C1401869724,22437.0,M582061237,0.0
370,CASH_OUT,188396.72,C1404604176,0.0,C1628064681,576531.06
379,CASH_IN,151008.08,C1721659774,9213196.86,C1167669318,1345060.89
393,CASH_IN,35008.39,C1628382897,11648823.39,C653795059,446688.66
374,CASH_OUT,169054.11,C1973454895,220.0,C1384732441,269478.63
362,CASH_IN,75817.96,C258331520,6125739.39,C234198764,500593.63
597,CASH_IN,264399.6,C1960649034,541435.97,C138341691,1019687.12
403,PAYMENT,6211.29,C1161271994,20559.0,M288286299,0.0
404,CASH_OUT,116025.57,C1692906904,0.0,C451309940,5621796.34
369,PAYMENT,3756.45,C65068154,0.0,M913009521,0.0
371,PAYMENT,41087.64,C554157439,0.0,M1435357896,0.0
380,CASH_IN,129177.4,C445931806,22807682.1,C749075121,614284.7
408,CASH_OUT,264967.64,C419064964,79046.63,C1536943635,1381507.75
374,CASH_IN,49245.07,C1886873176,169262.0,C1935252180,0.0
683,CASH_OUT,83334.08,C149285282,204006.0,C1443223829,339809.54
527,PAYMENT,13840.72,C8326879,203379.71,M813664250,0.0
372,CASH_OUT,77842.24,C1087740338,0.0,C282384834,80427.43
517,CASH_OUT,11727.86,C821380750,11121.0,C1926003537,44701.23
393,CASH_OUT,27833.93,C2007324527,0.0,C950946907,126183.15
564,PAYMENT,2824.34,C1354049019,159397.35,M1477717494,0.0
378,CASH_OUT,84544.76,C2116415550,0.0,C1999634030,267295.26
715,TRANSFER,349482.39,C853091614,1222.0,C1050301520,975036.14
407,PAYMENT,8399.74,C13364330,10069.0,M2065149770,0.0
396,CASH_OUT,898.8,C2094845693,1153.0,C1825761477,0.0
370,CASH_IN,127312.52,C384528183,2392898.86,C1997717353,465766.51
405,PAYMENT,7659.07,C1385251285,447510.04,M362154508,0.0
377,CASH_IN,194263.82,C1503424296,2789268.47,C1296219014,583026.92
401,PAYMENT,14.79,C792417519,0.0,M347661573,0.0
403,CASH_IN,347331.22,C1266045187,12596.0,C1928100237,309467.35
369,TRANSFER,941232.77,C1154291963,0.0,C700512925,2392216.21
375,PAYMENT,1426.57,C115712312,50543.0,M342112776,0.0
538,PAYMENT,2351.61,C490549398,0.0,M1649837690,0.0
396,PAYMENT,36645.44,C981321778,35.0,M1119471483,0.0
406,PAYMENT,12819.24,C1005951064,9212.0,M1534132788,0.0
573,PAYMENT,10987.84,C1498600100,21495.0,M404881900,0.0
371,PAYMENT,44366.07,C1220315965,11312.0,M1212332458,0.0
371,CASH_OUT,189682.45,C1532060342,0.0,C1663832806,245096.44
397,CASH_OUT,85920.13,C1994475871,0.0,C1589608184,4714565.7
381,TRANSFER,1063348.82,C1385141684,0.0,C438565548,1547709.16
574,CASH_IN,89096.23,C300282846,447.0,C1174671466,29624.94
397,PAYMENT,42138.96,C492819273,195044.19,M563463800,0.0
545,CASH_OUT,243269.54,C537621827,5584.0,C379108154,78048.51
688,TRANSFER,665834.65,C1125933875,0.0,C782305606,3381197.61
375,TRANSFER,140361.02,C903248184,0.0,C193758137,287610.7
407,CASH_OUT,74831.4,C9963626,4642.81,C505987701,288527.41
684,PAYMENT,34331.54,C1176102886,100661.0,M1135786753,0.0
395,CASH_IN,111530.76,C1049523613,1760247.23,C2063144680,389756.01
360,CASH_IN,172892.71,C692427141,5747850.59,C64906918,181962.97
381,PAYMENT,31110.76,C223198627,367034.13,M999547990,0.0
550,PAYMENT,13984.11,C943843133,5323.0,M496566099,0.0
398,PAYMENT,11534.38,C485240414,0.0,M2075571226,0.0
397,CASH_OUT,171793.38,C547996947,0.0,C15654840,811129.29
379,CASH_OUT,82236.14,C1171862465,0.0,C1031514950,1500682.05
406,CASH_IN,412333.55,C1548744192,3095598.25,C1226511220,463497.43
646,TRANSFER,10000000.0,C130070267,40399045.08,C970791522,0.0
395,PAYMENT,7572.15,C2134060273,0.0,M1199716854,0.0
542,CASH_IN,64884.39,C1471521059,3394527.92,C318348296,333213.4
588,CASH_OUT,6750.89,C44703918,275503.3,C1742930465,6053644.84
405,CASH_IN,3510.73,C68677284,383450.0,C1094026813,583923.67
564,CASH_OUT,320977.49,C987967282,320977.49,C94618150,0.0
407,PAYMENT,4771.57,C15163252,0.0,M197812618,0.0
596,PAYMENT,16704.46,C1602827634,6310.0,M837270030,0.0
372,TRANSFER,1378880.42,C160502512,0.0,C1861279629,10420893.91
358,PAYMENT,29395.22,C1392317537,0.0,M924432133,0.0
725,TRANSFER,123259.24,C1518086244,123259.24,C1924072555,0.0
688,PAYMENT,14610.63,C1309277212,0.0,M147260816,0.0
395,TRANSFER,471154.45,C47140740,10756.0,C2106202998,1150877.96
369,CASH_OUT,126288.82,C1820409703,22063.0,C967233077,1592582.98
373,PAYMENT,11853.16,C1511703004,151170.0,M1917695859,0.0
565,CASH_IN,319016.39,C60566167,10816.0,C375805993,235715.08
402,CASH_OUT,199816.48,C38820381,0.0,C1825707070,212600.59
406,CASH_IN,101116.08,C1247076371,1341888.63,C526091098,1497806.53
565,CASH_OUT,226522.2,C1310935517,192.0,C879979419,322020.2
379,PAYMENT,24642.13,C105537875,336108.0,M1136689981,0.0
380,CASH_OUT,71302.62,C1999265642,12675.0,C1272189075,7051.88
370,CASH_OUT,129058.25,C1476458037,40041.0,C248091557,247448.58
380,CASH_OUT,48141.86,C1826392204,11030.0,C3174973,17337.49
698,CASH_OUT,2184556.65,C679742636,2184556.65,C1476073685,734500.25
692,PAYMENT,11712.16,C1016233790,0.0,M1568971360,0.0
401,PAYMENT,11719.85,C1991637823,434.0,M1492468980,0.0
552,CASH_IN,176583.96,C217740580,2459136.75,C1363736600,542850.2
396,PAYMENT,28643.7,C983475893,127484.0,M1739274716,0.0
597,CASH_OUT,489310.18,C1997773123,0.0,C2137670620,759368.19
395,CASH_OUT,206799.25,C292284286,4177.0,C1274581774,39861.37
376,TRANSFER,2751208.86,C1607765994,35992.0,C1404563377,228130.97
452,CASH_IN,8074.3,C834497493,476270.32,C1581957867,698093.28
400,CASH_OUT,23908.74,C107972440,269206.0,C1111547500,0.0
735,TRANSFER,256417.06,C383197535,256417.06,C316531144,0.0
395,CASH_OUT,386720.52,C312638719,0.0,C800379254,4702869.47
379,CASH_OUT,90308.5,C591023216,0.0,C2029031212,2911360.17
399,CASH_IN,158507.39,C14243454,4252345.2,C2107961855,2588575.12
372,PAYMENT,6785.87,C1086510568,92495.08,M1520095977,0.0
356,PAYMENT,12489.02,C478790870,0.0,M1822172861,0.0
588,CASH_OUT,33896.03,C412389581,0.0,C661217682,87372.61
596,PAYMENT,13999.43,C321832267,0.0,M969146187,0.0
372,CASH_OUT,27125.47,C574181523,391865.0,C807945046,414488.66
371,CASH_IN,18296.39,C784150043,2938146.62,C2003051473,895807.41
598,PAYMENT,6898.64,C1453789688,46407.0,M1555518945,0.0
404,PAYMENT,25806.33,C682841553,0.0,M1745452010,0.0
431,PAYMENT,1526.15,C1739383790,23577.0,M1236816145,0.0
596,CASH_OUT,91652.88,C177306408,1801.0,C241780622,13307.15
402,PAYMENT,15141.17,C56121622,0.0,M1223740908,0.0
396,PAYMENT,7167.5,C1909805872,0.0,M1084429043,0.0
378,CASH_IN,222789.18,C125138112,0.0,C152664056,1684507.98
394,CASH_IN,502113.78,C1455352984,6135641.94,C613113600,925072.46
544,PAYMENT,21579.68,C1323119379,24518.0,M888968965,0.0
589,CASH_IN,124576.94,C1438962064,384295.58,C652033745,8770811.52
371,CASH_IN,6645.65,C786113824,0.0,C774278918,76451.74
378,CASH_IN,332432.76,C748626989,758.0,C192029359,0.0
393,CASH_IN,33913.97,C1010551443,10029.0,C420671323,0.0
455,PAYMENT,23609.12,C2094331919,12216.32,M1877970521,0.0
406,CASH_IN,205099.61,C586635935,1241230.78,C949277642,509716.93
381,PAYMENT,17699.37,C1299268907,0.0,M1752805830,0.0
360,TRANSFER,56372.95,C351558803,0.0,C203820708,4739665.01
357,CASH_OUT,70566.94,C1505155244,0.0,C1949944442,2925528.91
395,CASH_OUT,99334.1,C325776423,0.0,C1067405817,690036.18
617,PAYMENT,206.43,C62882249,0.0,M2140176041,0.0
577,CASH_OUT,1396824.94,C1626069370,1396824.94,C724673427,25923.43
356,CASH_IN,9760.62,C13806955,3502731.56,C2020791986,98733.98
594,CASH_IN,229146.81,C459698578,6115434.31,C1702963597,3511658.32
567,CASH_IN,43167.83,C1914351877,46609.0,C1164648757,2944376.07
403,CASH_IN,364763.76,C769527331,19817.0,C1373604527,129642.94
381,PAYMENT,15868.24,C6272766,0.0,M193649424,0.0
522,TRANSFER,1366108.2,C1568031771,166399.0,C1235524075,116166.79
659,PAYMENT,7087.06,C2021568397,384482.75,M1037293644,0.0
406,CASH_IN,16442.39,C231380025,39770.0,C1671383427,0.0
372,PAYMENT,2997.97,C955561697,0.0,M291586831,0.0
382,CASH_IN,4978.45,C819884606,17808823.32,C1310575526,250538.41
402,CASH_IN,134093.48,C1802830426,2210.0,C1911247505,235769.75
378,CASH_IN,343266.18,C2138608645,4823479.73,C421279377,2775047.13
524,CASH_OUT,47664.18,C67636490,0.0,C1555135145,1422350.25
359,CASH_OUT,513507.05,C293255829,0.0,C1922238239,601163.07
396,CASH_IN,434570.58,C782729042,2262711.7,C1849235301,906161.16
379,PAYMENT,22817.27,C490133101,0.0,M1827367582,0.0
522,TRANSFER,215317.68,C1443195246,0.0,C400263479,1174217.23
363,TRANSFER,216534.86,C152821682,216534.86,C580582167,0.0
487,CASH_IN,32554.2,C1327755107,143.0,C2052362494,0.0
371,CASH_IN,67493.22,C1782397363,21797.0,C1606167694,610697.68
400,CASH_IN,171805.09,C2108178810,79459.86,C2019943212,2938942.79
395,TRANSFER,203916.73,C1430877604,11108.0,C1629059700,0.0
359,CASH_OUT,230954.49,C1533719863,0.0,C2127012215,1555782.8
429,CASH_IN,174431.32,C506244367,8149500.46,C901863108,3470606.11
403,TRANSFER,99631.02,C894974240,0.0,C1216900864,1368659.0
538,TRANSFER,827711.88,C2119269095,0.0,C358039298,2563146.43
525,CASH_OUT,144320.44,C2092409205,165555.0,C1847502358,266855.78
522,PAYMENT,4403.52,C146612280,199191.0,M158120014,0.0
403,CASH_OUT,128687.03,C386829916,0.0,C655207439,1726572.79
401,PAYMENT,22366.98,C1834705553,90267.0,M2006108355,0.0
404,PAYMENT,16593.17,C1465337262,0.0,M283208687,0.0
370,PAYMENT,37121.69,C1547357989,0.0,M662479109,0.0
691,TRANSFER,407894.48,C762975704,0.0,C481268139,1064579.5
381,CASH_IN,66748.59,C1047424273,0.0,C1149793782,2273078.21
396,CASH_OUT,97529.99,C411457956,0.0,C108574474,618251.97
659,TRANSFER,425905.62,C1080809819,0.0,C1209355171,3708240.17
370,CASH_OUT,202850.72,C670204129,36992.79,C262470619,349845.14
495,PAYMENT,14720.27,C406197271,0.0,M61033208,0.0
594,CASH_OUT,240118.99,C1373324941,17301.0,C1379174311,12344773.84
403,PAYMENT,33355.38,C1365779009,236024.94,M348661983,0.0
379,CASH_IN,43169.27,C1513034105,72196.0,C1342753725,0.0
401,CASH_OUT,165536.36,C5203829,0.0,C886345005,341530.54
356,CASH_OUT,74818.71,C998484726,0.0,C2111178722,364047.32
399,CASH_OUT,254769.93,C1793980036,0.0,C790879192,3067326.53
404,CASH_OUT,176614.16,C236114507,49703.0,C1548990881,0.0
370,PAYMENT,1223.56,C1647307204,0.0,M1464963572,0.0
589,TRANSFER,216190.93,C1481181330,0.0,C901589280,1219151.7
402,CASH_IN,252936.16,C123647346,151.0,C1425092476,62508.4
525,PAYMENT,999.27,C306671093,0.0,M738923987,0.0
373,PAYMENT,30935.55,C1770358282,0.0,M148405623,0.0
378,CASH_OUT,235788.17,C634571817,85908.24,C136970717,493353.34
490,CASH_OUT,717051.53,C1661895236,647.0,C1982268377,0.0
376,CASH_OUT,241876.55,C347805219,0.0,C1390877485,1980751.15
377,CASH_OUT,237156.61,C402198301,30039.0,C632889745,1780616.41
382,CASH_OUT,96528.33,C1242556732,0.0,C1032830963,1359346.04
574,CASH_IN,333383.11,C1746096304,2938633.23,C278827789,8497506.45
698,TRANSFER,748726.81,C598739398,748726.81,C2062724919,0.0
372,PAYMENT,8129.51,C1519731956,0.0,M1930288937,0.0
379,CASH_OUT,153998.24,C1518162066,0.0,C1437009171,858628.59
378,CASH_IN,16738.26,C53441191,291453.45,C1506670493,856607.37
405,TRANSFER,773977.99,C409524376,0.0,C1861343965,2527219.96
661,TRANSFER,829282.37,C1797603235,0.0,C404694948,1909812.2
399,PAYMENT,68800.25,C2067261481,865754.25,M1700197826,0.0
587,PAYMENT,24871.43,C1372837611,55663.36,M1438421655,0.0
356,CASH_IN,51694.49,C39576889,9884.0,C1451149907,0.0
522,PAYMENT,3386.64,C1108950716,63108.0,M321508716,0.0
379,PAYMENT,4089.67,C1729263692,0.0,M1437319243,0.0
371,CASH_OUT,128969.15,C1565203767,0.0,C2011906793,2268082.51
379,CASH_OUT,216356.67,C271794815,31386.0,C908944220,88455.42
524,CASH_IN,240722.86,C651362305,1081590.54,C500960172,543354.35
476,CASH_OUT,132982.04,C1566088420,0.0,C1986520915,6699851.47
380,CASH_OUT,161566.25,C1619495698,0.0,C98184297,2915885.49
396,CASH_OUT,385209.65,C1503862566,0.0,C800030455,1951339.93
369,PAYMENT,5449.09,C1339093295,64235.66,M4712794,0.0
573,PAYMENT,352.98,C1064122730,2468.0,M967289484,0.0
544,CASH_IN,255488.22,C498588056,3316695.52,C1461326515,13863521.5
617,PAYMENT,5307.21,C869824382,0.0,M185822399,0.0
379,CASH_OUT,149377.4,C1019868393,0.0,C805196507,197371.88
394,CASH_IN,163584.56,C1021803559,3177895.29,C1964805409,276992.61
378,PAYMENT,11427.89,C1032915663,0.0,M236202022,0.0
381,CASH_OUT,129156.85,C1402882730,355029.0,C384987755,349996.06
596,CASH_OUT,6411.19,C1184832083,30922.0,C1182872418,68514.8
528,PAYMENT,1751.43,C821357016,0.0,M70485918,0.0
402,CASH_IN,54406.49,C369436934,925343.61,C1188170258,71833.12
375,CASH_IN,111897.72,C1278323374,22429.0,C1393755349,4219334.91
469,CASH_OUT,357160.73,C800155703,11388.0,C1578494227,68297.61
403,PAYMENT,31878.78,C1008059434,0.0,M1475600188,0.0
380,CASH_IN,188287.33,C1400846055,3051119.19,C767023217,1005178.52
382,PAYMENT,835.52,C1239422997,48410.0,M1210485420,0.0
377,PAYMENT,9952.35,C1034502255,60.0,M1714374093,0.0
382,CASH_IN,285949.24,C739025043,3176472.42,C1234306191,3317854.68
356,TRANSFER,259046.38,C2107893152,9443.0,C348568591,0.0
571,CASH_OUT,86621.89,C1408681395,0.0,C423507843,121524.23
542,CASH_OUT,243419.74,C476163535,107607.0,C486943548,0.0
397,CASH_OUT,201309.96,C1569308606,0.0,C578046014,802184.49
400,PAYMENT,29056.51,C115536580,16645.0,M968824456,0.0
637,PAYMENT,40372.2,C673180616,1492.0,M1817639069,0.0
523,CASH_OUT,120598.96,C2047262761,120598.96,C997122049,1284199.46
400,PAYMENT,45251.94,C1627678706,15940.93,M377499867,0.0
393,TRANSFER,458124.79,C491438162,0.0,C877325988,598264.58
399,CASH_IN,500670.54,C793852063,228611.0,C1923357815,611613.29
378,PAYMENT,17720.69,C1090892986,474473.03,M1516933994,0.0
400,TRANSFER,712044.76,C641383054,11032.0,C1158885093,459736.42
359,TRANSFER,199885.27,C1886631421,2057.0,C491191218,317751.27
594,PAYMENT,5197.99,C1074050232,79.0,M2036735629,0.0
398,CASH_IN,254514.87,C1277264104,2263912.2,C1417396282,3948285.46
692,CASH_IN,11873.72,C239394596,6485979.47,C1674199019,90004.38
525,CASH_OUT,69634.58,C1661392602,0.0,C737586454,131399.76
396,CASH_OUT,285059.79,C1366446147,0.0,C943006325,1574779.03
396,PAYMENT,8289.29,C563638173,206707.0,M399316928,0.0
407,PAYMENT,20581.88,C1395696397,5780.0,M1440986571,0.0
524,CASH_IN,38116.33,C474762956,6165873.64,C277840953,177386.16
378,CASH_IN,164887.68,C1161199941,11894.0,C781357884,228348.95
409,PAYMENT,3848.47,C6213154,39243.0,M488006757,0.0
400,CASH_IN,41612.25,C1577367980,3225991.37,C1478521400,697770.43
415,TRANSFER,224230.16,C1765991027,224230.16,C791615814,0.0
405,CASH_IN,48033.5,C1593161328,5723266.49,C1858792041,856982.78
707,PAYMENT,1618.93,C1528046572,65204.88,M2137076289,0.0
694,CASH_OUT,106295.99,C1139794814,0.0,C2003903288,113529.02
372,TRANSFER,1686973.44,C253153747,86459.0,C1332016118,62861.48
356,CASH_IN,8679.7,C150844430,499529.52,C175252004,11317622.48
664,CASH_IN,160862.53,C1040904940,3258019.23,C1539796959,11775176.97
401,CASH_OUT,121265.05,C2137925155,0.0,C108035866,303012.5
522,TRANSFER,8809.76,C1208768608,0.0,C668843286,73704.19
370,CASH_OUT,217867.42,C1797663986,100065.0,C1800704325,0.0
402,CASH_OUT,108533.02,C890157789,59417.0,C1936582197,267624.19
379,CASH_IN,181360.75,C82922494,2392227.12,C2090746215,1544482.11
402,PAYMENT,13313.85,C407029077,0.0,M302682026,0.0
525,CASH_OUT,208676.21,C626857380,0.0,C688208623,890700.9
546,CASH_OUT,4160.6,C1891784574,0.0,C575399998,82676.48
373,CASH_OUT,127472.86,C60949208,0.0,C1370468081,1470096.36
393,CASH_IN,261574.37,C952606875,25017.0,C197613414,469364.56
374,CASH_OUT,87676.81,C443971775,0.0,C514532893,227403.84
396,CASH_OUT,48796.99,C452895225,0.0,C723277788,1395107.65
686,CASH_IN,75952.07,C84704541,51676.0,C2023580913,134338.42
379,PAYMENT,9321.44,C1612281649,0.0,M496594784,0.0
392,CASH_OUT,542393.87,C542918191,542393.87,C308665195,0.0
402,TRANSFER,796762.03,C1474342960,0.0,C1535574769,940036.44
397,PAYMENT,21257.23,C1856246911,30562.0,M63714006,0.0
379,PAYMENT,18151.47,C154935853,11151.0,M246122242,0.0
670,PAYMENT,864.0,C745371914,0.0,M1453269672,0.0
393,PAYMENT,39483.31,C1382745511,436359.02,M459573915,0.0
372,CASH_OUT,67282.52,C995266127,343397.0,C1536647967,0.0
681,CASH_IN,312072.09,C994665391,40786.0,C614571899,69200.11
382,TRANSFER,1286105.16,C1439918533,0.0,C1863927473,1931975.69
377,CASH_OUT,127651.77,C1654522110,10896.0,C259260865,100778.57
374,CASH_OUT,53980.0,C2082188335,861.0,C474814399,1812367.17
370,PAYMENT,11287.56,C573051525,0.0,M1493389474,0.0
356,CASH_OUT,174629.64,C1957030433,0.0,C1619625894,3004879.64
405,PAYMENT,8885.9,C461440302,81307.0,M415657629,0.0
379,CASH_IN,107138.97,C1211164940,20864.0,C2095494456,0.0
410,CASH_OUT,1232013.7,C1626793558,1232013.7,C1907745534,0.0
359,PAYMENT,12873.31,C967880795,11577.0,M1961111223,0.0
493,CASH_OUT,256794.82,C1340552418,20910.0,C716201124,49163.46
395,PAYMENT,1474.21,C633637187,0.0,M1525062363,0.0
380,PAYMENT,9240.55,C903193045,16011.0,M1264267705,0.0
378,PAYMENT,10990.13,C182745915,0.0,M96732942,0.0
394,CASH_OUT,531366.96,C2063678404,0.0,C747330351,582769.42
383,CASH_IN,57296.01,C606589446,1261398.93,C1968731124,2372627.63
374,CASH_IN,88109.53,C887161845,3067504.22,C1051123820,107755.63
393,PAYMENT,11268.62,C307068170,0.0,M880657001,0.0
402,PAYMENT,1729.21,C1615028077,0.0,M1945221104,0.0
373,CASH_OUT,355335.15,C33925738,61107.78,C777064765,397305.84
399,CASH_OUT,174206.01,C1360966302,16937.33,C1769462272,203303.2
384,CASH_OUT,136903.9,C1085176958,136903.9,C1148390150,381491.83
402,CASH_OUT,285150.12,C2135546024,0.0,C1837815693,2166693.69
379,CASH_OUT,78124.69,C1657052809,50698.96,C406528323,118338.82
379,CASH_OUT,111770.0,C559925798,60015.0,C1981263493,2168801.66
402,CASH_OUT,6781.13,C1633583427,0.0,C719685385,7905103.92
517,CASH_IN,381872.51,C268633057,2620661.62,C1776314389,1046563.1
448,CASH_IN,67542.9,C455928717,2572277.99,C1406225365,306355.83
404,CASH_OUT,85564.25,C724897986,0.0,C659745288,240345.96
405,PAYMENT,5249.48,C1880565061,41204.0,M785471494,0.0
397,PAYMENT,24738.66,C97528031,0.0,M1957644477,0.0
397,CASH_OUT,251995.27,C970954239,0.0,C2041156618,511609.87
401,CASH_OUT,102035.94,C655854932,15033.0,C1928256304,1668786.96
402,CASH_IN,33048.59,C2002660227,45751.0,C1143268443,0.0
707,PAYMENT,29825.45,C1878591550,19885.0,M54800655,0.0
413,TRANSFER,8536151.16,C2060464348,8536151.16,C2079215936,0.0
375,PAYMENT,35238.06,C29889444,153474.9,M361749236,0.0
681,TRANSFER,471935.7,C1664490750,0.0,C1418544017,915531.66
714,TRANSFER,221167.84,C1378313671,221167.84,C1963510795,0.0
361,CASH_IN,212750.94,C1032421986,5534305.29,C1086216419,667821.22
381,PAYMENT,3672.33,C1270720040,16755.0,M1612626404,0.0
382,TRANSFER,594887.67,C2074901035,0.0,C1952924013,3581491.06
525,PAYMENT,7822.33,C1836621526,0.0,M111870243,0.0
395,CASH_OUT,22578.18,C1793846070,0.0,C655649323,188768.03
692,PAYMENT,7505.71,C1721197377,199161.96,M654375617,0.0
424,CASH_OUT,313697.44,C624146963,313697.44,C2012667225,0.0
526,PAYMENT,5507.59,C580513588,402229.0,M356532434,0.0
381,PAYMENT,2949.53,C140126511,36110.0,M107530512,0.0
357,PAYMENT,7987.32,C1937923703,1476.0,M1949079493,0.0
402,CASH_OUT,173657.02,C1573283369,0.0,C376118000,370041.14
398,CASH_OUT,489459.58,C1716385111,198651.0,C933522381,1544029.58
379,PAYMENT,3284.48,C1526541488,0.0,M1141344935,0.0
401,CASH_IN,120697.64,C679947971,12402.0,C2110028818,0.0
376,PAYMENT,22768.93,C701051376,14440.2,M752884306,0.0
398,CASH_IN,93150.24,C1718664822,26924182.65,C1916878534,160370.58
466,CASH_OUT,230806.85,C1891374197,230806.85,C1590958349,1599122.59
358,CASH_IN,230774.91,C262850998,3210632.62,C1326813057,6065734.95
540,CASH_IN,144117.89,C2077034812,8654749.08,C1996705783,227402.64
373,CASH_IN,101714.94,C2808814,11918313.0,C68815911,316376.17
380,PAYMENT,3414.67,C1709942521,4632.86,M1615509852,0.0
383,PAYMENT,1588.3,C347077304,40214.0,M1452087953,0.0
644,CASH_IN,160187.83,C280325817,1012790.83,C367549575,4924973.44
370,PAYMENT,9821.61,C1401247056,75016.0,M1253412737,0.0
373,PAYMENT,19180.04,C878684081,49906.0,M1084774433,0.0
373,CASH_OUT,255266.22,C245750111,0.0,C1158496438,4535242.11
404,CASH_OUT,34207.39,C1954889519,20294.51,C1673048083,794785.98
624,CASH_OUT,2626957.79,C1966432997,2626957.79,C966982427,882527.7
394,CASH_OUT,171529.52,C2142313815,31912.0,C1930889045,4714206.42
449,CASH_IN,228772.7,C398190393,30996.0,C1148781154,0.0
525,PAYMENT,42782.8,C2026642180,0.0,M1172058638,0.0
394,TRANSFER,1863029.73,C1815388873,0.0,C1404808331,4219370.9
550,CASH_OUT,85303.24,C2043137760,85303.24,C1330770993,0.0
550,CASH_OUT,274177.75,C405600448,0.0,C616998001,3371299.68
408,CASH_IN,318024.21,C1548698580,1386461.6,C187113895,5498716.26
369,CASH_IN,123787.09,C1564054858,10150590.39,C823318022,1413604.72
380,CASH_OUT,191688.28,C1434075159,0.0,C1297335025,251073.44
394,CASH_IN,467104.11,C1517145122,2921373.09,C926141867,2181559.07
398,CASH_IN,45903.68,C703945878,6885834.94,C1017416258,1101606.37
372,TRANSFER,409349.61,C1240129271,30984.0,C934532268,0.0
621,PAYMENT,744.55,C1865812655,70275.0,M625179930,0.0
567,TRANSFER,376662.82,C164574919,16784.0,C1516643099,5075708.18
376,CASH_IN,238460.49,C2028259274,15698286.27,C767593578,449133.25
396,CASH_OUT,137745.84,C2083719803,21374.0,C1860130973,6000.54
401,CASH_OUT,156204.14,C1708349662,0.0,C370844974,434679.21
370,CASH_IN,59224.46,C2068063002,153.0,C538008323,0.0
374,PAYMENT,23301.97,C232184280,354958.32,M1472149133,0.0
358,CASH_OUT,128858.97,C15305452,0.0,C1456746018,1372865.93
370,CASH_IN,134469.02,C989449758,8225.0,C133604836,250977.39
586,TRANSFER,2581549.92,C1168747121,2581549.92,C1191561711,0.0
664,CASH_IN,182904.48,C1790317598,152147.0,C1429214105,0.0
397,CASH_OUT,110061.54,C709745513,0.0,C102881472,341462.65
567,CASH_IN,156632.39,C1757103474,888.0,C378988895,833159.47
596,TRANSFER,820663.4,C955972021,0.0,C266100493,2893116.91
356,CASH_OUT,252952.32,C239025127,0.0,C634083695,797842.39
514,PAYMENT,35624.38,C1142019087,0.0,M165870540,0.0
565,CASH_IN,123717.83,C1789853232,9522809.95,C1907807299,2042126.19
403,CASH_IN,477100.31,C1580261064,860150.14,C1368198755,3808367.07
403,CASH_OUT,67134.61,C546528689,269134.75,C1578406930,591283.54
495,CASH_OUT,190897.57,C1392156627,0.0,C355621094,1098366.42
514,CASH_OUT,67686.42,C1990211181,29761.0,C1823609905,4721976.81
401,PAYMENT,71310.24,C1731651336,0.0,M1328157263,0.0
400,DEBIT,6450.14,C1295536343,29149.0,C1494131918,80531.06
378,CASH_OUT,105420.75,C1585726297,36276.0,C1176378075,333450.24
688,CASH_IN,150151.24,C528758831,71042.0,C293415872,917460.06
420,PAYMENT,26187.13,C905695499,0.0,M213489956,0.0
401,CASH_OUT,99852.02,C79954234,0.0,C863498496,7524753.5
404,PAYMENT,151.65,C457757882,99209.0,M1555518103,0.0
402,PAYMENT,28535.29,C455872281,0.0,M932906816,0.0
403,CASH_IN,174446.85,C1325441974,20734717.85,C71769355,1581437.91
398,TRANSFER,368526.16,C1812793914,0.0,C926720565,2190423.18
374,PAYMENT,1279.65,C785107366,0.0,M1232351634,0.0
448,CASH_IN,132370.7,C1251473595,10024998.21,C344055344,1180373.48
377,CASH_OUT,199363.22,C799707682,0.0,C1978795862,498923.93
359,PAYMENT,1892.05,C1486747482,20635.0,M1519292293,0.0
492,CASH_OUT,151121.04,C1055278781,0.0,C1770963465,2136958.26
564,CASH_OUT,518107.97,C1378868626,55029.0,C1967936626,0.0
372,CASH_IN,215522.43,C1602758833,10204.0,C64263620,0.0
396,CASH_IN,238346.51,C2043144945,7972270.42,C818517217,1976015.12
500,CASH_OUT,258491.15,C1969486183,0.0,C386591763,498748.3
540,CASH_OUT,52608.4,C57852022,0.0,C860841894,163230.47
503,PAYMENT,3746.53,C790464877,3235.0,M1573825879,0.0
400,CASH_IN,142057.12,C99825800,5694807.28,C721884397,325008.72
403,CASH_OUT,24961.08,C1210208249,0.0,C1592849424,290479.99
522,PAYMENT,71940.76,C920063697,0.0,M91980793,0.0
374,CASH_OUT,56534.36,C809887831,0.0,C1312135910,57644.37
375,PAYMENT,11949.37,C2136970056,0.0,M330697616,0.0
357,CASH_OUT,188752.81,C1865587994,15374.0,C1083041107,61969.38
400,CASH_OUT,249755.55,C89165648,324.0,C2047785003,42387.32
549,CASH_OUT,668473.23,C718351152,668473.23,C425934297,505899.37
407,TRANSFER,321439.71,C1675193802,30917.0,C32942975,21364.08
383,CASH_OUT,290253.88,C799338257,0.0,C1597480845,667975.64
370,CASH_OUT,18204.17,C1040438158,13318.0,C561167332,3252780.24
664,CASH_IN,207410.18,C1630316210,20377.0,C1299636153,681935.73
370,PAYMENT,2809.14,C672288491,26775.0,M51174413,0.0
500,PAYMENT,1352.48,C1409939761,0.0,M1362165000,0.0
396,CASH_IN,259150.41,C521244658,20095.0,C1997134378,152607.82
397,CASH_OUT,187285.56,C1336506625,119445.0,C1396529888,297307.99
694,CASH_IN,213662.03,C1519966355,1891.0,C68275592,120544.78
661,PAYMENT,2671.46,C913926527,0.0,M2081617933,0.0
520,TRANSFER,2373102.53,C579891414,201724.0,C1208485760,836544.55
398,CASH_OUT,321146.12,C506810525,50300.0,C2117937646,8526579.06
596,TRANSFER,3217933.49,C175206099,0.0,C69851539,3244875.7
379,CASH_OUT,74794.19,C1013682279,0.0,C1540630974,2706096.19
686,CASH_OUT,220337.84,C1586722489,501.0,C66914043,120521.6
399,CASH_OUT,223663.81,C1441432971,0.0,C750270575,3027112.29
373,CASH_IN,208400.72,C1689741970,868827.61,C415378083,15099095.79
376,CASH_IN,124590.16,C2046371102,5237679.97,C924023870,311555.31
380,PAYMENT,4279.87,C1974709382,51886.0,M1456504624,0.0
376,PAYMENT,17268.94,C1103427801,0.0,M304750696,0.0
588,CASH_OUT,248396.28,C108349587,699144.0,C1271811015,45362.98
396,PAYMENT,4624.19,C606831899,0.0,M1677158590,0.0
398,CASH_OUT,92860.02,C117493095,1769.0,C1653563088,0.0
397,PAYMENT,21085.19,C1937960892,1204.0,M2091585620,0.0
573,TRANSFER,1298609.73,C772620167,1298609.73,C1673264312,0.0
398,CASH_OUT,89838.06,C899600873,165.0,C630484121,559743.3
696,CASH_OUT,343972.5,C318150552,343972.5,C1956659443,0.0
408,PAYMENT,4445.11,C807087945,45630.0,M1654546870,0.0
357,PAYMENT,1727.3,C2014587537,523.0,M1940363612,0.0
404,CASH_IN,103421.93,C1234995125,22360.0,C162334955,10944116.53
686,CASH_OUT,216345.68,C550554259,11110.0,C1058932425,77897.31
377,PAYMENT,15481.74,C2137768054,0.0,M380078883,0.0
403,CASH_IN,178910.61,C627441907,5590337.83,C1730825356,778429.72
373,CASH_OUT,271137.41,C329624134,0.0,C645101575,1049834.05
384,PAYMENT,59725.67,C2093959142,2366.02,M1529346863,0.0
683,CASH_IN,190469.96,C164252461,3812583.85,C467485063,476309.01
544,CASH_OUT,311083.82,C219921170,1344.92,C524177441,3295456.28
542,CASH_IN,89920.68,C114146559,5156.0,C150708911,0.0
458,PAYMENT,3330.45,C631720270,305039.0,M903616140,0.0
383,PAYMENT,2254.45,C24634017,0.0,M210135737,0.0
397,CASH_OUT,134442.54,C229410820,0.0,C1411614603,2045442.31
564,CASH_OUT,2472250.47,C1806442473,2472250.47,C576597272,4136.88
393,PAYMENT,39274.89,C402029828,16010.0,M128784772,0.0
594,PAYMENT,855.55,C452967286,0.0,M515470507,0.0
394,CASH_OUT,56148.32,C178880814,49568.0,C1303330648,1335673.19
393,CASH_OUT,152689.95,C533938246,0.0,C15237805,419063.59
399,PAYMENT,38974.65,C852884180,123510.0,M1822723203,0.0
397,CASH_IN,139097.64,C1875644519,3023.0,C1974994832,0.0
382,TRANSFER,482991.9,C382570025,35428.0,C1222657626,73323.41
378,CASH_IN,247402.46,C696568403,11367261.12,C433847366,2783579.4
379,CASH_OUT,95837.09,C40571249,201353.58,C402927611,27269.35
356,CASH_OUT,70433.54,C816335411,30753.0,C660089461,439167.16
393,PAYMENT,10681.09,C1671804886,52426.0,M1122487435,0.0
566,CASH_OUT,125343.41,C2029086866,0.0,C1337449179,466985.28
376,CASH_OUT,4108.33,C1030338353,0.0,C2040478640,12934.62
404,PAYMENT,16007.95,C1426223041,0.0,M80878792,0.0
487,PAYMENT,2931.21,C117837854,785.0,M2049886002,0.0
404,PAYMENT,9017.23,C733803845,0.0,M1274936142,0.0
374,CASH_OUT,179350.7,C478347640,0.0,C1557996174,746860.92
518,PAYMENT,2455.64,C794255240,50599.0,M1398212561,0.0
705,CASH_IN,301487.82,C1602905256,3114428.62,C1458225648,1018526.96
442,PAYMENT,2161.39,C1899533391,0.0,M2127712460,0.0
408,PAYMENT,1191.31,C2063252732,0.0,M1246202193,0.0
399,PAYMENT,6575.54,C125273551,0.0,M1731407097,0.0
370,CASH_IN,14350.4,C1096980862,49911.0,C538109699,0.0
557,CASH_OUT,2719.66,C2020357947,2719.66,C1011864403,1588874.92
402,CASH_IN,205906.21,C1880290655,1042235.99,C1157776311,988772.93
380,CASH_OUT,34468.99,C575128619,230509.0,C63581635,9873285.89
375,PAYMENT,15196.99,C1904498207,0.0,M1349055972,0.0
426,CASH_IN,16971.89,C1698638929,1305164.09,C1732222619,150752.27
527,PAYMENT,87.83,C611963745,13295.42,M628932297,0.0
377,PAYMENT,30491.89,C1211692036,30991.0,M2136559463,0.0
681,PAYMENT,7363.68,C1573777776,203822.0,M1341385845,0.0
371,CASH_IN,22526.14,C2039756889,1218921.23,C1399795127,2116062.45
378,CASH_OUT,347996.79,C747428282,45299.0,C944143933,9145348.86
374,CASH_IN,276968.04,C474120980,25263804.3,C1427931895,1170115.66
404,TRANSFER,610776.06,C300652354,20892.0,C1704143521,81268.68
493,CASH_IN,339644.69,C1407828358,1173423.73,C1332550677,934976.63
688,TRANSFER,76039.43,C1231479608,16026.0,C1603036402,0.0
690,CASH_IN,279895.14,C82702141,595.0,C1508587571,0.0
402,TRANSFER,2721560.95,C1399183911,0.0,C1203709271,3646613.03
550,PAYMENT,596.73,C1163718440,0.0,M1342298522,0.0
687,PAYMENT,10040.72,C276152601,0.0,M1814408041,0.0
377,CASH_OUT,135486.25,C2146146796,0.0,C757662082,1552884.28
400,TRANSFER,378490.01,C773022867,0.0,C749589725,1658522.0
402,CASH_OUT,285407.82,C1260241553,29859.0,C1949396975,2443152.24
405,CASH_IN,201723.86,C1081854698,4117828.17,C1184760500,807771.28
398,CASH_OUT,73625.54,C140221110,409132.0,C1227872406,0.0
397,CASH_IN,23709.84,C903473680,17946.0,C527764483,152009.48
469,PAYMENT,15987.84,C1964637058,0.0,M639633330,0.0
369,PAYMENT,16409.23,C1946104459,52796.0,M2085962355,0.0
400,CASH_IN,346529.8,C1280277445,24317.0,C1017405459,1138278.3
403,CASH_OUT,70174.99,C186615058,2524.0,C1698874719,6624936.26
687,CASH_OUT,86567.09,C1893966164,0.0,C1504287980,1382333.11
358,TRANSFER,431254.35,C877351746,103260.0,C193237548,190926.29
644,TRANSFER,4438931.81,C594373709,4438931.81,C2071706455,0.0
514,CASH_IN,31959.18,C1261848625,8815589.9,C535270741,225363.02
492,PAYMENT,104346.13,C1916759563,1983.0,M988832638,0.0
402,CASH_OUT,208323.78,C202327868,0.0,C1450222158,445904.77
396,CASH_OUT,472710.22,C232489152,426.0,C1668469107,0.0
395,CASH_IN,105475.95,C208544196,2907140.14,C1706111674,2387993.32
370,PAYMENT,1861.87,C686164033,273972.73,M83930252,0.0
402,CASH_IN,46177.34,C923121415,20141.0,C803825348,11321394.16
377,CASH_OUT,20820.62,C2033655513,0.0,C1756561113,549627.44
585,CASH_OUT,88997.2,C697240229,0.0,C1527512548,16368431.57
567,CASH_IN,32036.22,C1091626887,8869075.2,C362159662,148393.12
373,PAYMENT,8518.77,C1583449851,20986.0,M1745701884,0.0
377,PAYMENT,35940.74,C352498231,0.0,M1408061899,0.0
596,CASH_OUT,401442.24,C784645287,0.0,C792848885,576340.44
402,PAYMENT,2270.47,C593552050,152703.0,M819492166,0.0
691,CASH_OUT,66034.75,C1253590222,0.0,C878177068,269136.59
382,PAYMENT,5255.42,C1960502935,0.0,M82796419,0.0
692,PAYMENT,9677.62,C1505922237,15169.0,M1634007319,0.0
383,CASH_OUT,185399.91,C521683720,0.0,C928023753,10329134.65
369,PAYMENT,28974.28,C1320293456,7765.0,M1176746639,0.0
378,CASH_OUT,24374.58,C1129716286,0.0,C352222501,37071.71
393,CASH_OUT,161897.42,C246648162,0.0,C1940347463,681187.8
406,DEBIT,636.37,C15766968,20899.79,C2004275725,21771181.8
378,PAYMENT,505.44,C225496256,37356.0,M1265443869,0.0
372,CASH_IN,148523.09,C252714024,9447729.68,C1744708020,347277.53
588,PAYMENT,25144.09,C1972152852,0.0,M2121887502,0.0
612,CASH_OUT,216192.26,C2071171195,20385.0,C1931980497,19453.21
684,PAYMENT,29148.68,C426858510,2905.0,M1265591742,0.0
377,CASH_IN,46785.33,C272991363,39125.0,C931122028,3407329.82
371,PAYMENT,9344.28,C1257122347,0.0,M696906317,0.0
687,PAYMENT,2888.97,C2114614108,0.0,M899254541,0.0
406,TRANSFER,669627.43,C1357770570,669627.43,C1491918880,0.0
398,PAYMENT,5835.42,C1062095985,9156.0,M632610120,0.0
374,CASH_IN,206098.27,C1276398571,962708.17,C2102591643,355722.23
690,PAYMENT,5376.33,C55413570,201748.66,M1819210610,0.0
398,CASH_OUT,1498296.47,C533314653,1498296.47,C890750407,13349963.73
661,TRANSFER,501052.21,C1807260427,0.0,C317229965,11886585.79
403,PAYMENT,13306.71,C1229241213,0.0,M105875281,0.0
401,PAYMENT,19224.94,C245507598,361937.85,M671287873,0.0
397,CASH_OUT,302727.45,C760548395,956473.0,C997941554,2956226.96
394,PAYMENT,20719.71,C711362398,0.0,M1973555125,0.0
397,PAYMENT,80987.82,C1407637106,89759.0,M842423664,0.0
374,CASH_IN,3813.08,C874183668,11986139.48,C521645822,98098.31
617,CASH_OUT,248859.81,C1921799679,0.0,C140656682,10657504.85
378,CASH_OUT,189346.2,C727692302,18816.0,C814315121,508161.15
372,PAYMENT,16494.44,C623169393,469436.32,M1876029238,0.0
381,PAYMENT,3111.83,C1030576728,35829.59,M2110281976,0.0
500,CASH_IN,17837.36,C625357088,511560.06,C1171321898,2267199.23
559,CASH_OUT,127564.33,C471097879,127564.33,C312345,272123.54
393,PAYMENT,50266.69,C725507207,240055.8,M2000638287,0.0
428,CASH_OUT,128455.4,C1181018787,507810.0,C442395686,4789718.96
416,CASH_OUT,35279.35,C872222773,17637.0,C1946672157,0.0
545,PAYMENT,12630.85,C1534422511,25862.0,M1122199054,0.0
370,PAYMENT,9302.35,C1925358509,0.0,M1715497,0.0
684,CASH_OUT,90063.25,C1804707140,10785.0,C2129855050,0.0
377,CASH_OUT,593711.22,C328343392,1063.0,C1796575564,264087.3
402,CASH_IN,62672.09,C45548684,2465360.16,C10359220,6347125.42
395,CASH_OUT,51603.78,C987314506,1394.0,C1488105543,1535293.12
380,CASH_IN,190801.92,C289794533,373157.13,C1373523257,845556.25
399,CASH_OUT,67071.74,C1702843344,9427.59,C1012904867,91545.82
370,CASH_IN,332220.69,C564740459,26944.0,C618134201,34973.24
376,PAYMENT,1103.76,C157202879,97836.7,M348157742,0.0
380,PAYMENT,7969.35,C1495563575,21911.8,M114742258,0.0
400,CASH_IN,99888.76,C1684780671,9652339.71,C90722146,1332392.33
400,CASH_OUT,263234.55,C1768653189,40150.0,C1793490124,0.0
570,CASH_OUT,112221.0,C1396021082,59927.0,C1361548939,42731.73
382,PAYMENT,32462.53,C158128491,0.0,M890010834,0.0
681,PAYMENT,15248.45,C2098352256,393752.97,M1331934239,0.0
394,PAYMENT,2585.98,C1560256208,375494.23,M1955022618,0.0
401,PAYMENT,86907.28,C414659622,590.0,M845914451,0.0
373,CASH_OUT,157143.74,C1315332386,308229.0,C1330803982,1975172.38
398,PAYMENT,43514.5,C1226839932,206388.0,M1497973130,0.0
576,PAYMENT,12383.39,C385109772,4959.0,M1655066909,0.0
369,CASH_IN,64256.98,C65021064,848.0,C313730554,185671.33
371,CASH_OUT,46529.18,C1049015929,4160.45,C2017109237,685730.1
687,CASH_OUT,48347.03,C1191757435,357.0,C770984752,507105.22
408,PAYMENT,12763.55,C1757220881,13786.26,M597997641,0.0
522,PAYMENT,5000.18,C1167954841,0.0,M131508960,0.0
400,CASH_IN,118105.09,C1492450641,1993543.71,C1884757864,378294.36
588,PAYMENT,75826.62,C1189806308,0.0,M1961249047,0.0
403,CASH_OUT,2158.54,C949307694,386145.0,C1335456767,394020.88
397,PAYMENT,972.15,C115566723,504223.18,M673033877,0.0
356,CASH_OUT,109457.7,C2126240545,0.0,C405576809,2164794.52
545,CASH_OUT,65063.31,C217108846,24362.0,C1476463967,0.0
718,PAYMENT,5332.61,C866201802,21753.0,M1049305793,0.0
517,CASH_OUT,22137.86,C187089227,976.0,C1446625493,1449008.31
710,CASH_IN,200146.37,C101942145,858.0,C1317437403,281245.17
399,CASH_IN,66294.82,C1674406258,180.0,C1580359325,9222.31
404,CASH_IN,296657.57,C2000343798,560174.0,C1756867542,224379.73
376,PAYMENT,1923.95,C1587512990,57238.9,M1596940274,0.0
380,CASH_IN,237114.83,C1406441660,9975.0,C1013166922,250129.35
397,PAYMENT,16380.67,C1100573327,0.0,M1947733487,0.0
589,PAYMENT,1514.56,C1215100150,0.0,M1650719586,0.0
596,PAYMENT,6683.83,C1360000106,0.0,M1735967065,0.0
393,DEBIT,83453.16,C1188692228,36226.0,C1221597896,491072.79
683,CASH_OUT,608389.04,C330096707,8374.0,C1777039877,166489.57
548,CASH_IN,126566.4,C1184689400,12350.0,C1281346106,14044.77
370,CASH_OUT,90898.18,C865914611,374.0,C2054086532,142816.83
492,CASH_OUT,293565.39,C845551416,18738.0,C1567121335,0.0
395,TRANSFER,255483.15,C62466898,0.0,C1653261085,3578418.26
358,CASH_OUT,42335.33,C1207532496,0.0,C670868064,67928.6
399,PAYMENT,61624.43,C1110787026,61032.0,M328258817,0.0
404,PAYMENT,27767.03,C1717842376,0.0,M1592088022,0.0
357,CASH_IN,84079.25,C869293856,11379557.21,C1915957758,372538.88
383,CASH_IN,162151.2,C1831689292,352579.09,C453328667,304989.85
356,PAYMENT,3715.19,C1205295636,10601.0,M743771318,0.0
463,CASH_OUT,1968008.53,C1471437030,1968008.53,C765536045,615855.0
667,CASH_OUT,109960.38,C398645492,0.0,C775836014,277365.99
356,DEBIT,673.02,C1544093236,0.0,C1181152229,473923.32
514,TRANSFER,1035643.13,C1159364571,0.0,C411122528,2694708.95
378,PAYMENT,26190.15,C1479196833,15160.0,M587685845,0.0
398,CASH_OUT,182613.41,C1926857203,0.0,C1726353955,1504561.57
397,CASH_OUT,247508.11,C1894532966,0.0,C2028232823,2753394.1
400,PAYMENT,7128.59,C947409616,336134.04,M1625628386,0.0
400,PAYMENT,12831.6,C1902140529,242.0,M440965772,0.0
397,PAYMENT,24369.6,C1372847414,0.0,M1152419627,0.0
546,CASH_IN,539984.86,C645998411,5453.0,C714484936,0.0
399,CASH_OUT,394760.16,C930311358,21108.0,C373151436,1675864.15
501,TRANSFER,185391.82,C1750444391,185391.82,C854032336,0.0
404,CASH_OUT,102485.95,C764390149,11388.0,C534457057,26709.93
374,CASH_IN,182132.79,C998206156,31603.0,C594368830,4294466.14
597,CASH_IN,85421.54,C142976182,40164.0,C262437493,105087.17
378,PAYMENT,26917.46,C1150974847,10988.0,M315701875,0.0
396,CASH_IN,103859.66,C1181022559,956182.18,C657655460,2945554.78
522,CASH_IN,59491.54,C1403875666,1800834.47,C1047068131,1672702.58
398,TRANSFER,822336.76,C1308920087,5557.0,C2058642934,515435.22
371,CASH_OUT,265457.98,C1140507883,9176.0,C175596401,0.0
490,CASH_OUT,312046.25,C998461518,252036.0,C1554155856,0.0
378,CASH_OUT,173687.98,C99189099,0.0,C1676486797,3255280.51
403,PAYMENT,55.55,C153259612,15042.16,M1654233827,0.0
378,TRANSFER,544097.51,C254372062,49849.0,C1131111327,0.0
573,CASH_IN,201093.42,C1549100477,5041.0,C1664071165,1119370.93
398,CASH_OUT,325000.06,C158250219,15606.0,C1190650356,155727.11
526,PAYMENT,12435.14,C1630930486,0.0,M1050286390,0.0
403,CASH_IN,971.04,C929163318,9945.0,C771569147,37782.6
563,PAYMENT,25706.18,C941664975,0.0,M796765801,0.0
428,TRANSFER,183306.21,C1833004950,183306.21,C1079318732,0.0
383,CASH_OUT,478966.67,C553779420,4571.0,C1163683496,29839.31
426,CASH_OUT,213128.2,C1643285116,0.0,C487998806,994872.48
688,CASH_OUT,129065.74,C1331025633,0.0,C4284839,4774235.73
636,CASH_OUT,729078.34,C1723552410,729078.34,C1531239198,44848.47
492,CASH_OUT,344337.9,C1911085218,102751.0,C255867742,737994.17
376,CASH_IN,18402.09,C1961505450,18769.0,C1525743072,1902006.95
469,CASH_IN,115803.87,C1103350974,725502.0,C1291671405,62563.04
692,CASH_IN,41779.08,C551582953,157.0,C1194613352,78971.32
400,CASH_IN,443136.24,C1719592814,3405644.88,C1019820034,8068370.77
490,CASH_OUT,49038.09,C1868609913,0.0,C1764338241,1762413.61
380,CASH_OUT,18128.01,C362281210,0.0,C1878990187,20510.47
395,CASH_IN,9332.59,C919887554,25007.0,C292659988,0.0
548,PAYMENT,23295.27,C364851653,0.0,M1840005273,0.0
681,PAYMENT,10509.02,C104822519,0.0,M1791511184,0.0
402,CASH_IN,244661.65,C588631789,26222.83,C1842799742,162859.93
385,TRANSFER,138809.52,C1615615967,10110.0,C173344188,10263389.83
403,CASH_OUT,3644.93,C230727140,181175.95,C1652703280,252621.62
400,CASH_OUT,162676.87,C238333134,0.0,C180720689,2641972.93
460,CASH_OUT,440962.56,C719693497,440962.56,C1184164392,1196175.58
695,TRANSFER,1216541.61,C1556866221,0.0,C406662368,1224922.23
505,CASH_OUT,113462.76,C1341755763,0.0,C178730558,671452.48
399,TRANSFER,889046.23,C319831998,0.0,C2051330645,1222441.68
381,CASH_IN,87377.45,C1927010604,810500.21,C945628253,30863858.61
372,PAYMENT,45167.11,C1995159905,0.0,M881946419,0.0
356,CASH_IN,71251.44,C170051444,1407.0,C989605686,2754420.58
396,PAYMENT,22222.92,C1264821623,0.0,M260935117,0.0
395,CASH_OUT,79213.5,C584358289,365598.0,C1480455708,698641.09
375,CASH_OUT,112870.33,C1731378220,21569.0,C169533424,358116.19
406,PAYMENT,10514.03,C2011967982,11381.0,M268059763,0.0
371,CASH_OUT,3107.41,C1937649661,0.0,C1722238219,1265701.81
371,CASH_OUT,190455.95,C1569354799,0.0,C234056029,721897.54
413,TRANSFER,140333.35,C753726287,140333.35,C1558494610,0.0
401,PAYMENT,5235.38,C1432854480,16491.9,M365007793,0.0
374,TRANSFER,243747.83,C1536431986,243747.83,C1220821347,0.0
681,CASH_OUT,337104.13,C1083219705,32229.0,C41074757,759547.39
423,PAYMENT,5716.75,C1582611136,0.0,M993443624,0.0
370,CASH_OUT,28737.26,C1478535194,541189.0,C1089770,2385880.47
396,CASH_OUT,10718.24,C1586505099,328861.0,C990859015,2197.93
401,PAYMENT,5171.48,C167091471,149584.0,M2063521417,0.0
397,CASH_OUT,48779.12,C631063760,0.0,C617995966,1649848.28
371,CASH_OUT,209182.88,C586298479,190.0,C1970888361,0.0
399,TRANSFER,518175.86,C666142740,0.0,C551427160,1129787.02
373,CASH_OUT,213932.31,C812081387,0.0,C783752666,247506.14
373,CASH_OUT,276600.09,C1253089931,96.0,C523750147,529098.73
692,CASH_OUT,160762.44,C586691007,40561.27,C1202674997,1360451.78
380,CASH_OUT,221049.09,C1623401295,0.0,C658927338,624411.71
587,CASH_OUT,138245.03,C1589086241,50374.0,C1538368280,599535.76
403,PAYMENT,16676.44,C1570336052,107437.59,M1511633440,0.0
379,TRANSFER,1010595.55,C1279379141,8004.0,C2105120647,905425.01
381,CASH_IN,260234.61,C753284583,4228591.38,C222782574,1979650.08
565,PAYMENT,5282.43,C940134150,224388.83,M83550014,0.0
369,CASH_OUT,414590.83,C1488544571,146.0,C634922396,0.0
402,PAYMENT,43404.38,C1565695823,0.0,M1951443271,0.0
544,PAYMENT,2476.12,C1505059475,0.0,M815958243,0.0
402,PAYMENT,26683.67,C1670188305,16722.39,M1812906804,0.0
394,CASH_OUT,232783.79,C2060322720,354.0,C653438962,0.0
374,PAYMENT,44148.63,C1522884338,4164.0,M458401504,0.0
451,CASH_OUT,53359.61,C471287471,55584.0,C181689736,96293.56
522,CASH_OUT,164199.39,C179442103,9040.0,C1269778139,0.0
408,PAYMENT,1717.71,C2131375513,25619.0,M2075456920,0.0
670,PAYMENT,1557.49,C1326958130,15869.0,M1312356258,0.0
373,CASH_IN,62761.78,C715686326,10622116.16,C1938966136,584039.02
380,PAYMENT,46031.44,C836337335,0.0,M946073482,0.0
377,CASH_IN,322010.81,C127794774,1056.0,C2047200392,1994093.28
380,CASH_OUT,72152.78,C2003165005,21582.0,C241110367,0.0
374,CASH_OUT,73637.7,C545283558,0.0,C708130757,82066.07
380,CASH_IN,8895.71,C1230758772,21975.0,C1128951613,242428.27
681,PAYMENT,2432.16,C871636751,201892.0,M2087424769,0.0
490,PAYMENT,1473.95,C43833818,48782.0,M147600049,0.0
565,CASH_IN,147675.1,C830654755,263.0,C1490481670,0.0
589,PAYMENT,38733.81,C167722339,412.0,M145061706,0.0
401,CASH_OUT,111716.01,C1773231925,0.0,C1774634863,116502.51
518,CASH_OUT,3166.88,C1910242200,25712.0,C643293250,1974131.08
375,PAYMENT,1435.56,C1460700942,11361.0,M1402633024,0.0
538,PAYMENT,21455.35,C745498256,671.0,M210584249,0.0
644,CASH_IN,2345.08,C1805412420,9942.0,C1712339413,3051919.19
373,TRANSFER,616340.19,C473570308,0.0,C1354412239,1931394.91
357,CASH_IN,142422.14,C1038489445,20190793.66,C1563990365,710643.54
399,CASH_OUT,138121.42,C1963657946,0.0,C371778746,2393307.31
469,CASH_OUT,123065.21,C88526790,21889.0,C753384152,7335538.48
503,PAYMENT,13773.24,C1633401419,52206.15,M12324868,0.0
548,PAYMENT,652.65,C945818240,3382.0,M1263881717,0.0
400,TRANSFER,161542.62,C555464272,0.0,C930236656,364683.85
374,PAYMENT,2615.04,C1695921917,761.71,M575519558,0.0
380,PAYMENT,20856.01,C2027975486,368143.0,M699624879,0.0
368,TRANSFER,199414.45,C1842995301,199414.45,C1445649140,0.0
356,CASH_IN,878.24,C146709429,4589.0,C1360052499,0.0
407,CASH_OUT,28759.72,C996685014,120512.0,C1891291970,8046893.44
398,CASH_OUT,17079.76,C1342023905,0.0,C101085214,1900529.47
548,CASH_OUT,159875.9,C1577870845,0.0,C1654035387,581749.42
398,PAYMENT,14900.29,C1816609741,0.0,M279303409,0.0
500,TRANSFER,70563.84,C1109446175,61.0,C1655397450,236596.62
404,CASH_OUT,102947.29,C914247848,11686.0,C324545460,4118770.63
495,CASH_IN,184369.35,C173716141,6450355.01,C621104280,539846.66
567,PAYMENT,2710.83,C36738586,0.0,M1369709660,0.0
479,CASH_OUT,799517.33,C1299137401,799517.33,C466144148,67824.14
400,TRANSFER,319075.88,C1614893797,21670.0,C608467582,438465.69
520,PAYMENT,5159.35,C1852294915,45794.0,M1703930410,0.0
358,CASH_OUT,85666.1,C933313595,797795.0,C889031561,0.0
398,CASH_IN,279629.55,C1856916736,3059926.87,C760345321,1221950.01
396,CASH_IN,222012.85,C1519905009,40253.0,C285051464,235420.52
380,DEBIT,9650.12,C1145134627,66729.0,C1044950905,709302.69
379,PAYMENT,2574.66,C1293014557,158626.0,M1596180404,0.0
373,PAYMENT,2060.39,C1455870178,57392.65,M246823213,0.0
369,PAYMENT,13821.61,C1652601133,30385.0,M2059671557,0.0
546,CASH_IN,105632.25,C1881150710,1769.0,C152386016,721340.57
371,PAYMENT,34826.41,C1432065482,0.0,M1297294620,0.0
394,CASH_IN,94529.31,C648229916,1715840.29,C54524169,787753.14
403,TRANSFER,103509.75,C1308848716,186.0,C30932663,3327344.0
397,PAYMENT,18253.73,C1302928498,11711.0,M1456055493,0.0
589,PAYMENT,10059.88,C81688981,0.0,M1632878641,0.0
379,CASH_OUT,435715.87,C829850238,0.0,C936942288,1037155.13
687,PAYMENT,14151.98,C45492529,35979.0,M1894660379,0.0
357,PAYMENT,2861.71,C371490387,0.0,M1375927815,0.0
398,PAYMENT,34513.74,C1824608925,51683.0,M1156677379,0.0
377,TRANSFER,812808.8,C1136416886,21769.0,C627116929,0.0
375,PAYMENT,4644.62,C1550094609,68262.55,M685615204,0.0
405,TRANSFER,101507.21,C406637688,596.0,C1337115132,7027639.06
380,CASH_OUT,155707.95,C1636659860,94520.92,C1014200215,760039.9
377,DEBIT,4002.66,C1479032863,10936.93,C1656193780,58078.18
380,TRANSFER,928051.61,C1958208420,0.0,C1017865217,2232895.23
546,CASH_OUT,131971.92,C993714342,0.0,C614998633,760196.38
380,TRANSFER,513460.46,C1375693740,0.0,C1297592476,6082586.47
379,TRANSFER,268673.63,C1067813033,4046.0,C1372508442,646913.12
585,CASH_IN,177858.45,C523592721,232236.0,C1933640653,88342.13
538,CASH_OUT,91028.88,C300246028,227.0,C1447218435,441404.04
564,PAYMENT,11824.49,C1798264747,0.0,M1768264429,0.0
405,TRANSFER,5089786.16,C1715228558,0.0,C1657115146,5613289.68
372,CASH_OUT,368582.38,C1463819274,23384.0,C174779370,0.0
587,TRANSFER,985127.95,C1119643786,985127.95,C665763176,0.0
402,CASH_OUT,21668.68,C149449983,37932.0,C895544218,875690.77
394,CASH_OUT,230360.98,C687818553,0.0,C1779930563,601682.72
374,CASH_OUT,76224.83,C1832740589,0.0,C532129308,2188040.06
406,PAYMENT,154.84,C423498783,103427.0,M2046263403,0.0
384,PAYMENT,4947.85,C116094792,0.0,M1266765677,0.0
402,PAYMENT,5124.01,C1773652624,5474.0,M1040444030,0.0
393,CASH_IN,115475.73,C1378799713,23844712.84,C1351823372,662611.52
356,CASH_OUT,128261.12,C985649418,22437.99,C1202948725,428805.07
356,PAYMENT,6214.34,C976081897,0.0,M1382973866,0.0
380,CASH_OUT,61680.91,C186343000,0.0,C1405626133,1004996.98
399,CASH_IN,130895.39,C572640377,86500.0,C2019736819,222307.6
379,CASH_IN,75917.24,C1480686513,16713.0,C479610812,2376109.28
378,CASH_IN,106166.09,C1070970925,1360949.41,C1910824462,259094.81
400,CASH_OUT,187645.02,C1593762335,0.0,C1394249380,7847419.35
383,CASH_OUT,151824.09,C726226029,0.0,C1694314513,1531874.86
563,CASH_IN,189942.19,C1114163548,9204104.37,C1539333032,4395930.6
371,CASH_IN,18682.57,C634139046,202720.0,C1171214780,0.0
403,CASH_OUT,140193.26,C1741833813,0.0,C450583983,1501687.33
585,TRANSFER,43535.4,C1180783796,20881.0,C1285919218,1660367.38
372,CASH_IN,4428.14,C785781832,11245.0,C1852854061,2240377.11
692,CASH_OUT,168840.38,C300798234,18917.0,C1178877830,215047.27
629,TRANSFER,892213.56,C203112109,892213.56,C1034010238,0.0
370,CASH_IN,131179.54,C1471804968,829869.0,C1070030643,0.0
548,PAYMENT,1028.99,C123437023,0.0,M206174046,0.0
670,CASH_OUT,300135.39,C673785885,51809.0,C904702173,45529.35
400,CASH_IN,157716.59,C973518036,49697.0,C253343427,1948302.08
370,PAYMENT,6131.79,C698556865,0.0,M2030583158,0.0
401,CASH_OUT,65448.35,C1910360291,161427.57,C1212731859,0.0
595,CASH_OUT,185589.24,C671060946,13302.0,C806290407,164344.74
393,CASH_OUT,132525.74,C1070553064,0.0,C881949572,874391.45
373,CASH_OUT,516997.06,C778873365,236.0,C292885431,1034878.68
525,CASH_IN,77895.34,C1886058427,28445.0,C658101037,0.0
451,CASH_OUT,228743.93,C1869466906,9907.0,C2128600835,25896.03
379,CASH_OUT,136499.22,C306646915,0.0,C130745110,341870.42
406,CASH_IN,253487.02,C381240513,15710818.18,C214370411,2248323.25
379,CASH_IN,71714.37,C267370112,7202190.74,C348201456,469575.24
400,CASH_IN,139241.47,C1492415895,20586099.03,C1195183980,452313.78
670,PAYMENT,1267.04,C1117285571,50359.0,M1046013546,0.0
686,CASH_OUT,196259.66,C1668933229,422097.0,C66373285,0.0
514,PAYMENT,28037.46,C717042166,29821.0,M767977556,0.0
671,CASH_OUT,10000000.0,C1086171385,10000000.0,C1542053333,980488.81
540,PAYMENT,41548.57,C1188930957,299528.41,M1754926386,0.0
371,TRANSFER,733295.86,C1032531176,0.0,C140886854,6424364.42
377,CASH_OUT,6641.53,C565465121,0.0,C1320778966,439822.45
400,CASH_IN,255902.52,C909163833,2963429.92,C1556584280,5592690.02
546,CASH_OUT,84927.52,C91427990,122015.0,C110708816,288697.87
358,CASH_IN,332.09,C356329984,345926.0,C815707331,2185679.42
380,PAYMENT,13809.44,C1708714083,0.0,M1950537597,0.0
500,CASH_IN,59059.67,C1676745886,9515.0,C1460981185,1008767.9
378,PAYMENT,41865.19,C1999594267,0.0,M1599490715,0.0
500,PAYMENT,27260.79,C1415067722,51409.0,M462817075,0.0
398,CASH_OUT,48847.97,C125009637,0.0,C62262012,143982.67
378,PAYMENT,19618.05,C573948025,0.0,M120778527,0.0
406,CASH_OUT,146791.84,C169794917,0.0,C1620798418,307830.15
379,CASH_OUT,270340.74,C1892511584,44408.0,C600177384,307471.89
378,PAYMENT,3576.03,C183017636,10948.0,M644035830,0.0
378,CASH_OUT,205171.44,C1327517667,0.0,C1742853976,1561144.1
375,CASH_IN,46046.81,C1689333042,887095.08,C455380605,2266614.04
401,CASH_OUT,85911.04,C1233244726,163.0,C1982796048,495540.98
374,PAYMENT,16214.79,C1494664754,1396.0,M124806319,0.0
692,CASH_IN,84217.96,C1827767683,4141838.31,C1298434335,1612212.04
525,CASH_OUT,76766.64,C2053676167,0.0,C1228439497,326618.27
476,CASH_IN,91436.97,C392057784,99981.0,C1859097971,2484288.42
396,CASH_IN,118037.09,C1034191207,90638.0,C1647415714,0.0
375,PAYMENT,3374.88,C2022365842,174644.85,M876872435,0.0
406,CASH_OUT,4737833.35,C450630495,4737833.35,C1565281210,11580904.9
691,CASH_IN,140367.24,C446231318,5856695.96,C593650238,2282346.82
375,CASH_IN,98072.62,C1286491252,3139713.85,C1009302605,1064193.43
361,TRANSFER,1082308.05,C39420818,1082308.05,C105774839,0.0
378,CASH_OUT,218325.78,C757752936,820.98,C446355106,1562739.25
377,CASH_IN,37347.19,C1707908392,275.0,C583203780,0.0
692,CASH_IN,389351.35,C2085310670,7633789.76,C1378562070,998024.58
369,PAYMENT,13891.48,C109692700,76178.06,M284746954,0.0
394,PAYMENT,17941.33,C1104079690,72672.57,M928286427,0.0
546,CASH_IN,22571.87,C347339416,3689735.55,C2014749465,1674845.95
546,CASH_OUT,179588.79,C452380175,0.0,C1464948988,500473.86
380,CASH_OUT,66637.13,C762489,0.0,C1818029880,350042.09
379,CASH_OUT,8231.07,C685959433,6033.0,C1927083731,0.0
544,PAYMENT,7194.02,C1514310894,12519.0,M1973450799,0.0
374,PAYMENT,26539.78,C522220507,132704.94,M237516857,0.0
370,CASH_IN,539635.43,C1190119955,5290.0,C341972431,612547.42
590,CASH_OUT,245934.15,C997884403,640.0,C1111455379,0.0
382,CASH_OUT,445341.6,C77333061,0.0,C2091576776,833021.64
403,CASH_OUT,198762.32,C1741911404,1384.0,C1215684543,155183.48
376,CASH_IN,370766.66,C1899400288,0.0,C1401445535,1156311.46
401,CASH_OUT,69905.34,C2012528830,0.0,C1219358071,123434.04
644,PAYMENT,27859.63,C489263501,70096.32,M523042218,0.0
397,CASH_OUT,194974.09,C338916660,1669.0,C871721281,52147.73
422,CASH_OUT,120391.14,C785533942,0.0,C2124843151,1164678.4
372,TRANSFER,140759.23,C1919329114,0.0,C1859373675,195317.28
448,CASH_OUT,63467.53,C1791217613,21949.0,C1514625881,204854.72
612,CASH_OUT,52768.17,C491464330,19551.0,C349402684,432588.11
574,DEBIT,3894.59,C664417056,5844.0,C366233969,1154428.37
396,TRANSFER,794155.26,C745237888,0.0,C506419052,1831553.2
376,CASH_IN,105333.6,C677877123,1519271.79,C2122316187,1862925.59
373,CASH_IN,521608.69,C440017664,5071.0,C938946882,104340.56
379,PAYMENT,6458.01,C1509074887,0.0,M420185581,0.0
381,CASH_OUT,165163.86,C1922652548,39556.0,C1318012976,84264.37
396,CASH_OUT,248391.54,C1543351751,0.0,C706975389,310910.96
394,CASH_OUT,202650.33,C488055700,0.0,C1882862980,540602.06
406,PAYMENT,10410.39,C1869879282,11114.0,M673475170,0.0
369,PAYMENT,13936.55,C1574353188,0.0,M12395302,0.0
614,PAYMENT,6908.26,C49128674,0.0,M794499783,0.0
404,CASH_IN,71841.77,C1046764202,23525498.71,C40948390,318764.76
394,PAYMENT,48528.06,C1530839389,681.0,M1764323714,0.0
585,CASH_OUT,101864.7,C870673836,0.0,C227140057,436229.86
401,PAYMENT,40667.4,C2112917735,0.0,M342281393,0.0
377,PAYMENT,19203.63,C1886184969,0.0,M462246819,0.0
405,PAYMENT,1770.14,C1616915592,5562.0,M920381244,0.0
396,CASH_OUT,2112.15,C1314057074,20481.0,C1910055812,6717694.01
661,CASH_OUT,342443.94,C1086349497,7879.0,C1444030595,0.0
394,CASH_OUT,8009.14,C958587549,0.0,C1863719293,1532462.87
550,PAYMENT,3327.37,C1952267229,17071.0,M168563355,0.0
400,PAYMENT,25000.45,C1790383858,72780.0,M1118940057,0.0
396,CASH_OUT,308810.17,C346469716,0.0,C1751793106,1424031.23
404,PAYMENT,6132.96,C1170070085,72501.0,M1703116896,0.0
401,PAYMENT,31560.95,C1430884085,0.0,M101941610,0.0
379,PAYMENT,38732.94,C1189297010,0.0,M170086751,0.0
359,PAYMENT,15293.54,C478008196,718.0,M689233076,0.0
446,TRANSFER,2720647.79,C1998926306,2720647.79,C619524298,0.0
691,CASH_OUT,85940.29,C1669454281,42861.0,C1897896962,21978.2
379,CASH_OUT,203346.53,C1396491157,0.0,C845561732,242725.98
377,TRANSFER,1375749.35,C29128787,50945.0,C103903459,91563.06
371,TRANSFER,563804.89,C2032398628,0.0,C1229842890,1860020.11
371,PAYMENT,29034.11,C831871789,0.0,M787899175,0.0
371,CASH_IN,121552.71,C425012243,6400589.87,C199558671,1736344.89
369,CASH_OUT,291934.96,C637257180,974891.0,C23815335,0.0
378,CASH_IN,48109.3,C625171987,21437.0,C1869202044,148870.56
394,PAYMENT,16983.02,C531294026,20450.0,M966023187,0.0
383,PAYMENT,1931.66,C326489343,22616.0,M1590593485,0.0
382,CASH_OUT,35548.3,C1365108794,0.0,C414333916,5122769.29
378,CASH_OUT,47737.5,C1054948786,0.0,C230606212,445080.84
686,CASH_OUT,173465.37,C85584046,29728.0,C1007255898,482707.06
373,CASH_OUT,262220.51,C1313953949,14191.0,C987420030,92881.47
692,CASH_OUT,308537.7,C459396894,0.0,C1960323135,4540328.9
404,CASH_OUT,373322.87,C1753472917,373322.87,C101978061,112234.04
405,PAYMENT,6074.46,C1412671145,1452.0,M1618996957,0.0
406,CASH_OUT,64361.62,C1943190301,0.0,C1436222101,3029251.13
400,PAYMENT,12879.64,C640627496,49411.13,M1495351244,0.0
493,CASH_IN,340636.69,C1845142798,2559494.33,C676467477,437902.38
370,PAYMENT,6017.38,C1389521998,0.0,M1983299764,0.0
396,PAYMENT,2090.93,C1509851922,0.0,M1849764707,0.0
374,PAYMENT,11284.99,C1511801231,0.0,M681248600,0.0
399,TRANSFER,991650.1,C1020968997,298791.0,C2089215947,306495.61
428,CASH_OUT,3386.57,C1173811303,5097.0,C2094794633,160793.9
570,CASH_OUT,134765.41,C668499087,975.0,C1225791278,381026.47
378,CASH_IN,346264.18,C496999824,22180.0,C171203732,33844.8
356,TRANSFER,418545.36,C1228982354,210.0,C864381695,959984.16
698,TRANSFER,2479767.72,C500011939,2479767.72,C2100381776,0.0
393,CASH_OUT,78441.7,C869277830,2226.0,C1579653138,233614.15
664,CASH_OUT,84771.55,C528998506,84771.55,C1971161098,1016318.82
592,CASH_OUT,269747.26,C1477028289,0.0,C1756826800,287562.67
527,PAYMENT,34825.77,C717947757,112241.52,M573276716,0.0
388,TRANSFER,20393.12,C1860777745,20393.12,C2094058620,0.0
371,TRANSFER,660584.61,C178039927,20610.0,C167242038,557802.26
378,PAYMENT,25808.58,C1808896512,10375.0,M1643813756,0.0
370,PAYMENT,32113.84,C878041413,0.0,M1838544205,0.0
356,PAYMENT,13604.56,C1154683333,64595.0,M2026048537,0.0
406,CASH_OUT,297410.01,C779155142,0.0,C475582126,1081742.1
369,CASH_OUT,109646.14,C1017280489,34118.0,C602059484,732713.65
383,PAYMENT,9481.59,C1636385890,0.0,M11199437,0.0
378,CASH_OUT,215857.15,C192855231,0.0,C2109631768,444907.31
538,CASH_OUT,259155.55,C2097704633,0.0,C1861673893,567526.57
379,CASH_IN,134308.68,C704946754,10648668.4,C1438935381,302286.05
356,CASH_OUT,1789.55,C1954489446,0.0,C601069791,41285.67
584,PAYMENT,1268.76,C2110064935,9033.0,M651558555,0.0
540,CASH_IN,390025.15,C309295928,82378.0,C929246298,14161216.4
403,TRANSFER,386359.62,C71128709,0.0,C994312994,847372.1
520,CASH_OUT,12723.1,C1399279229,0.0,C594800766,201428.29
406,CASH_OUT,598558.08,C231054980,62401.89,C1809655358,655686.61
426,PAYMENT,5366.86,C1677967351,0.0,M1252771121,0.0
401,CASH_OUT,249966.2,C1023088863,0.0,C1406950123,550841.52
398,CASH_OUT,18929.7,C1821102020,0.0,C307265065,219000.22
358,TRANSFER,1736210.66,C410953975,0.0,C1566789241,22726330.14
371,CASH_IN,28041.7,C1044498801,3153109.99,C1384968127,4556474.64
512,CASH_OUT,127120.88,C130072062,127120.88,C681167784,2605727.43
373,CASH_OUT,243189.22,C1766580705,11679.0,C1702681119,0.0
356,PAYMENT,8848.63,C501161484,32779.48,M578689816,0.0
371,CASH_IN,139961.17,C1744358846,1224083.6,C273154680,2703827.71
374,PAYMENT,3624.01,C1221172242,101572.78,M1524284956,0.0
377,PAYMENT,1239.76,C586195697,0.0,M1737079337,0.0
667,CASH_IN,222016.25,C1581873592,85441.0,C988661163,148890.64
403,CASH_IN,187267.08,C2047487350,15927.0,C1319919131,247853.9
522,TRANSFER,744178.94,C1848067285,30486.0,C778319156,226909.87
424,TRANSFER,158245.65,C1147249534,158245.65,C1048851683,0.0
687,TRANSFER,296361.54,C568335814,195161.01,C132253946,710096.14
400,CASH_OUT,127759.17,C582542855,0.0,C927454526,664396.68
400,CASH_IN,280235.89,C1495814763,14259.0,C1788474341,1172472.32
426,PAYMENT,5429.02,C692546816,0.0,M1573578502,0.0
404,CASH_IN,168646.27,C773037676,1893003.45,C687834133,379718.29
373,CASH_OUT,68701.41,C12387713,0.0,C2008964265,121101.83
401,CASH_OUT,202687.88,C1310614006,0.0,C1683008353,291796.89
373,CASH_OUT,117668.97,C415768220,0.0,C1176676255,492190.13
377,CASH_OUT,204092.77,C685659382,0.0,C505233556,11697725.63
357,PAYMENT,19102.76,C307605031,10577.64,M417435393,0.0
375,CASH_OUT,201973.08,C1751121083,90986.6,C1239578457,1015910.58
400,CASH_OUT,127405.57,C469346206,31017.0,C1256296112,0.0
601,TRANSFER,5126.58,C586560948,0.0,C193700359,1732687.87
596,CASH_OUT,262883.51,C1649799900,0.0,C2026782853,545949.25
359,CASH_OUT,221826.68,C729455045,0.0,C1379619791,226301.46
370,PAYMENT,15192.21,C1008922699,383864.22,M1558493762,0.0
375,CASH_OUT,220978.66,C1989978785,12343.0,C1266084404,736590.7
550,PAYMENT,4553.13,C1342501296,46289.0,M614859159,0.0
707,CASH_OUT,4676.42,C812117475,4676.42,C765380392,0.0
592,CASH_OUT,96944.8,C715599040,11423.0,C967910039,0.0
637,PAYMENT,9972.14,C943377748,0.0,M2056532452,0.0
403,CASH_OUT,471018.17,C197800349,0.0,C1985136401,10199371.04
401,CASH_OUT,150775.17,C1699932807,61447.0,C696962049,308816.26
439,CASH_IN,616845.31,C237859508,9709886.09,C1096409187,1007700.22
592,CASH_OUT,40279.45,C535542217,10381.0,C299486111,0.0
372,PAYMENT,9412.22,C1363912317,0.0,M498468853,0.0
403,CASH_IN,74987.28,C11359194,13376478.72,C311482804,179100.04
356,PAYMENT,8822.08,C1616969438,23045.0,M514834410,0.0
374,CASH_IN,248817.01,C1655113493,336.0,C1813024524,0.0
376,TRANSFER,888804.77,C1653755970,0.0,C1409513252,909190.34
380,CASH_IN,200297.88,C119142984,480.0,C1122219792,11729168.37
377,CASH_OUT,34665.49,C92487148,9301.0,C1502468180,1753396.45
574,PAYMENT,12495.96,C29669247,10976.0,M1594587229,0.0
403,PAYMENT,12694.34,C893882832,0.0,M943908453,0.0
589,CASH_OUT,6857.79,C488845550,0.0,C751944914,1021946.91
522,PAYMENT,12562.07,C599949393,0.0,M1281953039,0.0
687,CASH_OUT,104499.42,C1121720744,39608.0,C416273696,0.0
714,CASH_OUT,388596.29,C527787477,10846.0,C177486787,0.0
524,TRANSFER,199487.93,C1979992793,0.0,C1409177081,667118.84
525,TRANSFER,31921.9,C30948819,0.0,C1008706693,56749.74
356,CASH_OUT,244992.82,C1451109253,116627.0,C1578484501,27675.55
394,TRANSFER,365833.8,C678384407,0.0,C1619142714,578662.46
396,CASH_IN,149106.34,C1718211154,33450.0,C1242278649,0.0
377,CASH_IN,226669.43,C63332529,49516.0,C1823476304,270454.78
400,CASH_OUT,44327.99,C2079020169,21504.0,C1895766884,2085514.69
500,CASH_IN,290097.11,C1901365313,5531669.46,C350046978,1307017.28
356,CASH_OUT,41065.12,C2114251760,293.0,C1005617064,3117907.06
380,TRANSFER,361422.52,C439997211,11599.0,C1441492134,5514863.65
398,CASH_OUT,141376.0,C1682618458,361223.0,C1712031373,148670.88
380,CASH_IN,330902.11,C70244549,66841.0,C285674604,177003.12
372,CASH_IN,360209.23,C1993422494,1252.0,C207615130,0.0
371,CASH_IN,163565.33,C84987195,952805.17,C421647748,2409701.2
518,CASH_IN,92925.43,C738083640,5564039.44,C843579992,213586.58
394,CASH_OUT,95526.61,C1004783722,0.0,C1176423359,2962262.45
517,CASH_OUT,414782.22,C1092936194,1112.0,C953140589,0.0
487,TRANSFER,93781.05,C209991081,35621.0,C994509102,28109.65
378,CASH_OUT,180419.15,C1981651167,0.0,C1146687959,309316.88
394,CASH_OUT,578871.06,C1106131226,11299.0,C2000292098,0.0
358,PAYMENT,18040.55,C629805487,61304.0,M1160692791,0.0
403,PAYMENT,16860.87,C1579080453,22318.0,M2144374279,0.0
608,PAYMENT,476.08,C2004824502,0.0,M639654307,0.0
499,TRANSFER,558136.45,C1925386760,558136.45,C1909453139,0.0
374,CASH_OUT,272715.44,C344164456,769.0,C405840934,6017731.33
402,CASH_OUT,110147.98,C481119203,315379.38,C1532375288,1783700.85
527,PAYMENT,7189.99,C1886355960,0.0,M1217560567,0.0
404,TRANSFER,1524960.21,C980908680,0.0,C736023390,3347015.5
612,CASH_OUT,114289.96,C337146420,81961.0,C1088039413,91444.42
403,PAYMENT,19263.15,C407783082,81188.65,M2085017503,0.0
380,PAYMENT,1748.22,C1211978783,10903.0,M1975581624,0.0
402,CASH_IN,92335.29,C113510771,11891146.4,C2067292131,1285182.59
403,PAYMENT,11791.35,C1306284569,417811.57,M403666760,0.0
404,CASH_OUT,98747.95,C374112353,23251.0,C1285969452,0.0
372,CASH_IN,18889.43,C459396702,298928.19,C1760235221,120663.72
595,CASH_IN,200941.61,C547248749,29062.0,C571195364,1302948.87
550,CASH_OUT,259388.25,C425347920,113598.79,C46556867,675664.16
405,CASH_IN,166449.9,C1618880937,504.0,C2022227580,85064.19
379,TRANSFER,844881.52,C1796030369,971.0,C1481754969,0.0
451,CASH_IN,219799.04,C1483178358,7439534.77,C1187059131,1051112.08
538,PAYMENT,23880.74,C278252613,18116.0,M544014833,0.0
395,CASH_OUT,54399.21,C484626775,69725.0,C1505109427,5906453.29
394,TRANSFER,3151830.46,C2147367750,8089.0,C1362845729,250134.37
403,CASH_OUT,161378.67,C1128005047,0.0,C1575154222,1042954.63
401,CASH_OUT,45335.47,C1810648916,190.0,C1496383374,684441.52
611,TRANSFER,904338.88,C1259697063,904338.88,C1822887102,0.0
398,CASH_OUT,44176.78,C247510887,15866.0,C1317540181,0.0
587,CASH_IN,255061.73,C111143670,147611.0,C1736531239,1267627.01
397,CASH_IN,307224.39,C20699097,154862.65,C330766713,6180076.93
661,PAYMENT,7125.85,C942511862,0.0,M1890027178,0.0
372,CASH_OUT,99299.06,C1590690108,104063.0,C1102208145,738562.23
370,CASH_OUT,49265.65,C86089214,5816.0,C1746063912,71920.53
520,PAYMENT,14230.92,C913068480,0.0,M859962789,0.0
394,CASH_IN,18190.09,C1961342753,2715229.24,C1345814155,135892.17
381,TRANSFER,141431.02,C1362964916,22789.0,C704395177,0.0
357,TRANSFER,46363.49,C964219593,715767.0,C1628651154,59180.61
661,CASH_OUT,260840.09,C87437378,28059.66,C1845092814,424680.86
356,PAYMENT,13035.79,C57459091,151281.75,M1032337560,0.0
664,CASH_IN,406352.67,C125936569,21102.0,C76574197,125826.57
669,CASH_OUT,97900.16,C1403181387,15461.53,C1840513360,5153088.59
359,CASH_OUT,274614.6,C1246850920,0.0,C1915996416,1311853.28
379,CASH_OUT,26220.44,C1409271182,20461.0,C1026556235,0.0
596,CASH_OUT,93769.15,C1998326036,0.0,C1526048317,787231.2
404,CASH_OUT,176595.51,C718946488,0.0,C211364395,2990328.2
373,PAYMENT,4285.89,C1812464195,39796.0,M990864091,0.0
402,CASH_IN,168322.06,C155285163,458.0,C807817525,6562341.58
357,PAYMENT,8907.2,C740752654,20580.0,M675315607,0.0
362,CASH_OUT,60314.32,C1209135917,60314.32,C2133064223,181574.4
692,CASH_OUT,65084.35,C1256418242,0.0,C1612658411,5594910.76
380,CASH_OUT,253414.15,C1036482101,0.0,C524082912,670867.35
375,CASH_IN,263381.92,C1191118307,0.0,C470639213,479166.84
403,CASH_OUT,173243.03,C408095186,3074.0,C1977612729,0.0
469,CASH_OUT,62688.67,C1881740759,0.0,C833945217,95859.7
358,CASH_IN,50258.72,C627169196,8435758.18,C368093908,566825.19
371,CASH_IN,158903.6,C1773732724,48261.0,C1262864987,0.0
356,CASH_IN,23035.22,C682902819,6665990.74,C2062039464,124534.59
398,CASH_OUT,128972.67,C342049171,0.0,C868057205,1061028.6
371,CASH_OUT,545265.3,C2068405399,200629.0,C1048854480,232482.62
690,CASH_OUT,130546.5,C1606267920,0.0,C1903646682,12609993.7
394,CASH_OUT,266273.07,C1321893012,0.0,C1106661743,2937183.26
517,CASH_IN,173096.38,C1610734158,3689223.79,C1711103191,417702.82
403,TRANSFER,699108.56,C197893590,0.0,C1477789926,772958.58
403,CASH_OUT,152140.26,C1551672409,30034.0,C1685866917,0.0
404,PAYMENT,21910.32,C1653610217,100779.0,M173384776,0.0
522,CASH_OUT,330028.25,C237222432,150272.0,C1406991978,226136.63
549,CASH_OUT,139048.58,C296042902,107833.0,C1019682680,129544.41
399,PAYMENT,922.78,C1936027038,0.0,M802291002,0.0
370,CASH_OUT,123704.51,C1359598078,0.0,C257188055,135873.92
400,CASH_OUT,109994.95,C1328169497,49770.0,C1243683869,21165.51
476,CASH_OUT,170685.64,C968647154,102489.73,C828949009,499440.36
490,CASH_IN,108660.99,C1646052382,10160810.53,C15011646,139562.49
405,CASH_IN,166010.66,C1259247596,2913804.06,C1991153593,1974202.83
382,TRANSFER,347316.07,C770234771,20897.0,C674577557,0.0
566,CASH_IN,102546.2,C1764975847,6367917.64,C1041882864,206121.3
378,CASH_OUT,194027.93,C1153065522,0.0,C854149051,567903.38
705,CASH_OUT,284371.81,C2008455766,0.0,C131770751,4499423.0
401,CASH_OUT,25110.06,C615964619,0.0,C1327421192,279000.09
547,PAYMENT,2361.77,C183821087,8768.47,M1568852547,0.0
401,PAYMENT,7194.78,C1674446145,0.0,M381547950,0.0
471,TRANSFER,75565.38,C1680537870,0.0,C750749695,299559.9
396,CASH_IN,123671.32,C1595496777,953450.59,C1245387045,3330628.7
380,CASH_OUT,28237.63,C1462246252,620.0,C1872312988,372305.92
378,TRANSFER,681476.62,C1858065219,0.0,C686586764,3489937.65
405,PAYMENT,887.59,C1476908047,714.0,M911323080,0.0
544,PAYMENT,11515.39,C455600283,385.0,M271563084,0.0
640,PAYMENT,20659.71,C117932216,151818.69,M1226985945,0.0
401,PAYMENT,15615.67,C31554302,0.0,M1695739443,0.0
383,PAYMENT,928.52,C2119017844,11615.79,M1276789794,0.0
401,PAYMENT,9226.25,C18184897,91.0,M693618737,0.0
370,CASH_IN,51062.68,C1418149996,1759613.32,C301827715,315057.56
378,CASH_IN,80104.61,C2139048692,11142.0,C886672232,464621.1
374,CASH_OUT,8367.73,C342118015,2556.0,C564229907,0.0
393,CASH_OUT,87796.4,C58256510,0.0,C1014201315,271502.13
372,CASH_IN,189012.27,C2116589577,11160743.02,C1223486702,1789000.3
356,PAYMENT,13260.5,C1077434455,1574.0,M1464068617,0.0
377,TRANSFER,918081.55,C69788521,32040.0,C2016293221,1405202.64
398,PAYMENT,11797.15,C1305382249,2762.0,M1049891859,0.0
379,CASH_OUT,223231.42,C1150032486,0.0,C12722473,1008206.11
394,CASH_OUT,190077.84,C842987533,154385.0,C822258436,344850.04
660,CASH_OUT,227994.78,C1205421023,227994.78,C231892160,0.0
466,PAYMENT,36564.21,C1562571452,659769.37,M2123077109,0.0
416,CASH_OUT,214200.99,C801043090,187427.55,C2114409250,1060771.82
640,PAYMENT,8819.49,C33015618,0.0,M1670577278,0.0
378,CASH_OUT,99047.39,C94402652,53223.0,C3762759,96133.68
371,CASH_OUT,383070.8,C432824007,63556.0,C951169604,56621.93
692,CASH_OUT,38333.61,C120028059,72249.0,C680376353,936918.65
370,PAYMENT,27242.08,C876223595,0.0,M994602978,0.0
637,PAYMENT,20237.52,C1460857797,158935.0,M1273663323,0.0
637,TRANSFER,318516.99,C1459086065,0.0,C1901603622,622175.14
490,CASH_IN,16698.88,C785022554,2177470.64,C1726307435,38210.39
563,CASH_IN,47675.36,C764635549,9246800.25,C1927831514,4355563.9
395,CASH_OUT,293955.94,C923565020,0.0,C1207448428,895180.61
691,CASH_IN,390658.58,C789162961,2288765.38,C46051279,3669188.15
715,CASH_IN,2584.54,C1190428457,126181.0,C1102065237,458641.38
545,CASH_OUT,174444.09,C638361314,31153.0,C228749292,119213.09
374,CASH_OUT,143758.58,C1521529470,231697.91,C2073789015,366130.4
373,TRANSFER,342582.48,C1490716514,35622.0,C1265847217,8266787.28
396,PAYMENT,18208.34,C586598279,3786.0,M273283201,0.0
404,CASH_OUT,20033.5,C1704705883,17973.0,C1746413256,0.0
401,PAYMENT,24492.14,C186906069,24612.0,M1961319197,0.0
397,TRANSFER,2000991.12,C1202481382,150956.0,C900019083,0.0
617,PAYMENT,26243.92,C1700293507,54282.0,M397133305,0.0
374,CASH_OUT,233262.81,C41837811,15605.0,C60559727,148936.06
406,CASH_OUT,202060.59,C986492092,0.0,C209633732,691648.38
376,CASH_OUT,118363.83,C1057072881,0.0,C97353430,4660771.18
369,PAYMENT,5166.67,C1299355413,74045.0,M1447415694,0.0
400,CASH_OUT,431040.9,C345134713,31690.0,C202098875,399548.73
379,CASH_OUT,16486.89,C1850340,31833.0,C1132568443,0.0
374,CASH_OUT,210556.65,C1614951227,15405.0,C44260641,10008083.37
380,CASH_IN,208175.71,C1862340692,498592.26,C792784476,4496499.55
382,TRANSFER,4092973.44,C727932850,0.0,C110314238,6253273.29
401,CASH_OUT,33135.06,C1014309887,0.0,C1203591710,963351.52
394,PAYMENT,8032.56,C393826829,143238.81,M1390765376,0.0
397,PAYMENT,9228.31,C1345998389,633.0,M602068144,0.0
400,CASH_OUT,229108.63,C946200533,0.0,C738806808,7378308.73
394,PAYMENT,8896.59,C491027587,666.0,M1275689406,0.0
416,PAYMENT,69005.74,C1842359527,295480.31,M1817171085,0.0
400,CASH_OUT,126167.14,C39842068,0.0,C1556184324,181424.21
408,PAYMENT,14398.11,C888090726,453369.0,M712492490,0.0
403,CASH_IN,61846.01,C314089711,80526.0,C1293575182,0.0
370,CASH_OUT,204067.66,C947243626,5047.0,C1216366412,0.0
356,CASH_OUT,9780.59,C125334541,50912.0,C1750998932,1818426.73
375,CASH_OUT,143957.38,C112916960,3027.0,C1777489473,27277.08
402,CASH_OUT,136252.29,C53566001,0.0,C104590244,207561.23
375,PAYMENT,16085.67,C1208224592,0.0,M1860090874,0.0
396,CASH_OUT,59507.02,C192945174,0.0,C1918178965,84287.89
393,CASH_OUT,234013.72,C31558630,30416.0,C1295813598,0.0
422,PAYMENT,7751.72,C267348488,256.0,M1532507486,0.0
687,TRANSFER,1320884.74,C941987067,164035.0,C811431725,0.0
659,CASH_IN,167450.3,C1588863402,332054.42,C726064984,665910.27
381,CASH_IN,12713.85,C929885135,3517253.49,C830430618,2309720.36
683,CASH_IN,65435.5,C1243568993,3236680.7,C1945693191,243241.21
492,CASH_IN,31928.02,C297016855,5961546.15,C621947921,133869.17
374,PAYMENT,621.48,C619706427,368580.1,M19414966,0.0
577,CASH_IN,218374.97,C948736122,499215.01,C2000898499,1216417.85
379,CASH_OUT,170023.41,C1031667182,121612.0,C1701875009,62069.01
548,PAYMENT,25894.3,C946749167,52702.12,M105326931,0.0
379,TRANSFER,568695.98,C1193441320,0.0,C504790392,1284112.27
379,CASH_OUT,143849.04,C1770236095,0.0,C329242759,268358.81
542,CASH_OUT,73091.72,C2098136577,2689.0,C1971105062,0.0
399,CASH_OUT,335976.93,C1984998510,0.0,C1586225514,738792.42
718,PAYMENT,2567.05,C564196754,6579.0,M1122321539,0.0
400,CASH_OUT,464390.91,C1992819501,297932.0,C2017690533,2395831.01
378,CASH_IN,135293.04,C241649598,3256525.36,C1591112930,1200355.7
403,PAYMENT,12766.13,C2079885577,0.0,M484197393,0.0
377,PAYMENT,17531.58,C779100981,10576.0,M1791132159,0.0
372,PAYMENT,5634.84,C537912920,33094.0,M342039875,0.0
683,CASH_OUT,385731.42,C201782737,59727.0,C299171430,666387.84
380,CASH_OUT,34156.64,C68015936,41051.0,C354668172,0.0
403,PAYMENT,19925.37,C1880301402,28793.69,M180153504,0.0
687,CASH_IN,119804.42,C121182237,6800714.54,C165274234,385808.26
436,TRANSFER,59841.44,C1440545718,59841.44,C1822077806,0.0
381,CASH_OUT,163548.24,C2005654043,0.0,C274807011,308528.24
399,PAYMENT,47642.06,C42430479,1027.0,M2065284655,0.0
592,CASH_OUT,362751.71,C474810256,3949.0,C575871868,60290.01
358,CASH_OUT,77991.5,C1131027988,22631.0,C99094277,161414.86
379,CASH_OUT,116451.16,C2051388051,0.0,C445160849,4202093.39
356,TRANSFER,69704.18,C1478652537,6089.0,C717865461,0.0
371,CASH_OUT,240300.67,C116307889,217.0,C560058877,112673.04
394,CASH_IN,262655.62,C629453850,8098757.37,C10085103,71266476.9
378,TRANSFER,31010.21,C704128115,16564.0,C661007476,88528.18
545,PAYMENT,8934.13,C1443955313,0.0,M1463177503,0.0
380,PAYMENT,3575.33,C949083514,11693.0,M1739604652,0.0
380,PAYMENT,42809.96,C44370575,0.0,M1119320235,0.0
402,PAYMENT,8640.31,C684993298,3240.0,M1108489322,0.0
397,CASH_OUT,460434.46,C1782437902,15087.0,C1851320985,0.0
399,CASH_IN,82050.66,C1097832939,6801182.27,C930398696,9980654.64
397,CASH_OUT,155516.0,C1208890824,135141.0,C1813509324,863242.62
373,PAYMENT,1986.15,C536316767,354513.66,M691450590,0.0
692,CASH_OUT,163490.28,C630486346,163490.28,C21818636,0.0
396,CASH_OUT,281872.81,C1852091313,158104.0,C299033099,617999.38
595,CASH_IN,116790.97,C871556948,5341.0,C221858843,0.0
401,CASH_OUT,315927.33,C1121840514,10427.0,C1819550595,20824073.38
371,DEBIT,5173.39,C147314976,198233.0,C1233037249,176483.52
396,CASH_OUT,88889.3,C885569256,0.0,C96936384,204018.75
399,CASH_IN,473679.31,C1156000088,21066.0,C1815408304,788406.7
378,CASH_OUT,168007.93,C33680714,129238.0,C2006029122,1260942.6
375,CASH_OUT,244131.92,C1163072510,9074.0,C677820664,18461.83
393,CASH_OUT,187548.54,C1563348237,0.0,C1622732327,4536445.42
394,CASH_OUT,301605.34,C1284131957,30270.0,C1601603072,11146933.99
399,CASH_OUT,198729.95,C581956150,50373.0,C1863742198,2430179.03
691,PAYMENT,15971.81,C2135018318,980.69,M1402517967,0.0
378,PAYMENT,16150.1,C23680668,0.0,M1046621101,0.0
374,CASH_IN,5622.59,C1443973154,1226504.96,C124525517,2932609.94
356,PAYMENT,30061.48,C932308264,19214.0,M382690351,0.0
403,CASH_OUT,19154.7,C1018028870,0.0,C360135223,74720.72
399,CASH_OUT,25520.96,C1589276394,11284.0,C1287036181,6218.84
378,PAYMENT,4037.47,C1079185077,32410.0,M112013486,0.0
397,PAYMENT,6988.98,C824702023,0.0,M1214484589,0.0
595,TRANSFER,304203.19,C610833223,50337.0,C461760065,329301.37
405,PAYMENT,2091.9,C322352527,16310.35,M1721438833,0.0
538,TRANSFER,1637636.0,C1164046868,0.0,C1707773416,14107170.45
370,CASH_OUT,64854.21,C926771019,7068.0,C1045324406,58215.78
358,CASH_IN,209754.66,C477293685,6019705.63,C129657491,575994.55
372,CASH_OUT,259192.7,C1296027797,30426.0,C1423767202,70305.03
469,PAYMENT,3617.79,C1001966568,0.0,M963811604,0.0
382,PAYMENT,10748.42,C633575581,318788.0,M625898052,0.0
401,PAYMENT,7170.27,C824413952,47734.0,M424571096,0.0
547,CASH_OUT,12648.12,C1290979313,0.0,C74298475,488531.62
393,CASH_IN,154606.93,C156163996,16898.0,C379604183,0.0
540,PAYMENT,5590.42,C924977775,123.0,M1404210747,0.0
400,CASH_OUT,123453.58,C519115719,0.0,C258495967,208689.51
407,PAYMENT,19819.11,C127456107,2074.0,M1971504911,0.0
403,CASH_OUT,335004.92,C1673395904,11106.0,C1820609751,503654.73
370,CASH_OUT,85778.6,C1165632268,290542.66,C219832575,1140217.72
358,PAYMENT,23186.84,C2140057708,217.0,M193109179,0.0
403,CASH_IN,16370.5,C192435946,67532.0,C1838798374,667260.2
373,CASH_OUT,148198.91,C296306560,0.0,C1563365250,825228.51
380,TRANSFER,390226.35,C1808015994,26797.0,C703865600,246726.07
426,CASH_OUT,299395.42,C794116086,25151.0,C207189894,0.0
378,CASH_OUT,144979.92,C1248099204,0.0,C1388649833,602826.3
393,TRANSFER,2050541.7,C615841799,106017.0,C854516995,268824.06
373,PAYMENT,23725.9,C390497161,55773.56,M1605088214,0.0
379,PAYMENT,30340.47,C1757850838,0.0,M1415217964,0.0
375,CASH_OUT,80295.76,C1345638916,0.0,C1806913562,1015184.06
692,CASH_IN,141281.53,C912796742,5480768.73,C971084804,225074.42
402,PAYMENT,1022.94,C1330285983,0.0,M1123780794,0.0
451,PAYMENT,40475.07,C2099459014,0.0,M1490871728,0.0
397,CASH_IN,334265.23,C1821626078,9692289.13,C870985119,5491985.37
380,CASH_IN,92602.8,C1313828593,6125021.69,C191407918,106158.78
404,TRANSFER,344979.88,C1142018328,10665.0,C418780244,0.0
587,CASH_IN,505437.55,C725872743,477945.06,C1994333586,4287301.95
372,CASH_OUT,104635.21,C1441723461,0.0,C519422484,3279630.87
737,CASH_OUT,190100.29,C2010561147,190100.29,C493481866,848487.62
589,CASH_OUT,38499.48,C2008209747,343908.63,C657019249,2494358.21
356,CASH_IN,46098.54,C1557490077,41463.0,C385201259,180477.19
374,PAYMENT,12036.0,C249751971,0.0,M932852213,0.0
375,CASH_OUT,39302.86,C122157861,30891.0,C718777577,0.0
563,CASH_OUT,59525.1,C1555306094,0.0,C651266798,3823651.79
399,CASH_OUT,46397.82,C1290176335,0.0,C1953247512,297857.68
395,CASH_IN,115250.27,C1076745247,25560665.11,C683162695,341620.01
643,CASH_OUT,4222595.06,C4856718,4222595.06,C488060391,0.0
448,CASH_OUT,37315.3,C1451396581,21883.0,C1871042110,0.0
514,PAYMENT,3887.66,C1660972372,0.0,M836459433,0.0
370,CASH_OUT,101172.92,C945432555,20108.0,C832404066,61581.06
404,CASH_OUT,311046.64,C2020517374,0.0,C2034017655,565814.7
403,CASH_OUT,7694.99,C1545307556,683.0,C1699480448,0.0
379,CASH_OUT,118783.2,C1872317062,820.0,C1596545437,0.0
358,PAYMENT,7010.6,C1612444865,0.0,M418290585,0.0
420,CASH_IN,509311.37,C1517115019,4312572.44,C1088422617,786552.37
402,CASH_OUT,46153.56,C1360211198,9798.0,C1323657443,197481.8
372,PAYMENT,15653.08,C1075022565,506821.34,M1766046967,0.0
381,CASH_OUT,180549.72,C556144819,61377.0,C724866075,1802835.98
356,CASH_OUT,89671.97,C353753835,15326.0,C325175859,0.0
500,PAYMENT,4026.75,C1532540492,0.0,M963463053,0.0
684,CASH_OUT,208820.76,C579256103,89458.0,C150938866,150373.69
669,PAYMENT,1743.62,C1663305170,31108.0,M1150050011,0.0
377,CASH_OUT,62165.38,C1295664477,22170.81,C625534557,359849.14
377,PAYMENT,2904.95,C648047210,0.0,M1469171001,0.0
396,CASH_IN,155169.24,C395740572,2689233.67,C1415511298,3363948.44
431,PAYMENT,4890.34,C2112880800,27958.93,M1738870048,0.0
380,CASH_OUT,29460.27,C1236217683,10707.0,C1638509464,401340.36
379,PAYMENT,12045.74,C2098279517,0.0,M2047720222,0.0
396,TRANSFER,840461.74,C437625319,646371.94,C1997281537,109379949.39
492,PAYMENT,8462.6,C1646975432,0.0,M24549727,0.0
380,PAYMENT,2472.08,C1596623686,200241.0,M190626234,0.0
644,CASH_IN,351818.2,C530239686,1037050.96,C1473770021,7516307.75
376,CASH_OUT,325985.34,C1409671762,71969.0,C1722883468,8175474.5
370,CASH_IN,255608.09,C271610144,6016.72,C168874772,11422188.77
402,CASH_IN,140125.61,C1666070858,940047.72,C534249416,277689.7
374,PAYMENT,22911.61,C1134344853,0.0,M1393252536,0.0
373,CASH_OUT,9178.76,C162597240,0.0,C1326729623,4224921.19
375,PAYMENT,11975.7,C1457357528,0.0,M914119207,0.0
394,CASH_OUT,445817.37,C637165258,314248.0,C2091047140,1492622.05
396,PAYMENT,35069.79,C288192573,75356.0,M857018707,0.0
376,CASH_OUT,5060.59,C678989078,171218.87,C697669110,3942078.94
375,CASH_OUT,45977.22,C1248032584,0.0,C448284938,2764058.77
656,PAYMENT,164.06,C608700860,249.0,M1398326819,0.0
586,CASH_OUT,18111.06,C221867225,20968.0,C533059931,0.0
373,CASH_OUT,655362.69,C1253417535,10690.0,C1072249657,331613.89
517,CASH_OUT,217865.59,C543670132,16052.0,C1342207642,0.0
401,CASH_IN,137201.2,C375202475,2533.0,C393908687,0.0
587,PAYMENT,13623.32,C1054344788,9315.24,M1022525193,0.0
393,PAYMENT,23515.22,C346048804,1092.0,M1449114782,0.0
394,CASH_IN,132245.93,C1129933809,6943627.08,C1618485010,220927.62
399,CASH_OUT,123440.83,C1573058441,24454.0,C1722945980,395314.73
710,CASH_IN,433199.12,C1589347786,8306.0,C1706983176,1190629.28
357,PAYMENT,2012.68,C1696516527,0.0,M1914249045,0.0
548,PAYMENT,16716.76,C378543557,0.0,M80329396,0.0
407,CASH_OUT,49951.9,C1595202925,0.0,C1893611683,240265.39
403,CASH_OUT,121183.58,C1171229085,22656.0,C379908158,0.0
406,CASH_IN,249881.88,C1590085073,146669.43,C2082287552,4556111.32
374,PAYMENT,45579.79,C1372443338,81132.32,M180716009,0.0
396,CASH_IN,279575.59,C1241304216,10392.0,C1578098185,3424697.22
357,CASH_IN,31177.14,C104064813,11181220.71,C30576172,1377940.83
373,CASH_OUT,24318.71,C1705933305,884.0,C184421326,0.0
416,PAYMENT,16420.35,C1011883916,0.0,M1064949604,0.0
403,CASH_IN,342673.76,C2032934660,746514.76,C1033049515,3004850.96
356,CASH_IN,50693.44,C1585212122,29284.0,C957912615,0.0
373,CASH_IN,7380.27,C482065113,2749141.55,C1735114530,905704.82
396,TRANSFER,2168010.8,C1324467206,0.0,C91092846,8483101.71
397,TRANSFER,47355.82,C539199529,0.0,C423648205,786901.6
403,CASH_OUT,219421.72,C769337256,0.0,C1735091134,464562.69
552,PAYMENT,8448.95,C218922058,696.0,M806820651,0.0
596,PAYMENT,5972.5,C16092005,10532.0,M1594827201,0.0
546,CASH_OUT,22741.59,C976180823,0.0,C1949658134,28158.86
370,CASH_IN,219604.49,C1117635815,23577000.49,C284340085,225957.09
397,PAYMENT,41510.63,C901807469,50276.0,M244953442,0.0
380,PAYMENT,16732.0,C344034678,50077.0,M1084163901,0.0
402,CASH_IN,348625.12,C646207170,8847189.0,C152083725,9091262.44
404,PAYMENT,7975.47,C1077057207,140912.39,M1594883654,0.0
589,CASH_OUT,193076.89,C2015200745,252169.0,C1206566887,0.0
520,CASH_OUT,422857.68,C1848944590,0.0,C409742317,11475428.72
571,TRANSFER,179247.11,C348575947,0.0,C200183784,263665.3
377,TRANSFER,576781.31,C1625517038,87958.0,C44532194,234823.38
398,PAYMENT,17669.23,C1399153477,21383.0,M621027523,0.0
403,CASH_OUT,258539.37,C1553593991,0.0,C550400328,342403.09
401,CASH_OUT,52926.73,C907777483,50810.0,C351960380,2458378.93
384,CASH_IN,126128.62,C1206532322,1452688.76,C535704134,1339339.79
396,CASH_OUT,2867.99,C478169567,267.0,C507674880,68413.0
374,TRANSFER,1749200.84,C1549359712,0.0,C1313149402,2128238.85
573,CASH_OUT,9623.2,C1658258573,0.0,C921196801,25575.81
372,DEBIT,5822.68,C615016748,0.0,C1354481835,192207.63
356,CASH_OUT,40594.04,C1102649597,0.0,C612967500,526947.57
394,CASH_OUT,555734.78,C461570100,227826.77,C1520302583,935795.1
416,PAYMENT,7629.47,C648600524,12881.0,M1114157074,0.0
661,CASH_OUT,77996.37,C454722713,10094.0,C1914235847,8798510.97
426,CASH_IN,58773.44,C1688430633,67901.0,C1412472475,26660.98
399,TRANSFER,197299.92,C1196688208,318985.87,C1173119150,1083036.66
379,PAYMENT,11286.9,C911595996,104398.0,M1777963243,0.0
548,CASH_OUT,79768.4,C662383891,13377.95,C478124129,12471435.26
403,PAYMENT,27958.39,C1263228319,52585.0,M559359168,0.0
619,CASH_OUT,101147.14,C1260090717,20409.0,C1950878928,984418.4
375,CASH_OUT,208913.87,C118170753,21333.0,C2040707932,0.0
401,PAYMENT,3407.0,C193811652,0.0,M618965387,0.0
379,CASH_OUT,84845.02,C2147093482,11050.0,C659348135,0.0
373,CASH_OUT,278621.39,C1029415279,10203.0,C291391667,424189.57
399,PAYMENT,5854.6,C487846891,19163.0,M691736902,0.0
469,CASH_IN,110086.27,C1427969839,6358781.45,C1151857075,596153.38
396,PAYMENT,4004.04,C1590761330,18541.79,M1025678832,0.0
404,CASH_IN,295317.28,C578015302,21375.0,C312860944,320326.57
546,PAYMENT,33979.66,C515933251,13025.0,M1624325684,0.0
741,TRANSFER,10000000.0,C780743034,45674547.89,C491519946,0.0
404,TRANSFER,349165.63,C852017095,250285.84,C1620165471,563799.56
398,PAYMENT,11077.79,C2042573269,10913.0,M181967555,0.0
488,CASH_OUT,5363795.31,C1085308330,5363795.31,C403495240,33769.18
718,CASH_OUT,8851.38,C1231251587,8851.38,C1943166088,0.0
394,TRANSFER,567867.47,C1438061630,0.0,C682898564,5552437.34
397,CASH_OUT,140412.42,C1028754731,0.0,C836019933,989126.94
588,CASH_IN,40425.64,C2102339813,560753.38,C550492084,1017841.01
380,PAYMENT,2691.46,C2071610764,105460.19,M187729608,0.0
374,CASH_OUT,68006.1,C1497119525,20159.0,C866410359,218024.61
383,CASH_OUT,95248.21,C1293442289,105537.56,C49853853,1058711.06
567,CASH_OUT,79386.6,C719778503,0.0,C1710695923,474335.38
378,PAYMENT,13898.97,C2093292959,100287.0,M252530828,0.0
522,CASH_OUT,54776.78,C1765804575,0.0,C2059658297,273523.65
394,CASH_OUT,8457.35,C220852608,0.0,C822809439,1750137.16
403,PAYMENT,4582.82,C1664126219,0.0,M2097443285,0.0
400,CASH_OUT,17971.97,C170868229,1098.0,C1818159637,0.0
403,PAYMENT,29137.61,C1135640845,97212.66,M1771183341,0.0
403,PAYMENT,7122.36,C146666364,0.0,M829063762,0.0
377,PAYMENT,15706.93,C361771319,3032.0,M1494836147,0.0
371,CASH_OUT,454564.73,C697293927,14947.0,C911395800,0.0
385,CASH_OUT,214085.75,C1325556979,0.0,C1926226843,11333145.48
683,CASH_OUT,174103.23,C9949704,310912.6,C1788739136,479991.2
396,CASH_OUT,56717.16,C1880460541,0.0,C1407206830,2901743.13
358,PAYMENT,620.49,C604305178,0.0,M2123757607,0.0
376,CASH_IN,69261.27,C1112590180,4825493.59,C205727616,92174.52
594,CASH_IN,108419.32,C1860207227,7386882.44,C1694591726,1193797.64
568,TRANSFER,30790.13,C574884951,30790.13,C174185198,0.0
396,CASH_OUT,120506.78,C264876237,8780.0,C23747083,1627975.85
681,CASH_OUT,156000.74,C1902446653,70341.0,C688590776,0.0
402,PAYMENT,1966.26,C1836840490,0.0,M1110466922,0.0
399,CASH_OUT,17674.88,C1915605294,0.0,C1832844105,1440145.96
567,CASH_IN,290657.24,C1654348947,35814.0,C1939703768,805246.29
358,CASH_OUT,285237.06,C1537425451,0.0,C941703694,774447.46
396,CASH_OUT,187455.62,C1909050236,0.0,C759000169,476282.77
380,TRANSFER,219285.93,C1157484669,0.0,C938557307,981410.87
380,CASH_OUT,320014.48,C1121188111,0.0,C858402941,1832998.11
376,CASH_OUT,72790.63,C1877416869,0.0,C28505277,372008.13
690,CASH_IN,220010.41,C878774552,163.0,C2129622698,25282.22
395,CASH_OUT,309507.03,C1442483643,5355.0,C705379910,0.0
359,PAYMENT,12448.17,C928969073,0.0,M1096411356,0.0
372,PAYMENT,12384.54,C952939790,104238.0,M1721511843,0.0
399,PAYMENT,13121.75,C996231209,0.0,M806365813,0.0
406,CASH_IN,587853.1,C2029274234,1796822.72,C2047153520,4573864.66
373,CASH_IN,89726.08,C989553671,5321024.02,C450458737,444619.36
373,CASH_OUT,50452.79,C1667855197,0.0,C1882512267,2904797.8
617,CASH_IN,88829.5,C409236734,2872025.58,C1572510790,515739.56
420,PAYMENT,11792.34,C1264626676,20369.0,M141985381,0.0
668,TRANSFER,4022098.69,C1924819365,4022098.69,C295800358,0.0
374,PAYMENT,8048.76,C922142582,0.0,M2036051311,0.0
373,CASH_IN,46149.48,C354439034,2070829.03,C314586372,5028138.59
373,PAYMENT,12320.0,C968389929,103308.03,M1801181018,0.0
394,PAYMENT,6406.83,C32986306,32051.0,M2091430024,0.0
406,PAYMENT,21070.17,C1163254145,291266.21,M1919454616,0.0
531,CASH_OUT,89408.34,C283150147,0.0,C1074848530,1851801.93
594,CASH_OUT,124750.96,C688702091,0.0,C722302802,1661927.88
401,CASH_OUT,65031.31,C841701567,220465.5,C425574934,478472.16
372,PAYMENT,8572.41,C1427378088,93781.0,M179043353,0.0
397,CASH_OUT,156423.15,C818502357,45117.0,C1939010209,0.0
379,CASH_OUT,93580.61,C1091632021,302882.0,C674668817,0.0
382,CASH_OUT,172745.81,C502970876,10688.0,C2007416219,10712244.78
393,CASH_IN,192588.69,C362509159,101801.0,C1138586269,0.0
380,CASH_OUT,50803.86,C1291574542,180716.09,C1736366826,53104.1
372,PAYMENT,28175.92,C1396542245,10513.0,M1533613195,0.0
394,CASH_IN,83790.57,C271494344,25837048.57,C123492848,151197.89
518,CASH_OUT,41064.07,C877959719,0.0,C1149839990,762921.99
372,CASH_IN,152878.22,C1044490523,6157471.64,C415556733,1282168.13
684,CASH_OUT,170412.91,C1294739901,225.0,C1835879873,16216.63
402,PAYMENT,12822.96,C2062835294,783.0,M1796333320,0.0
377,CASH_OUT,181969.26,C257972140,5303.0,C333333211,381825.09
567,PAYMENT,8631.84,C1726562212,731.0,M241486157,0.0
379,PAYMENT,5113.3,C465558301,20.0,M1163692846,0.0
357,CASH_OUT,148683.32,C1710625926,0.0,C873268459,3814572.93
400,TRANSFER,69859.39,C917624094,0.0,C144698177,209718.94
594,CASH_OUT,335071.5,C1146444663,335071.5,C1365176393,0.0
378,CASH_IN,232841.22,C880462750,28366120.26,C869718000,959907.11
394,CASH_IN,506849.46,C1949386406,16116.0,C1775040515,457771.62
501,CASH_OUT,824841.09,C1923690438,824841.09,C143683095,629645.26
403,CASH_OUT,163431.64,C545862121,0.0,C1325699928,302786.43
688,PAYMENT,12179.09,C2055257790,0.0,M1401299781,0.0
403,CASH_OUT,97373.57,C747980280,0.0,C1470910875,2278463.23
379,CASH_OUT,55173.41,C866181940,0.0,C2088116485,253390.26
690,CASH_OUT,79717.19,C754807264,541.0,C1056732622,0.0
705,CASH_OUT,230791.56,C896129107,35142.0,C607091408,623404.96
379,CASH_OUT,105250.93,C896102805,11296.0,C1253875361,69149.24
439,CASH_IN,245455.63,C1913194127,1366333.9,C382749066,565004.89
371,PAYMENT,8961.9,C2040105842,0.0,M1464091564,0.0
731,TRANSFER,31887.18,C1764583028,31887.18,C252274322,0.0
383,PAYMENT,3754.16,C155653157,43831.0,M1112379782,0.0
563,PAYMENT,10627.46,C473509013,345273.56,M1906344051,0.0
372,CASH_IN,51640.93,C20848800,4596726.21,C1062137883,148014.04
612,PAYMENT,27399.59,C435772648,0.0,M1294364671,0.0
406,PAYMENT,25079.59,C464390634,0.0,M673385538,0.0
356,CASH_OUT,35164.86,C17880166,0.0,C2104729475,3318674.05
374,CASH_OUT,17893.67,C2069855288,34201.0,C164947193,10350427.19
371,TRANSFER,668372.88,C175390913,0.0,C1007036913,2277618.81
401,CASH_OUT,308587.01,C1797460350,1067.0,C719380357,0.0
407,PAYMENT,10307.1,C1330928324,7636.0,M1866438526,0.0
401,CASH_IN,285583.38,C1885138903,22387287.95,C1518093193,1601184.2
357,PAYMENT,3574.11,C1324555201,433.0,M667119006,0.0
528,CASH_OUT,11070.29,C1036084713,11070.29,C1070700458,341891.92
404,PAYMENT,1005.5,C724724770,7374.69,M930027336,0.0
514,PAYMENT,2207.93,C1439716538,0.0,M1411165004,0.0
592,CASH_OUT,299832.26,C1437312927,190837.0,C1024566844,494884.81
599,TRANSFER,226520.01,C1904849436,0.0,C385680288,652492.9
382,PAYMENT,6647.37,C1166069713,60327.0,M1454930839,0.0
550,PAYMENT,1809.81,C539763821,6219.0,M1831530347,0.0
405,TRANSFER,121447.79,C1627829859,0.0,C1124777031,2578254.73
428,TRANSFER,3028421.03,C2107000276,3028421.03,C1629716841,0.0
402,CASH_IN,28785.58,C1142174499,6504686.37,C653113666,1081392.94
687,PAYMENT,424.12,C1490798259,0.0,M605679561,0.0
375,TRANSFER,15398204.75,C602861929,130127.95,C1435134128,23388259.01
398,CASH_IN,358036.96,C1269905109,151070.0,C172182299,1438082.61
588,CASH_OUT,180219.75,C1705227630,184133.0,C1422522375,0.0
687,CASH_OUT,306919.15,C1924403282,0.0,C1756086462,11111718.81
404,PAYMENT,4858.06,C1915717520,0.0,M448218505,0.0
372,TRANSFER,882568.39,C654154330,27981.0,C499234369,1164106.02
687,PAYMENT,4272.46,C97015876,343401.86,M1284991040,0.0
378,CASH_OUT,138958.14,C457102602,169541.4,C1979028142,2601051.86
370,PAYMENT,6971.88,C142523170,31422.0,M1960064108,0.0
377,TRANSFER,285578.63,C1212695804,0.0,C977485870,475696.91
356,CASH_OUT,156437.19,C741945926,0.0,C369234511,2105832.65
674,CASH_OUT,64083.54,C1268763135,64083.54,C1346372466,0.0
396,TRANSFER,586526.71,C1968601009,27990.0,C1509219790,1558260.76
396,CASH_IN,171682.96,C404682997,15143181.81,C506087834,2321998.71
371,CASH_OUT,95180.97,C94503222,5066.0,C997694674,0.0
408,CASH_IN,128397.29,C727650176,23508.0,C1103544673,0.0
546,CASH_OUT,174786.98,C688061247,0.0,C1988088091,314026.13
646,TRANSFER,10000000.0,C382584608,16468916.64,C1129582294,0.0
599,PAYMENT,6311.37,C14841059,448512.66,M2099176399,0.0
369,PAYMENT,23795.34,C549969649,27336.0,M807794108,0.0
397,CASH_OUT,500325.57,C1922782046,0.0,C1999760564,1985653.78
448,CASH_IN,209477.05,C1941300717,8398735.08,C2083980853,711011.32
403,CASH_IN,94933.33,C1765466514,447.0,C1840097161,0.0
370,CASH_IN,31878.68,C1158762613,1982250.74,C1351280194,192676.25
503,TRANSFER,1899582.01,C586920910,347139.09,C1000374016,3783915.05
358,PAYMENT,5821.61,C61254110,11272.0,M1294052548,0.0
594,CASH_OUT,210030.59,C1588015104,0.0,C278130170,353666.29
500,PAYMENT,7414.66,C821817702,144387.49,M724131524,0.0
688,CASH_OUT,91091.57,C1566740760,38376.54,C1440800379,687866.83
406,PAYMENT,3362.22,C1737344142,103466.0,M1435273448,0.0
371,CASH_OUT,45491.47,C2138431295,0.0,C1493135483,1836598.63
376,CASH_OUT,29487.6,C1026270913,28610.0,C985215708,0.0
500,CASH_OUT,239709.77,C994838100,15506.0,C1420149351,0.0
522,PAYMENT,18645.08,C1135377437,0.0,M1568407067,0.0
686,PAYMENT,6005.1,C1916624821,11181.0,M1906273556,0.0
402,CASH_OUT,75348.03,C1884816503,0.0,C505193428,2221320.56
544,TRANSFER,1055049.94,C1949650746,206885.0,C2103304723,0.0
492,CASH_OUT,37442.25,C1498109005,0.0,C1475163444,2333693.03
398,CASH_OUT,140544.47,C606497858,0.0,C1104416444,9002245.16
372,PAYMENT,14983.88,C1245567481,0.0,M869756080,0.0
396,CASH_OUT,89381.61,C1968979222,0.0,C448075725,5200471.68
399,CASH_IN,397442.3,C1980602677,0.0,C1409456063,860428.12
402,CASH_OUT,83334.96,C67427454,0.0,C2061603102,506528.34
400,CASH_OUT,131977.07,C843859615,4009.0,C1045947908,769029.59
379,CASH_OUT,142930.88,C1823388936,0.0,C611170917,1663664.23
619,CASH_OUT,121949.23,C1041116694,0.0,C182540405,899227.78
492,CASH_OUT,199774.28,C829941044,11615.0,C258570663,377234.48
375,CASH_IN,443354.9,C1269288556,18880381.68,C45266747,665889.77
370,CASH_IN,603897.3,C567538810,16622.0,C1264496616,104130.78
373,CASH_OUT,167184.3,C2042452071,0.0,C1589311510,660689.09
687,CASH_OUT,59186.25,C36157295,10014.0,C1573433634,107397.72
426,CASH_OUT,1000.28,C1266628685,0.0,C2050219591,2067877.59
391,TRANSFER,1309940.05,C291081099,1309940.05,C1496286083,0.0
400,TRANSFER,56685.69,C133999447,0.0,C1275261170,233021.56
527,CASH_OUT,152298.25,C24198899,101584.44,C1933783304,570101.72
381,CASH_IN,223604.34,C104582586,4878437.63,C1192636169,2070095.74
372,PAYMENT,39936.82,C214107036,12708.0,M473415102,0.0
401,CASH_OUT,125993.45,C1079625378,1056.0,C125245369,96126.62
596,PAYMENT,5312.37,C1408176413,51865.0,M2003067979,0.0
692,PAYMENT,20662.54,C1835862046,0.0,M1008065006,0.0
370,CASH_IN,283214.15,C1567406476,761.0,C840420338,1252541.4
380,PAYMENT,10355.47,C1363737082,138689.0,M860653293,0.0
399,CASH_OUT,300085.55,C1487327263,101.0,C1841322762,0.0
380,CASH_IN,259090.47,C379248199,65161.0,C1331501202,282193.06
683,CASH_IN,50745.25,C418677410,3302116.19,C2044372303,76530.83
359,CASH_IN,85960.92,C1044564787,12351478.99,C2012982542,260320.88
399,CASH_IN,109867.33,C954103740,306514.0,C1402223546,0.0
423,CASH_IN,41137.71,C994000324,11177820.07,C329540318,168746.45
361,CASH_OUT,38789.79,C1681482095,0.0,C1668585491,166041.98
369,CASH_IN,381092.27,C56087491,3800497.5,C1956440456,695941.63
691,TRANSFER,309662.92,C1642301776,20126.0,C1867907850,8093.47
376,CASH_OUT,357675.89,C1991871508,0.0,C592064093,1925189.4
380,CASH_OUT,119005.92,C988646948,0.0,C1565677143,293899.05
405,CASH_OUT,70756.72,C1829042347,70756.72,C1046063935,0.0
550,PAYMENT,4165.58,C538425336,228150.52,M1915190535,0.0
379,CASH_OUT,211196.89,C334131528,51733.0,C1849847871,104941.33
377,CASH_OUT,250961.51,C173297573,214.0,C540424994,0.0
371,CASH_OUT,223541.62,C385548717,37531.0,C345057769,407170.81
573,TRANSFER,191075.76,C1565364693,0.0,C1389685123,948111.37
356,CASH_OUT,212426.43,C1733559929,0.0,C1217261737,3010511.48
408,PAYMENT,21174.85,C303046041,103571.46,M1830507728,0.0
487,TRANSFER,1874615.3,C1445262023,0.0,C1551066746,2898466.86
661,PAYMENT,9476.09,C1568266162,105.0,M1029623729,0.0
357,CASH_OUT,277551.09,C1666015929,26663.77,C84066241,1791970.95
394,PAYMENT,4449.42,C2100032659,158.0,M694622951,0.0
402,CASH_IN,136211.92,C92587737,76711.0,C1361449918,1066342.6
370,CASH_OUT,211371.57,C102077767,8176.0,C378086327,1427038.88
372,CASH_OUT,10918.72,C48429494,0.0,C1252109818,101271.85
398,CASH_OUT,372125.38,C894776203,0.0,C508920717,19631186.85
619,CASH_IN,225751.54,C1232503273,8111014.57,C134007017,351648.36
374,CASH_IN,119591.56,C88648008,4158383.0,C708970075,452538.27
637,CASH_OUT,23289.84,C1344349437,5525.0,C1185768792,2391612.1
687,CASH_IN,200020.73,C417776295,65242.0,C1685442952,0.0
356,PAYMENT,8296.86,C1887349525,128002.92,M1216136225,0.0
393,CASH_OUT,66938.97,C1415107223,0.0,C324657886,122769.96
384,PAYMENT,9238.35,C96826977,0.0,M183819544,0.0
402,CASH_OUT,58457.47,C1688827910,21877.0,C930825112,130962.07
564,CASH_OUT,397824.72,C1884238434,69534.0,C1106826161,4318.16
376,TRANSFER,912953.96,C1895540807,0.0,C457481745,8072102.59
430,CASH_OUT,3302492.95,C265373063,3302492.95,C628493905,589810.81
378,TRANSFER,145054.96,C696791016,10627.0,C1422847890,83325.89
395,CASH_OUT,136367.36,C1418359564,0.0,C943025425,356212.09
397,PAYMENT,4340.08,C1882832769,16399.0,M2002495859,0.0
374,CASH_IN,153039.1,C2049620013,49678.0,C1644164393,1455671.95
394,PAYMENT,2991.18,C1806401050,0.0,M709209180,0.0
396,CASH_IN,55554.19,C1273676618,99417.0,C1904783194,0.0
395,PAYMENT,5689.95,C1617614400,0.0,M772175991,0.0
405,PAYMENT,16198.38,C96460845,515878.0,M766186559,0.0
373,CASH_IN,235900.28,C1942869518,1211800.51,C423886236,1976333.5
629,CASH_OUT,2433009.28,C1384976980,2433009.28,C1778202045,0.0
522,CASH_OUT,173164.45,C1922087695,0.0,C1705691948,232581.84
381,PAYMENT,22721.09,C146571205,658960.53,M1966581080,0.0
377,PAYMENT,2083.13,C113027379,0.0,M190286278,0.0
396,TRANSFER,47847.14,C1370858736,0.0,C1381722780,182963.1
374,CASH_OUT,59428.33,C1151455044,0.0,C1072656324,532665.55
406,CASH_OUT,151509.09,C679507703,20749.4,C1912307782,194145.83
402,PAYMENT,23056.47,C1311714141,32098.0,M1091295634,0.0
525,TRANSFER,115160.01,C1072663523,3.0,C1185734167,55898.49
592,CASH_OUT,29743.48,C1624141050,0.0,C778452345,190154.91
524,PAYMENT,18208.37,C759130178,11436.0,M157016634,0.0
395,CASH_OUT,49047.98,C1444322819,0.0,C754810714,271942.94
407,PAYMENT,16378.71,C1370814849,0.0,M1529503077,0.0
403,PAYMENT,3607.0,C1564252637,255439.58,M1475907723,0.0
372,PAYMENT,15284.01,C2016075380,447397.36,M1453312375,0.0
382,TRANSFER,394046.31,C102717165,0.0,C147883422,1276667.73
376,CASH_OUT,273933.92,C251519323,0.0,C256959272,288272.45
604,TRANSFER,714218.48,C454938739,714218.48,C482986731,0.0
405,CASH_OUT,10262.31,C2008627039,0.0,C1951974288,92415.64
422,PAYMENT,28004.56,C1218246188,18531.0,M1979698053,0.0
398,CASH_OUT,156217.0,C1169578007,0.0,C362178396,436839.73
379,PAYMENT,12388.7,C646165530,0.0,M1078141586,0.0
448,CASH_OUT,243093.8,C1002307130,11165.0,C410325746,1040228.39
375,PAYMENT,6786.66,C1659834934,7376.0,M1080734315,0.0
403,CASH_IN,140452.84,C395431558,88331.0,C129103200,266174.78
396,CASH_OUT,222213.23,C936580603,0.0,C1937060285,299887.12
396,CASH_OUT,53906.6,C267010566,0.0,C2088957026,175972.65
373,CASH_OUT,503172.67,C508616999,107559.0,C609890423,130686.82
482,TRANSFER,132438.82,C677179162,132438.82,C520559752,0.0
429,CASH_OUT,11184.16,C875036276,137174.0,C935654247,91498.63
374,CASH_OUT,275321.03,C819732109,0.0,C1371304585,6595143.5
367,CASH_OUT,362672.57,C1069202179,362672.57,C1808434552,3.51
403,PAYMENT,34290.42,C226861779,0.0,M892559694,0.0
399,CASH_OUT,176936.87,C422578878,69823.0,C862204393,246857.59
379,PAYMENT,18273.42,C1191588159,12316.0,M1233859959,0.0
684,CASH_OUT,95260.47,C92684608,51976.0,C939735662,287625.38
369,CASH_OUT,182946.43,C1311778838,276460.0,C987258262,1112756.23
356,CASH_OUT,95087.86,C1151892943,606.0,C874858559,0.0
372,CASH_OUT,353172.32,C1932807303,10697.0,C1551469643,85573.45
487,PAYMENT,3462.93,C737756051,0.0,M283544932,0.0
629,CASH_OUT,1650.08,C1176430814,1650.08,C237441697,0.0
370,CASH_IN,231861.15,C381024593,18763635.04,C115282849,1699173.7
404,CASH_IN,239464.82,C494332238,6670321.98,C1694867060,458245.02
375,TRANSFER,584418.4,C12108789,0.0,C323925690,8672840.48
394,PAYMENT,2757.09,C1147496938,0.0,M1165314084,0.0
404,CASH_OUT,126182.14,C355812022,0.0,C609056526,335740.95
374,CASH_OUT,250686.03,C1636407409,10945.0,C226808436,805208.64
375,CASH_IN,224962.56,C761800307,5508647.13,C652785284,15059304.75
644,CASH_OUT,172195.72,C397102137,748189.0,C1515665914,13908.96
490,CASH_OUT,424696.47,C414293272,0.0,C901854555,5575611.32
544,CASH_IN,177864.83,C1338153200,3588297.46,C931640531,784118.03
393,PAYMENT,13142.58,C1827421323,0.0,M2100742529,0.0
403,CASH_IN,291201.9,C1570801619,2279.0,C225240740,146143.91
356,CASH_IN,235461.97,C1161719989,10106.0,C683736413,0.0
691,CASH_IN,34238.14,C906570629,1537763.59,C1570980067,90268.34
358,PAYMENT,2518.63,C276336907,10134.0,M1539597472,0.0
372,CASH_OUT,282083.42,C1909973194,14553.0,C799233688,330622.37
505,TRANSFER,2251225.38,C1960849749,2251225.38,C785239841,0.0
383,CASH_IN,105421.29,C1851248865,10702.0,C1128773018,35237.07
358,PAYMENT,24856.65,C2107244760,110640.0,M1174018036,0.0
584,CASH_OUT,1016081.0,C1819971579,1016081.0,C1976692197,0.0
361,PAYMENT,5026.82,C1988646471,30865.0,M1408129315,0.0
402,PAYMENT,13821.6,C1896040378,5537.0,M1371071628,0.0
393,PAYMENT,6671.11,C1572079524,0.0,M288825815,0.0
379,PAYMENT,13628.01,C569009870,0.0,M2020879253,0.0
404,CASH_IN,184149.86,C962721487,15712.0,C1973936068,374856.85
370,PAYMENT,53439.46,C950386436,552060.37,M1447384946,0.0
371,CASH_OUT,145676.49,C368921296,0.0,C1296741746,495404.59
687,PAYMENT,3564.0,C772018755,21032.0,M1721170080,0.0
378,CASH_OUT,10556.01,C1351592521,0.0,C718948911,1160123.3
588,PAYMENT,10623.4,C1348544279,0.0,M1042668915,0.0
642,TRANSFER,32660.58,C1547797101,32660.58,C1070729572,0.0
401,CASH_OUT,167373.85,C1814279629,0.0,C702339557,168724.95
377,CASH_OUT,167898.11,C575320121,0.0,C1448980876,2911068.83
371,CASH_OUT,301451.31,C85641992,348751.0,C1605434462,337150.44
398,TRANSFER,1153000.49,C114111399,0.0,C1578675824,2597609.69
589,PAYMENT,28541.54,C141684607,209216.83,M837102598,0.0
378,CASH_IN,262713.38,C735525218,11727.0,C1685223429,156183.6
356,CASH_IN,18882.95,C282531965,199688.75,C1878648286,138582.56
592,PAYMENT,18067.5,C481677405,0.0,M1135661351,0.0
594,PAYMENT,5996.79,C1328878276,95021.34,M987660705,0.0
401,CASH_OUT,46518.83,C301134974,6041.0,C779985805,13309.18
526,PAYMENT,7611.03,C1979082988,0.0,M200142434,0.0
396,PAYMENT,10609.5,C912435033,83113.52,M1271712434,0.0
382,CASH_OUT,91525.09,C3851430,0.0,C362148325,5974497.85
402,CASH_OUT,200695.59,C1442949948,0.0,C1982540364,209986.47
375,PAYMENT,17673.11,C400877017,266340.49,M282282087,0.0
398,TRANSFER,589205.5,C316978582,0.0,C1135015369,2127927.24
398,PAYMENT,42329.66,C1713128392,0.0,M22181365,0.0
401,CASH_OUT,248446.91,C1782196226,0.0,C130287588,512276.41
372,CASH_OUT,347286.23,C2061402001,0.0,C1543229965,651935.02
563,CASH_IN,49989.27,C543572225,5561214.75,C999147330,700980.87
518,PAYMENT,3345.55,C1651648798,0.0,M1573985090,0.0
692,CASH_OUT,129864.34,C165157624,20608.88,C468038390,186961.88
594,PAYMENT,958.16,C43925157,155051.0,M1569528174,0.0
688,TRANSFER,324063.52,C2045634882,0.0,C1186587581,1224929.33
596,PAYMENT,34899.81,C793591383,0.0,M1053663781,0.0
375,CASH_OUT,87859.84,C145411781,0.0,C1424515963,261623.12
514,CASH_IN,75895.63,C1616164199,261524.1,C688219617,85019.23
373,CASH_OUT,156082.82,C582347164,0.0,C2962929,539239.18
394,CASH_IN,54058.97,C1070128435,11141247.74,C2034957780,4627407.56
403,PAYMENT,9980.77,C70480226,0.0,M68917790,0.0
542,CASH_OUT,159402.31,C958762293,51937.0,C1555511401,3539301.8
688,PAYMENT,24644.46,C1220725459,63021.0,M395861049,0.0
688,PAYMENT,2472.02,C846332158,0.0,M1128737278,0.0
377,CASH_OUT,28489.42,C1067546125,0.0,C1511725317,137466.81
399,PAYMENT,7748.27,C35324452,0.0,M857455222,0.0
588,TRANSFER,477413.55,C945278618,0.0,C1157015196,492808.96
403,PAYMENT,4392.7,C1747970875,0.0,M440558183,0.0
522,CASH_OUT,51976.31,C633304234,0.0,C1220636423,92524.64
380,PAYMENT,4321.95,C204895386,0.0,M201567055,0.0
377,TRANSFER,47527.49,C296680168,21568.0,C713031468,2178393.35
372,CASH_OUT,15196.62,C877100348,15747.0,C1269037716,443414.91
525,PAYMENT,4047.58,C337759189,0.0,M1988749329,0.0
408,PAYMENT,595.13,C623494445,671477.0,M1375715412,0.0
396,CASH_IN,116443.17,C468903352,2304874.18,C1553247140,529458.68
431,PAYMENT,136.62,C1241754459,0.0,M1242448104,0.0
401,CASH_OUT,121694.91,C1395967711,31636.0,C1143273983,273927.43
370,CASH_IN,168777.33,C1339605318,3401510.22,C580691057,396303.42
380,TRANSFER,151968.37,C49580589,0.0,C767242436,4345459.34
403,CASH_OUT,270419.79,C1104082647,333113.0,C603141978,0.0
540,CASH_OUT,214308.15,C1226029125,0.0,C1776053850,1451258.82
403,PAYMENT,7940.51,C1248372016,0.0,M535881102,0.0
403,PAYMENT,26688.75,C352985377,0.0,M1563516054,0.0
358,CASH_IN,128722.32,C573467544,9275932.44,C1847318793,2178814.97
407,PAYMENT,2222.43,C1944586566,0.0,M711653790,0.0
398,CASH_OUT,80765.83,C1873256778,43331.0,C1020977182,0.0
588,CASH_OUT,380089.62,C1553615658,0.0,C393899231,932473.43
401,PAYMENT,18696.43,C1678097480,0.0,M962811466,0.0
566,CASH_OUT,303833.22,C1727876376,2323.0,C1974280006,16227.16
371,CASH_OUT,146862.8,C1884477560,0.0,C778614237,177248.4
426,PAYMENT,6616.93,C728013232,316859.55,M834654115,0.0
402,CASH_OUT,145059.14,C927110802,0.0,C1366453406,184324.49
393,CASH_IN,283608.14,C1819623067,5262038.76,C141063940,645711.8
522,TRANSFER,1587374.18,C1154169073,0.0,C2139532796,4166600.21
383,PAYMENT,1612.31,C519347804,134256.0,M263438701,0.0
403,CASH_OUT,180157.57,C119706461,9691.0,C1864976606,2200293.56
378,PAYMENT,33992.13,C597128623,15984.0,M342805250,0.0
675,TRANSFER,1091589.88,C99498713,1091589.88,C1363621822,0.0
571,CASH_OUT,78604.53,C1684173148,0.0,C347502933,4366297.54
393,CASH_OUT,68630.93,C266706519,1223.0,C837737290,67981.22
404,TRANSFER,767208.88,C42316466,30071.0,C248375047,0.0
684,CASH_OUT,105683.66,C2055898064,0.0,C1071837566,1838383.49
358,CASH_IN,143580.78,C363622275,11281917.36,C1970687623,3012877.57
376,CASH_IN,22632.08,C2092281816,4611982.07,C1143094768,132377.22
356,CASH_IN,361432.22,C1679775912,5072.0,C1022394630,783505.09
399,PAYMENT,18534.6,C546563794,0.0,M1331556332,0.0
377,CASH_OUT,253579.12,C375235185,31005.0,C509574767,33404.05
373,CASH_OUT,37762.41,C1049322909,7.0,C689797629,606554.59
372,CASH_IN,195943.48,C1746460963,32076.0,C1246558051,4611305.45
404,CASH_OUT,86446.89,C1300632399,71517.0,C244269705,0.0
373,CASH_IN,77176.45,C680527687,1435178.13,C887737499,282492.62
405,TRANSFER,175628.58,C576667563,11592.0,C392473346,51769.0
619,CASH_OUT,65058.18,C48956689,20324.0,C926802686,900221.37
404,CASH_OUT,239009.66,C4673111,0.0,C387965420,4688592.13
404,CASH_OUT,205552.15,C1803661961,149670.0,C1955828656,537314.05
402,PAYMENT,43241.8,C1762160174,170189.76,M2002457173,0.0
447,TRANSFER,3965182.83,C786548391,3965182.83,C1008141615,0.0
640,PAYMENT,5910.82,C1071028026,96020.0,M347071467,0.0
469,PAYMENT,4066.0,C1139911387,258243.74,M705694247,0.0
398,CASH_OUT,32509.28,C1176335290,0.0,C1046117615,264962.71
500,PAYMENT,11355.05,C1245825176,39938.0,M1751162309,0.0
403,CASH_OUT,166847.99,C558438550,130.0,C1128584984,1081771.86
400,CASH_OUT,130015.63,C2021770393,0.0,C1903423539,1580106.73
597,CASH_IN,51558.27,C1590618286,701213.22,C846945795,89735.86
701,TRANSFER,8537861.24,C601921404,8537861.24,C1092111599,0.0
379,CASH_IN,10570.91,C1566972468,2092407.06,C1538857500,1095976.37
400,CASH_OUT,317235.2,C300863929,0.0,C712372616,441946.06
370,CASH_OUT,27141.46,C638728863,20784.0,C553196557,88675.81
571,CASH_OUT,550980.01,C327402551,0.0,C1072125656,13673719.8
596,CASH_OUT,178294.34,C532294275,35311.0,C1702040009,660426.23
377,CASH_OUT,54633.87,C1847689098,0.0,C1489484951,371868.24
393,CASH_IN,41371.44,C545717841,5578847.06,C254839814,103994.58
691,CASH_OUT,164670.22,C1712161317,0.0,C2075585879,267876.91
530,TRANSFER,148680.12,C1687894218,148680.12,C943795253,0.0
526,PAYMENT,9932.64,C577121322,0.0,M374846719,0.0
394,CASH_OUT,216545.08,C1317430072,416124.0,C1020613921,20871919.18
401,CASH_OUT,139183.94,C925162767,0.0,C314804852,222636.76
378,CASH_OUT,52859.94,C2071821737,33476.0,C1588401302,3877158.85
380,CASH_OUT,69469.43,C885214887,33099.0,C1415082627,7604630.04
402,CASH_IN,42585.83,C1881649018,15659.0,C418317338,85226.67
400,PAYMENT,32609.71,C1117345595,0.0,M427604448,0.0
371,CASH_OUT,656312.37,C298382400,0.0,C241782631,1581255.14
403,TRANSFER,475752.44,C545306757,6293.11,C810631086,24617572.58
615,TRANSFER,8931550.69,C1634206825,8931550.69,C977366743,0.0
406,PAYMENT,6452.53,C1301985613,0.0,M607546963,0.0
617,CASH_OUT,16427.35,C1780580381,69922.0,C653220492,96591.64
681,CASH_OUT,355118.18,C227801001,75402.0,C1553538100,626399.17
416,PAYMENT,2652.94,C1916732423,26510.0,M1991027490,0.0
357,CASH_OUT,126007.67,C1970551288,0.0,C138405044,450927.6
362,CASH_OUT,4026.49,C119923582,0.0,C1683522735,117327.99
610,CASH_OUT,528149.74,C1511951796,528149.74,C1430895624,0.0
402,CASH_IN,240924.75,C264297375,1533300.38,C1255261816,1524390.48
589,CASH_OUT,2623.49,C1197597901,0.0,C2062725881,498369.64
379,CASH_IN,373217.45,C2122378794,83.0,C800486458,0.0
589,CASH_IN,94143.54,C1443032516,779340.34,C239402626,1018145.14
373,CASH_IN,133250.29,C1134796151,6472388.0,C1831905139,250659.89
404,PAYMENT,29.76,C165960360,71534.8,M1450156296,0.0
515,TRANSFER,290211.26,C276602564,290211.26,C58143708,0.0
538,PAYMENT,19275.31,C158714920,0.0,M1238119506,0.0
358,CASH_IN,79941.25,C1937710922,935.0,C1966615898,179706.46
404,CASH_IN,235669.31,C1297899230,7579176.33,C732062799,260088.76
403,CASH_OUT,267468.1,C261624633,30628.0,C1263259427,2324815.74
398,CASH_IN,106555.53,C1269887007,10869484.54,C1392359688,715784.46
395,CASH_IN,10987.53,C1352210678,300995.0,C1908934924,0.0
380,PAYMENT,4290.54,C374018659,43895.29,M1005576277,0.0
587,CASH_IN,114491.01,C1560699636,2489349.83,C1890692215,544354.83
404,PAYMENT,6559.0,C1733874846,0.0,M136591887,0.0
398,CASH_IN,59156.46,C2043817676,4691487.08,C1931515860,1499443.89
421,CASH_OUT,10000000.0,C1505056771,10000000.0,C1036108574,1886102.76
520,CASH_OUT,199286.77,C703390042,147.0,C1239090126,1073259.74
370,CASH_OUT,811459.21,C1102225556,811459.21,C2084986511,843227.0
503,PAYMENT,7872.34,C183264384,68440.0,M733621405,0.0
403,CASH_IN,362797.61,C1333203529,212272.0,C716327177,68331.77
378,CASH_OUT,120273.71,C1003450221,498852.0,C807763707,97650.29
383,PAYMENT,15656.99,C88642064,0.0,M307882875,0.0
380,PAYMENT,163.37,C1606782165,0.0,M762289548,0.0
401,CASH_OUT,136813.2,C44836781,0.0,C626523913,375435.34
375,CASH_OUT,107018.89,C1124218894,9664.42,C803160346,266789.82
379,CASH_OUT,32638.26,C1701871524,0.0,C1777787601,750283.69
695,CASH_IN,226212.1,C892315581,23532.0,C1611093995,731267.22
681,PAYMENT,8501.98,C1685899718,29447.0,M1866891352,0.0
399,PAYMENT,12620.61,C688088986,0.0,M635458886,0.0
384,PAYMENT,11116.15,C2090253636,29065.0,M512913761,0.0
394,PAYMENT,17542.98,C835003401,0.0,M524417720,0.0
514,CASH_OUT,73583.13,C1257309143,0.0,C8687518,90212.25
378,CASH_OUT,364838.47,C740206512,0.0,C1974010660,1098148.81
406,PAYMENT,6405.15,C1579514128,926988.0,M742587561,0.0
356,CASH_OUT,167078.28,C504007846,0.0,C1101980380,1009067.54
597,PAYMENT,9615.02,C2043497779,18820.37,M962366597,0.0
692,CASH_OUT,212628.05,C1897599801,0.0,C1959698736,285190.4
377,CASH_OUT,61297.18,C1741867831,0.0,C1256307319,2821906.57
356,CASH_IN,64278.69,C2024793877,211382.0,C2074103974,21289007.41
399,CASH_OUT,417258.25,C1719712733,0.0,C920423588,534893.12
685,TRANSFER,537539.97,C1135563168,537539.97,C743232088,0.0
398,CASH_OUT,198317.75,C1657262749,0.0,C329491489,736617.57
358,PAYMENT,3445.41,C833205242,42772.0,M1649960118,0.0
404,PAYMENT,5099.97,C1227727477,0.0,M1633836202,0.0
563,CASH_IN,191728.81,C772739279,6382168.19,C465460519,8750149.45
378,CASH_IN,50946.56,C1429146137,6122094.62,C381105988,7769032.49
522,CASH_OUT,49060.78,C1486001210,403189.0,C1171984505,0.0
514,CASH_OUT,73160.81,C1025483039,22599.0,C280407248,242106.27
548,CASH_IN,101910.15,C1724251521,27301.0,C370171976,251837.72
565,CASH_OUT,281303.63,C2005611890,0.0,C1144107369,676508.84
599,PAYMENT,3036.75,C874786425,775.0,M1413458260,0.0
656,CASH_IN,125323.99,C1062767268,4386728.92,C331033073,131445.98
383,PAYMENT,7292.02,C1391904913,41216.0,M1119763098,0.0
453,CASH_OUT,2600970.32,C1015856166,2600970.32,C1424612838,2111795.89
381,CASH_IN,4596.65,C1989082519,5083.0,C1329301108,0.0
588,CASH_OUT,431186.68,C1744185154,7032.0,C147826132,1883544.74
356,CASH_OUT,163.45,C1432960863,6813.32,C1789889620,1540936.77
394,CASH_OUT,245328.79,C51732390,0.0,C517292100,4113373.44
375,PAYMENT,12494.3,C1691867348,0.0,M97174459,0.0
403,CASH_IN,212860.99,C1000576535,4590332.37,C875872884,5322291.14
490,TRANSFER,1665493.86,C1262690873,0.0,C964286010,14875885.14
563,CASH_OUT,48288.73,C1950244893,0.0,C166597875,2424241.04
399,CASH_IN,108370.09,C1132795303,30205459.04,C1959247611,188643.68
684,CASH_OUT,341360.68,C509254493,0.0,C2146200973,462608.11
495,PAYMENT,5718.72,C1520982603,0.0,M124714096,0.0
379,PAYMENT,8427.11,C1153844174,0.0,M1905298254,0.0
379,CASH_OUT,106990.94,C1965832743,22335.0,C405720778,16294137.18
356,CASH_OUT,181669.51,C1811791599,11358.0,C982582171,0.0
705,CASH_OUT,97835.87,C131082527,0.0,C1984337775,112696.77
359,PAYMENT,7215.27,C1999368795,2614.0,M622348014,0.0
374,CASH_OUT,13077.03,C1297511596,288363.53,C1248243890,16435.1
406,PAYMENT,32972.8,C223164152,0.0,M1583033980,0.0
403,CASH_OUT,14003.69,C1024126263,0.0,C1231878568,555876.38
400,TRANSFER,334566.02,C2022280151,21352.0,C1368102985,0.0
469,CASH_IN,29142.86,C968822604,30164.0,C135680724,1686126.95
357,PAYMENT,8692.59,C1080376578,0.0,M252699394,0.0
369,CASH_OUT,76225.2,C1735342953,18658.0,C1832795480,0.0
396,CASH_IN,574993.53,C227899508,1301385.95,C362352077,591348.91
590,CASH_OUT,538189.78,C1427164437,23000.83,C1209870091,2610720.4
402,CASH_OUT,334844.77,C417711750,103568.0,C668502091,824.31
380,CASH_OUT,206923.4,C1333642019,0.0,C1954023131,655598.7
403,CASH_IN,124088.01,C756774071,11761926.86,C709832298,2796457.47
373,CASH_OUT,40329.66,C507494658,0.0,C1621496311,333808.68
379,TRANSFER,1658067.43,C223478892,61256.0,C1164855731,0.0
394,CASH_IN,57198.93,C1428187981,18478.0,C674629870,0.0
401,PAYMENT,33885.18,C1565149549,5102.52,M51530400,0.0
369,CASH_IN,176268.13,C1929529576,6031814.07,C75718199,1867333.37
403,CASH_OUT,157187.21,C1899725817,0.0,C2069258529,2937035.65
397,PAYMENT,2897.14,C1439311193,10777.0,M832741902,0.0
681,CASH_OUT,36821.53,C942962181,144364.0,C1415566428,604229.24
376,PAYMENT,58222.57,C157007113,346553.0,M1543033083,0.0
383,CASH_OUT,50133.43,C1811689536,104705.0,C1356819643,0.0
370,TRANSFER,7007154.25,C1153049301,0.0,C1422462989,7403654.39
617,CASH_IN,33531.69,C122162876,240401.63,C2099298179,11128695.24
397,PAYMENT,18604.03,C432882704,0.0,M537571839,0.0
396,CASH_OUT,200186.47,C101102336,0.0,C991498511,738645.95
734,TRANSFER,1810044.85,C1987403065,1810044.85,C846200321,0.0
469,CASH_OUT,49561.58,C930167815,0.0,C746180428,627869.18
359,PAYMENT,717.76,C1254526650,152530.0,M1352493269,0.0
380,TRANSFER,266378.55,C1231118670,20084.0,C380148593,1850443.66
614,TRANSFER,281087.01,C745740843,281087.01,C2110645655,0.0
401,CASH_IN,181613.4,C147367825,115139.0,C1725372688,0.0
382,PAYMENT,8092.76,C704678453,11601.0,M778957303,0.0
404,CASH_OUT,205697.12,C1318593279,32384.0,C2124935646,0.0
397,CASH_OUT,93888.95,C468483443,7164.0,C1931641166,0.0
397,PAYMENT,15957.41,C1147263479,0.0,M1653178269,0.0
378,PAYMENT,19774.87,C245582611,182552.15,M2139945790,0.0
369,CASH_OUT,172837.65,C2124982891,0.0,C2009751781,473860.34
403,CASH_IN,107793.46,C1237325614,10914645.71,C1306968088,5729955.39
374,CASH_OUT,142944.21,C2058491434,15677.0,C1341453706,0.0
442,TRANSFER,923496.92,C1327359469,0.0,C1729022940,1319102.33
670,CASH_OUT,160854.72,C220133739,9601.83,C470141821,221404.58
396,TRANSFER,1006949.11,C696293161,1418.16,C2066585064,3495134.59
370,PAYMENT,16348.65,C555918226,17557.0,M1556118279,0.0
469,TRANSFER,6484526.8,C2041942844,6484526.8,C1100722756,0.0
402,PAYMENT,24900.0,C215114887,4134.0,M188668265,0.0
399,PAYMENT,2085.23,C1301972861,0.0,M1303242741,0.0
379,TRANSFER,161471.45,C483199442,10553.0,C1728706195,6198501.12
379,CASH_OUT,24722.25,C1313924769,406.0,C2099382876,2344668.09
378,CASH_OUT,40479.67,C1407651350,0.0,C2073946992,14862495.73
370,CASH_OUT,60200.51,C2096794550,0.0,C1649078461,1900116.84
370,PAYMENT,2534.66,C231823759,11947.0,M1909200862,0.0
375,CASH_OUT,221322.75,C429325499,20276.0,C2092023567,224164.07
369,CASH_IN,454577.62,C1783147390,377186.0,C868016657,76627.7
360,TRANSFER,125916.39,C1173720569,35137.0,C1543883554,0.0
373,PAYMENT,20600.51,C1747734175,20583.0,M78846779,0.0
612,CASH_IN,458986.03,C46770325,5517805.03,C1940343720,681321.56
522,PAYMENT,19497.35,C683530282,0.0,M681539056,0.0
380,CASH_OUT,397439.37,C43213105,0.0,C1985846127,762151.54
369,PAYMENT,31710.87,C883345674,0.0,M1632729424,0.0
619,CASH_IN,65273.15,C843172294,6827388.58,C1132546349,860735.02
647,TRANSFER,964876.58,C1995588993,964876.58,C1782972951,0.0
408,PAYMENT,37852.81,C2058047957,33287.85,M1098258121,0.0
370,PAYMENT,1384.65,C209739366,0.0,M1193567258,0.0
379,CASH_OUT,97227.14,C641295413,67190.0,C1306519146,38186.16
378,CASH_OUT,388574.03,C1790565500,0.0,C1429143102,541299.31
637,PAYMENT,9881.04,C2037852916,0.0,M1395112366,0.0
372,PAYMENT,8312.29,C828221688,0.0,M1451341713,0.0
399,TRANSFER,181929.66,C1613054850,0.0,C1718169665,2117708.21
594,CASH_OUT,29378.34,C952857517,56479.0,C1423455129,67564.64
402,CASH_OUT,59861.67,C308935434,0.0,C264856645,429589.46
379,PAYMENT,15811.46,C1352497271,155953.0,M37896198,0.0
373,CASH_OUT,22240.64,C1168650429,102653.0,C1363391805,121786.84
639,TRANSFER,246250.77,C187250365,246250.77,C1147976411,0.0
492,CASH_IN,431814.23,C814655815,10684.0,C1811193425,42965.73
403,CASH_OUT,118679.16,C404593770,0.0,C817773716,3649248.69
588,CASH_OUT,4571.98,C1061552275,242.0,C2073279341,120245.56
372,CASH_OUT,203385.65,C1072040138,0.0,C476451801,722633.42
371,PAYMENT,25474.07,C2061890085,0.0,M1248133709,0.0
397,CASH_IN,271343.25,C430750501,10305.0,C647937085,414362.24
404,PAYMENT,18981.83,C1246915406,15309.1,M1203575043,0.0
474,CASH_OUT,171264.91,C335903336,11621.0,C22903827,33159.53
394,CASH_OUT,217757.54,C2116423563,0.0,C1989060146,480726.2
704,CASH_OUT,339152.24,C1701872761,339152.24,C1343819307,0.0
379,TRANSFER,607476.44,C868993541,19950.0,C205569504,262880.26
692,PAYMENT,38710.62,C1688424580,242398.0,M1227556753,0.0
407,CASH_OUT,294548.4,C474366211,0.0,C76635524,41297228.9
379,PAYMENT,12058.26,C1514062445,21525.0,M753503151,0.0
429,PAYMENT,10327.56,C21638315,0.0,M1980558830,0.0
401,CASH_OUT,188261.2,C1485246484,1265.0,C659059018,0.0
439,CASH_OUT,3653274.35,C1052486086,3653274.35,C437308793,637138.07
376,CASH_OUT,207848.3,C91201549,0.0,C1649824972,666104.02
397,PAYMENT,9707.07,C686431538,0.0,M2120004053,0.0
360,PAYMENT,3467.89,C1276169018,212521.0,M620391259,0.0
400,PAYMENT,10093.47,C1004536150,0.0,M1994636674,0.0
403,CASH_OUT,87073.22,C80288040,158330.64,C1674938989,6468032.33
370,CASH_IN,338896.96,C1128649867,1271639.21,C1331501202,621090.02
357,CASH_IN,179324.67,C1155871528,1480694.56,C11139487,229955.15
374,PAYMENT,2492.57,C1127858833,50679.0,M580000705,0.0
374,PAYMENT,34453.68,C1022160837,31438.0,M25051051,0.0
514,CASH_OUT,187427.04,C1912564207,163134.0,C819302343,335025.3
565,TRANSFER,268233.06,C2037611547,29971.0,C522321635,0.0
567,CASH_OUT,148560.34,C925157510,12360.0,C1646181156,452303.2
379,CASH_IN,327848.42,C1869457787,7450265.43,C841303874,1535535.02
378,CASH_OUT,143485.61,C907851950,285362.31,C1645534747,830192.33
527,CASH_OUT,215890.87,C430465046,0.0,C20731201,907243.06
681,PAYMENT,24697.87,C1963826022,0.0,M441748074,0.0
380,CASH_OUT,191663.32,C1949006956,0.0,C307078677,883343.02
525,PAYMENT,27812.88,C1417094847,0.0,M92953720,0.0
644,TRANSFER,397288.96,C709894702,0.0,C861479607,32622891.07
398,PAYMENT,4894.92,C161457417,0.0,M1886207374,0.0
542,CASH_OUT,296017.52,C212650701,0.0,C362648970,687504.22
380,CASH_IN,89983.64,C1265579470,3862316.74,C1694356446,350367.02
402,CASH_IN,226001.41,C1691856508,9295152.84,C247917439,487244.48
394,TRANSFER,1086474.54,C723268895,323.0,C1686922282,0.0
403,PAYMENT,14407.98,C1025172448,20187.0,M455265409,0.0
469,PAYMENT,9979.26,C1171104651,74869.0,M1562992938,0.0
373,CASH_IN,354010.93,C851586410,2083.0,C620922734,516160.61
426,PAYMENT,100.0,C1099540275,214580.0,M629319950,0.0
379,PAYMENT,12097.7,C776574782,0.0,M1925373242,0.0
382,CASH_OUT,127955.2,C1302821482,14689.52,C1091876583,9563164.95
544,PAYMENT,3193.67,C970712835,0.0,M1999670651,0.0
381,CASH_IN,172185.1,C624177335,289520.0,C205729233,0.0
400,TRANSFER,230954.67,C1869502028,210410.05,C1331777545,333933.28
451,PAYMENT,10976.8,C1216531088,100239.28,M291480733,0.0
382,CASH_IN,68826.3,C548723546,14194876.01,C1800551709,438534.32
371,CASH_IN,184831.73,C12991702,26050.0,C1118445659,4671683.97
379,PAYMENT,8529.0,C1232011319,0.0,M1821367143,0.0
372,PAYMENT,25337.96,C390988717,6462.0,M1154182024,0.0
379,CASH_OUT,123922.06,C1921139293,0.0,C1829746496,1394012.42
402,PAYMENT,10450.76,C2023969774,0.0,M348317728,0.0
395,CASH_OUT,296752.85,C1118591801,20057.0,C896425338,455554.53
448,CASH_OUT,2719.14,C119050185,0.0,C1275063996,819617.13
492,CASH_OUT,311671.34,C425690252,90227.0,C1595492058,3496480.24
381,CASH_IN,143412.31,C888709165,17492.0,C985874266,298304.51
375,CASH_OUT,238578.81,C395094557,10221.0,C1154783536,2457254.62
370,CASH_OUT,78881.67,C130677874,329.0,C1156345656,0.0
597,PAYMENT,12734.65,C1620162814,6059.0,M1869129499,0.0
406,PAYMENT,12679.2,C1006101601,5170.0,M1810975788,0.0
397,CASH_OUT,61960.0,C464606097,0.0,C645049349,114408.32
372,CASH_OUT,82057.7,C2064428701,222668.0,C2070887113,0.0
522,TRANSFER,1400098.41,C602303817,94633.0,C43142506,742.43
401,CASH_OUT,106234.6,C1625077649,0.0,C1376298788,1724206.47
548,PAYMENT,6629.05,C1060421222,2736.99,M511058020,0.0
400,CASH_OUT,219279.95,C1397425800,0.0,C1778589453,293910.84
605,CASH_OUT,251118.04,C937391405,251118.04,C1714851618,0.0
544,TRANSFER,379415.88,C1176244981,5174.0,C1600134831,26071.69
428,CASH_IN,104738.2,C1770322436,2510335.41,C67973567,856824.87
570,CASH_OUT,300953.63,C1759690684,49972.0,C743374501,148125.35
376,CASH_OUT,5101.73,C1993882479,3344.77,C37220015,6190964.3
372,CASH_OUT,325071.43,C962724363,787816.0,C1555511783,0.0
356,CASH_OUT,163119.46,C1535125185,0.0,C1793652668,361506.42
574,PAYMENT,154.52,C1630621932,2932.87,M1002673259,0.0
394,PAYMENT,90.53,C623721127,5637.42,M1930334333,0.0
564,CASH_OUT,33280.07,C786706343,18277.0,C954852723,140613.39
546,CASH_IN,175428.88,C781635877,1252047.99,C1801605717,196018.45
546,PAYMENT,5186.67,C1178900600,0.0,M1465936857,0.0
692,CASH_OUT,254292.12,C572465448,99206.0,C76542626,240226.34
597,CASH_IN,185108.85,C650858651,9459544.55,C681701449,2343070.18
383,PAYMENT,5502.67,C1625099888,94242.0,M217176062,0.0
372,CASH_OUT,141495.76,C1001377630,29781.0,C1138156831,1154983.88
403,PAYMENT,5615.23,C580194198,286527.41,M627061342,0.0
538,CASH_IN,388662.79,C527299291,15525.0,C1184013521,0.0
395,DEBIT,263.79,C296401712,0.0,C242868641,4280722.55
406,CASH_OUT,134892.34,C1725343135,31484.0,C1211744499,0.0
395,CASH_IN,229744.92,C1887263667,2045800.82,C965894418,1641718.14
396,PAYMENT,34328.33,C1016608098,1370.0,M331226766,0.0
471,PAYMENT,4452.93,C602225424,42841.75,M557898386,0.0
379,CASH_IN,173746.62,C488292793,6193493.26,C1372792336,2162742.28
687,PAYMENT,23806.87,C2091585989,0.0,M1056624781,0.0
375,CASH_OUT,333025.05,C1642543188,130851.0,C361693863,0.0
396,CASH_OUT,182175.09,C324528036,19920.0,C973646729,27393.5
526,CASH_IN,33578.87,C912366825,4491961.11,C257651285,273042.82
478,PAYMENT,4706.63,C1621754743,21296.0,M1321855116,0.0
501,CASH_OUT,6183238.55,C1949843837,6183238.55,C392599315,1289583.48
571,CASH_OUT,16931.47,C390175181,31486.0,C889503518,138253.09
402,CASH_OUT,323804.87,C1038429339,0.0,C1021481374,523360.67
476,PAYMENT,12938.59,C368887344,1024.0,M1503204656,0.0
594,TRANSFER,56254.8,C190310969,0.0,C1765318335,261598.91
397,PAYMENT,10951.29,C375015812,5896.0,M1223876360,0.0
397,CASH_OUT,23003.15,C238920393,45395.0,C512956398,140735.04
379,PAYMENT,15082.36,C1256704337,0.0,M1365691768,0.0
514,CASH_OUT,379659.91,C1426102774,1804.0,C502653317,466364.55
397,CASH_IN,127837.31,C803067599,140.0,C523767235,178379.27
407,TRANSFER,1628714.42,C460577402,0.0,C2073696467,4961980.62
694,CASH_OUT,7320.87,C847504527,279.0,C1760705527,0.0
710,PAYMENT,11162.22,C489731213,31409.0,M1832796742,0.0
374,CASH_IN,92460.02,C1055751074,15802.0,C1177940426,79132.97
718,CASH_OUT,1293595.52,C1545616572,1293595.52,C1503189539,0.0
381,PAYMENT,21829.33,C1771871745,21349.0,M1282895084,0.0
661,PAYMENT,10918.46,C1888584266,5870.12,M520193913,0.0
394,CASH_IN,298922.5,C1481979997,5077.0,C359424064,165317.45
490,TRANSFER,1568451.02,C628740339,52159.0,C237594516,8988106.38
379,TRANSFER,195190.18,C1826508030,0.0,C1339150505,480951.72
422,CASH_IN,66526.85,C1586997601,10034281.79,C604107674,1045809.54
522,CASH_OUT,206304.21,C967171969,0.0,C36397836,79937065.6
397,PAYMENT,349.49,C1693931959,0.0,M1137653256,0.0
393,CASH_OUT,158241.83,C918419693,5667.0,C382888788,429177.24
468,TRANSFER,764646.4,C618333968,764646.4,C830994571,0.0
375,PAYMENT,40626.53,C935008843,0.0,M1239659362,0.0
398,CASH_IN,134124.67,C622288171,101118.0,C395033540,102095.24
380,CASH_OUT,240462.92,C1383936846,28472.72,C1122258963,1123581.89
380,CASH_OUT,83472.2,C965167259,207071.66,C705923687,4937602.2
373,TRANSFER,747760.63,C471669393,0.0,C129942530,765578.41
398,CASH_OUT,65485.28,C1721191799,0.0,C1727629207,3387542.04
514,PAYMENT,44764.28,C51454278,54385.0,M2045883323,0.0
625,TRANSFER,1040303.44,C1802530107,1040303.44,C84195630,0.0
382,PAYMENT,12495.83,C1441552162,1239.0,M1558181485,0.0
548,PAYMENT,7574.69,C377370214,509.0,M615195099,0.0
396,CASH_IN,51869.86,C1244112917,50339.0,C249064765,0.0
664,TRANSFER,1990503.94,C1944915883,0.0,C1897022567,2693969.98
695,TRANSFER,125092.56,C1952314133,10340.0,C2034139583,351679.69
383,CASH_OUT,406644.54,C281185826,22743.32,C1843734737,1370090.57
399,TRANSFER,27049.41,C1161153768,936.0,C338391283,7810574.91
522,PAYMENT,1980.23,C161618015,72123.9,M1807236943,0.0
400,CASH_IN,143838.1,C746910947,31372.0,C723382731,11671.34
547,PAYMENT,9409.99,C1031496825,0.0,M1618155863,0.0
373,CASH_IN,7243.56,C1808101339,12356.0,C1005713300,294269.56
544,CASH_IN,69148.54,C832887696,6505424.5,C664404443,653821.05
401,TRANSFER,259603.61,C265882706,0.0,C299897907,521175.29
371,PAYMENT,5144.48,C967680184,3263.33,M129009517,0.0
567,CASH_OUT,139786.54,C840866897,64.0,C545528562,0.0
592,CASH_OUT,376141.41,C1461446032,12255.0,C1958783777,5127022.94
372,CASH_OUT,136591.4,C212128654,151.0,C23334457,276887.69
688,CASH_IN,274816.62,C744292349,9082228.23,C862107384,1290641.22
378,CASH_OUT,88653.63,C976819611,74851.0,C224719506,995659.95
522,PAYMENT,8285.35,C1425918551,101254.18,M129037845,0.0
401,CASH_OUT,272481.93,C1671931752,203914.0,C1924839921,0.0
402,CASH_IN,88116.98,C1508808213,6656864.21,C283606076,195211.77
403,CASH_IN,349612.02,C1798133251,33584.0,C2071735447,0.0
379,CASH_IN,234641.25,C200557224,1272261.18,C768060338,835126.25
398,CASH_IN,117410.48,C449167682,7950281.54,C1341174558,9644391.94
570,CASH_IN,65199.27,C2004304755,3201511.79,C205876009,2073631.22
525,PAYMENT,6239.17,C584093576,109.0,M1578483112,0.0
405,PAYMENT,8470.81,C1954757965,90046.79,M698990688,0.0
378,PAYMENT,6421.39,C1137410750,232.0,M937064580,0.0
360,PAYMENT,5826.52,C804459903,48830.0,M916986002,0.0
402,CASH_IN,300834.08,C1059749515,20737.0,C462401260,59583.7
372,CASH_IN,81365.86,C847740721,41728.0,C523641424,0.0
369,CASH_IN,136908.41,C474402212,3112.0,C1340707077,12534754.32
403,CASH_OUT,39952.79,C1758843318,0.0,C654193860,1235889.43
394,PAYMENT,9953.0,C366480185,0.0,M2050541538,0.0
378,CASH_OUT,168857.88,C407193891,35979.0,C661454912,0.0
656,CASH_IN,3110.06,C1083136870,77189.0,C923209626,0.0
691,CASH_OUT,90245.53,C1426866791,0.0,C456109630,696699.06
373,TRANSFER,642925.44,C1516337599,30447.0,C895071436,0.0
374,DEBIT,1354.95,C707960161,262.0,C1855586422,237416.14
381,CASH_IN,102296.59,C1530991329,94324.98,C180167183,520911.36
538,PAYMENT,12478.66,C1157147234,4163.0,M2057386984,0.0
405,TRANSFER,272843.45,C1838691314,0.0,C314800900,451715.54
495,CASH_IN,304188.61,C693824061,9954.0,C1623358580,0.0
396,TRANSFER,675247.81,C209449441,0.0,C968572982,1932005.49
378,CASH_OUT,170430.44,C1575146261,2213.0,C449383115,0.0
690,CASH_OUT,550435.39,C42160585,21195.0,C1158831965,0.0
526,CASH_IN,218653.47,C29062376,1868424.94,C884892900,225825.36
522,CASH_IN,95352.73,C1750811108,10173385.51,C104136396,7765897.2
542,CASH_OUT,214399.17,C1493563922,0.0,C382108433,863427.65
401,CASH_OUT,195111.28,C2039245631,30783.0,C1825628077,0.0
397,CASH_OUT,250335.78,C1139699632,0.0,C136101228,2962214.44
396,CASH_IN,248245.26,C316812718,14501172.39,C1016490289,1238672.36
379,PAYMENT,1087.42,C2090374770,0.0,M2132315388,0.0
406,CASH_OUT,29644.38,C706315907,0.0,C529271200,1303777.35
375,CASH_OUT,3569.0,C1788274792,22339.2,C1200348316,500603.83
356,PAYMENT,2217.9,C1305215412,580.0,M493688268,0.0
356,CASH_OUT,259116.76,C1722388110,7147.0,C614752864,669805.14
448,CASH_IN,23617.65,C1486211814,10270327.21,C385955898,100214.47
402,CASH_OUT,136745.55,C844260542,0.0,C1078128267,1354271.27
377,CASH_OUT,99562.74,C1393757780,0.0,C1860085570,124877.18
370,PAYMENT,18837.05,C997108670,242522.25,M916203902,0.0
402,CASH_OUT,67206.4,C993083064,80716.0,C574728040,3074598.8
546,TRANSFER,310337.56,C1472002414,0.0,C408142002,2291195.39
599,CASH_OUT,406240.3,C1290168877,0.0,C87345429,585759.32
394,CASH_IN,242934.19,C1682124585,59466.0,C928960767,410328.77
360,PAYMENT,6437.79,C855494719,0.0,M429378745,0.0
404,CASH_OUT,213126.17,C1083448066,0.0,C2004750717,1701548.56
373,CASH_OUT,75258.03,C1403239128,217960.0,C484086575,0.0
594,CASH_OUT,306681.95,C1651425378,5574.0,C1010181661,0.0
370,CASH_OUT,29006.24,C1244406370,698.0,C1771525558,2482641.76
544,CASH_OUT,317218.86,C1651878983,10648.0,C2133113708,88954.49
373,PAYMENT,3527.82,C503708693,135092.7,M116489088,0.0
445,CASH_OUT,100433.21,C1558137654,100433.21,C1468294799,1935472.98
594,PAYMENT,25539.4,C2088783622,0.0,M793669215,0.0
380,CASH_IN,74773.73,C1801574679,31590.0,C544951780,1212773.45
403,PAYMENT,1210.79,C849423709,124363.28,M1165134580,0.0
379,PAYMENT,12294.59,C1485670882,21161.0,M1528333061,0.0
416,PAYMENT,663.51,C194098468,464311.0,M926212567,0.0
402,PAYMENT,4383.28,C1229710274,13077.49,M802469579,0.0
383,PAYMENT,4930.35,C701340650,20672.0,M1442086790,0.0
369,CASH_OUT,368602.85,C844674871,0.0,C1985548768,13157053.18
400,CASH_OUT,195133.46,C807501189,0.0,C1494954893,1999575.8
394,PAYMENT,49021.71,C2082848363,249830.0,M1451857180,0.0
400,CASH_IN,215008.44,C661355868,5047.0,C2133535835,5547110.66
378,TRANSFER,1346794.46,C1795711397,0.0,C986164515,1986714.11
399,CASH_OUT,162448.88,C178077431,10747.0,C1510844321,29412.32
362,CASH_OUT,7677120.59,C2030295854,7677120.59,C383839277,14712164.85
405,CASH_OUT,154103.4,C1427592325,0.0,C634016277,1629995.2
574,CASH_OUT,101740.16,C1562302981,15999.0,C956417396,0.0
382,PAYMENT,5583.55,C407729828,118.0,M337345322,0.0
373,CASH_IN,77431.58,C1997722801,1288386.41,C771740331,317079.96
401,CASH_OUT,171923.53,C1321527446,11461.0,C1266902660,811339.36
564,PAYMENT,8540.88,C440923354,29049.0,M615994039,0.0
587,TRANSFER,188841.12,C1362051855,0.0,C1296919238,5176654.65
356,CASH_IN,51102.87,C1613253905,29867.0,C1825218232,0.0
403,PAYMENT,21238.4,C1358732548,0.0,M251217510,0.0
380,PAYMENT,31394.0,C1874443688,1784.0,M664958948,0.0
393,PAYMENT,35494.94,C79950532,23141.0,M1352587711,0.0
694,PAYMENT,12406.44,C1120772486,19856.0,M387132919,0.0
404,TRANSFER,221520.94,C1474018234,25586.0,C671390677,149664.61
393,TRANSFER,1500498.98,C1650091015,0.0,C252670712,5128057.74
358,PAYMENT,17379.64,C1307075047,44.0,M1629760830,0.0
476,PAYMENT,4034.13,C1182171062,0.0,M435071722,0.0
694,TRANSFER,306047.9,C584450640,2091.0,C321860348,0.0
374,CASH_IN,179667.45,C472584163,104250.0,C1061114768,0.0
687,PAYMENT,3797.82,C1741951628,11572.0,M1505623128,0.0
379,TRANSFER,560101.16,C432744128,13917.81,C477840670,4046261.48
395,CASH_IN,79114.34,C1662459244,2044756.17,C1589443820,720156.79
681,CASH_OUT,42433.15,C805615792,95294.02,C179809494,388555.24
405,PAYMENT,8206.55,C1029047067,5558.0,M901463853,0.0
692,CASH_OUT,44239.07,C1200398223,0.0,C1664032731,1747683.07
378,CASH_OUT,67485.51,C723794174,133.0,C1535714747,21104.51
356,PAYMENT,19663.7,C819080624,555.0,M824832213,0.0
369,TRANSFER,146979.13,C677665231,0.0,C190013704,1356166.05
527,PAYMENT,14267.35,C1154228310,0.0,M475424728,0.0
356,CASH_OUT,53468.48,C1326026151,25647.0,C526997132,1488778.7
451,TRANSFER,475693.24,C733845370,475693.24,C1425128293,0.0
380,CASH_IN,277860.51,C307907534,4100282.69,C1301969886,619271.39
405,PAYMENT,10606.53,C2088680704,18.0,M1235406158,0.0
379,CASH_OUT,65375.61,C371327650,201022.0,C1818628588,0.0
408,PAYMENT,2544.81,C1997103484,360.0,M1561107306,0.0
550,CASH_IN,63504.0,C49405029,36821.0,C184482475,1640699.04
371,CASH_OUT,272701.13,C1564243550,20.0,C1137751022,0.0
374,PAYMENT,38918.72,C105235417,0.0,M436342463,0.0
656,PAYMENT,2389.72,C1202547210,9201.0,M795776069,0.0
400,CASH_OUT,462966.68,C1985835076,8587.0,C337108756,421455.95
538,PAYMENT,2186.86,C1528349086,351250.0,M1314804646,0.0
478,PAYMENT,15769.63,C1873785185,18129.0,M2135151507,0.0
396,PAYMENT,310.85,C537224906,0.0,M945759590,0.0
384,CASH_OUT,159847.79,C994891374,45080.41,C1187753391,664249.56
403,PAYMENT,46925.78,C955282204,0.0,M911592897,0.0
442,CASH_OUT,249634.94,C412786017,48655.0,C738304990,287992.85
398,CASH_IN,338680.88,C1295970129,20202.0,C537238490,1486732.49
379,PAYMENT,5688.73,C1428114194,6583.99,M647859913,0.0
520,CASH_IN,40264.09,C1627032333,0.0,C590386686,1535486.6
379,CASH_OUT,94829.94,C1568286645,0.0,C1277622317,241487.85
380,CASH_OUT,155405.31,C780132950,53092.0,C1377591980,0.0
597,PAYMENT,8866.48,C1611178989,9489.81,M4434897,0.0
402,PAYMENT,40505.31,C1165281062,73426.0,M938193768,0.0
569,CASH_OUT,22117.99,C1522253641,22117.99,C104739224,581228.15
718,PAYMENT,1022.91,C1203084509,12.0,M675916850,0.0
695,CASH_IN,14998.63,C1784556480,88914.0,C183776611,549471.29
380,CASH_OUT,34844.21,C1191734283,9964.0,C170862699,23241.05
397,PAYMENT,6431.81,C1154370066,0.0,M975974699,0.0
379,TRANSFER,40155.13,C883704875,347154.31,C172197407,226727.82
379,PAYMENT,23546.13,C378762293,37235.0,M260289770,0.0
380,CASH_OUT,115443.87,C1402287132,0.0,C10233017,206779.0
371,CASH_OUT,32930.51,C947215241,0.0,C2039590579,1122456.35
398,PAYMENT,9268.17,C44120853,0.0,M1985020618,0.0
406,PAYMENT,29378.31,C1604061660,885115.03,M807585962,0.0
370,CASH_OUT,229161.68,C1924965083,13613.0,C1888769821,107670.32
400,PAYMENT,6904.02,C1461542840,0.0,M2053969776,0.0
474,CASH_OUT,171120.39,C613548613,18719.0,C1830823146,5060277.27
705,CASH_IN,11955.48,C210559543,6270630.33,C283895967,182735.01
595,TRANSFER,262807.42,C1426422524,2091.0,C1100545273,10731.88
686,CASH_OUT,123679.9,C1763461488,0.0,C1526365985,603133.63
644,PAYMENT,23420.6,C1569020149,30602.0,M377624239,0.0
383,PAYMENT,8317.3,C646156031,143538.0,M1757267642,0.0
371,PAYMENT,17828.3,C1707706565,17189.0,M1313938679,0.0
356,CASH_OUT,94924.54,C29480710,0.0,C812255940,1261453.98
406,PAYMENT,20171.13,C1262316916,4504.0,M460175009,0.0
596,CASH_OUT,145894.5,C1322890318,0.0,C138584853,8151711.94
520,TRANSFER,212297.25,C986932244,0.0,C1357956554,513890.16
404,PAYMENT,11391.96,C1156376844,70958.64,M163862821,0.0
399,CASH_OUT,467095.19,C448117485,161473.0,C1912573176,0.0
396,CASH_IN,40797.44,C1580256349,28206930.06,C1898440877,99865.56
426,CASH_OUT,172939.38,C156229444,0.0,C1576671719,18083797.22
610,CASH_IN,61902.86,C821986467,7433534.26,C741609062,2281098.31
383,CASH_OUT,643968.43,C833186368,73944.0,C583433847,1910714.05
405,CASH_IN,57641.27,C396262084,129781.0,C113405048,0.0
408,PAYMENT,19399.86,C1114216226,0.0,M544235509,0.0
397,CASH_IN,48647.86,C253320005,11777112.06,C1900915546,1448280.59
407,PAYMENT,7854.67,C189911730,8274.0,M425882083,0.0
379,CASH_IN,142021.24,C1477568862,9601439.89,C735994254,9962241.54
399,CASH_IN,54496.49,C1246964336,1169693.88,C2134588368,1825074.91
404,PAYMENT,32531.32,C1312210373,179756.84,M1217550079,0.0
356,TRANSFER,325018.96,C960696123,0.0,C993751000,1003867.17
403,CASH_OUT,16820.51,C234059597,89757.55,C1490016155,552812.49
718,PAYMENT,21576.14,C1037620927,158.0,M1280143946,0.0
492,CASH_IN,82202.03,C1005084290,3045594.61,C202510881,220292.38
686,PAYMENT,3460.83,C99924798,0.0,M341936777,0.0
356,PAYMENT,12443.57,C26040453,5501.0,M128683283,0.0
565,PAYMENT,7408.8,C879877319,0.0,M465298713,0.0
405,CASH_OUT,206312.78,C677923609,342865.0,C1847405587,203195.83
592,PAYMENT,9740.67,C1578668530,494110.37,M2104753467,0.0
380,PAYMENT,9024.39,C1807201095,244108.55,M174493312,0.0
373,CASH_OUT,208614.32,C796420866,31759.11,C792605280,392142.78
377,PAYMENT,4360.52,C1892423919,0.0,M1976624994,0.0
370,CASH_OUT,194113.89,C834421494,0.0,C330624590,5461894.41
374,CASH_IN,470104.45,C868912099,437266.07,C1862380526,8026272.23
403,CASH_OUT,9500.39,C757334347,0.0,C1983527478,8966028.09
399,CASH_IN,104326.4,C16008925,0.0,C245668596,9612558.09
567,PAYMENT,3313.28,C1151105774,2357.0,M2096402544,0.0
377,CASH_IN,92424.28,C313203250,450079.66,C1163718087,1060356.53
376,CASH_OUT,370770.47,C2058902157,0.0,C367839105,819477.36
399,CASH_OUT,174288.42,C1759706524,0.0,C769641126,639284.62
371,PAYMENT,26601.02,C1760864446,22267.0,M1181717692,0.0
403,CASH_OUT,148009.07,C1627091979,11389.0,C1641572188,196008.74
405,CASH_IN,121140.63,C778960410,10224917.38,C492464343,863858.98
373,CASH_OUT,134441.21,C2144422175,0.0,C1760337439,3952293.7
395,TRANSFER,1379628.92,C2006673334,0.0,C992122986,2668990.09
356,CASH_OUT,298752.65,C443997186,340818.0,C1297511106,0.0
374,CASH_OUT,124143.37,C124181619,14503.0,C446087349,0.0
393,CASH_OUT,262119.83,C1333496322,0.0,C464209410,1425923.68
400,PAYMENT,15209.65,C1124403689,0.0,M346862206,0.0
458,CASH_OUT,28013.99,C1719312846,0.0,C2016600496,233868.71
563,CASH_IN,206605.64,C1074236562,925201.28,C1723664289,847344.74
594,PAYMENT,22981.34,C219811904,44935.0,M1959367565,0.0
356,CASH_OUT,187913.71,C1714759035,0.0,C1605118739,227085.21
376,PAYMENT,8965.47,C1887852620,80046.0,M1393960528,0.0
378,CASH_OUT,289784.97,C238247365,0.0,C1964989964,940981.94
384,PAYMENT,5875.91,C1342487201,27125.0,M2034776447,0.0
358,CASH_OUT,185429.53,C1089990479,0.0,C803802120,2235539.77
381,CASH_IN,44923.32,C740386485,21813.0,C629545400,0.0
394,CASH_IN,91647.0,C141988310,5576402.53,C1598399547,1194991.16
404,CASH_IN,167238.31,C304241256,3062441.96,C1852218148,508384.3
356,PAYMENT,5160.13,C955565273,135987.0,M844652883,0.0
705,CASH_IN,20802.24,C1723417902,6184755.14,C886781735,59456.43
396,CASH_IN,76192.87,C1542061545,6900728.17,C85921766,96525.87
375,CASH_OUT,9707.96,C1433906505,86508.67,C524206469,52912.76
405,PAYMENT,8712.54,C298484790,11502.0,M1376986099,0.0
394,PAYMENT,158.51,C2044919988,15302.0,M1302346332,0.0
404,CASH_OUT,116333.15,C75379472,0.0,C987706248,2915000.44
379,CASH_OUT,37848.72,C741149619,0.0,C2027443191,133191.16
377,CASH_OUT,47643.71,C288443808,0.0,C454041823,48464311.49
372,CASH_IN,246572.75,C1011778976,6433370.29,C1484142451,500318.17
398,PAYMENT,31037.65,C5167172,1546.0,M1486960892,0.0
365,CASH_OUT,31315.51,C610867855,31315.51,C1823561951,3639775.06
371,PAYMENT,8881.02,C1414010791,13949.0,M1967876300,0.0
571,PAYMENT,9061.71,C572990996,44528.98,M1200974231,0.0
393,CASH_OUT,203799.47,C18939713,0.0,C142076417,3089934.58
552,PAYMENT,2200.91,C348829617,337.0,M1546726262,0.0
710,TRANSFER,1371322.0,C378242927,1371322.0,C601312976,0.0
380,PAYMENT,11391.09,C928180068,103509.0,M421696652,0.0
378,CASH_OUT,155954.72,C725749936,20271.0,C1380619928,0.0
402,TRANSFER,544162.73,C1265413228,0.0,C1600171046,1011938.84
397,CASH_OUT,47692.34,C2066671050,63291.0,C150505503,302902.74
407,CASH_IN,13710.24,C1485104732,23406.0,C434003582,127287.5
394,CASH_OUT,171554.65,C1210184890,91419.0,C587967822,0.0
690,CASH_IN,196891.05,C824705229,69466.0,C420892238,0.0
422,CASH_OUT,413233.09,C129198079,104233.0,C101484535,370475.9
421,CASH_OUT,19729.68,C1979477621,19729.68,C1623524019,0.0
372,CASH_OUT,71567.95,C810774046,0.0,C330930020,131486.44
404,CASH_OUT,335662.48,C1131630642,0.0,C981069632,2337553.51
573,PAYMENT,3051.2,C1578541857,0.0,M1578279890,0.0
395,CASH_OUT,61458.95,C1371642209,384370.96,C1451865638,539860.9
397,CASH_IN,88787.3,C841775903,5721384.32,C1850314162,1279468.97
378,CASH_IN,86593.31,C1683520085,473.0,C2033039656,0.0
398,PAYMENT,21638.35,C761481212,0.0,M1200267489,0.0
371,CASH_IN,284413.69,C914263994,774783.99,C1146748121,308972.77
395,CASH_IN,166751.66,C1973637124,1781062.34,C1054082845,16120641.54
709,PAYMENT,22983.67,C1951209160,38326.0,M857461136,0.0
369,CASH_OUT,426714.58,C1029140176,184030.0,C594954491,0.0
359,CASH_OUT,103246.17,C1117084809,0.0,C2073577911,691397.5
401,PAYMENT,24586.89,C1962516380,233384.74,M1362690600,0.0
359,CASH_OUT,7428844.46,C2052842135,7428844.46,C1331351284,0.0
500,CASH_OUT,88754.01,C8072175,18884.0,C992410235,45236.61
357,CASH_IN,199406.04,C789646378,40768.0,C652179596,210326.31
370,CASH_IN,117613.37,C576394597,5014496.44,C497059726,151568.25
686,CASH_IN,43469.04,C1812949183,21770.0,C946390410,0.0
394,CASH_IN,223945.96,C1435475117,4178338.29,C1800288535,3940240.25
370,CASH_OUT,211342.66,C1605445322,0.0,C1665024286,5361224.88
381,PAYMENT,4453.48,C1272734154,35196.0,M2114213306,0.0
379,PAYMENT,4357.27,C1180272296,1856.0,M648733583,0.0
356,TRANSFER,836393.16,C1806857825,6234.0,C1896552109,0.0
574,CASH_IN,271715.47,C401695362,4942635.67,C1468682264,792090.23
526,TRANSFER,1268859.19,C1203976859,0.0,C830132247,2290621.28
379,PAYMENT,11947.36,C960345888,55874.81,M1482937592,0.0
375,PAYMENT,6883.39,C1052992150,64077.0,M1585310888,0.0
606,TRANSFER,6575903.12,C2128461532,6575903.12,C792804461,0.0
371,CASH_IN,627888.14,C1654111202,24637.0,C432694005,0.0
401,PAYMENT,70477.0,C1528222977,183840.0,M1858588775,0.0
379,TRANSFER,531908.56,C1095520768,182394.71,C1690933552,42177140.37
407,PAYMENT,25036.69,C1016221888,31670.0,M2066940807,0.0
397,TRANSFER,378443.36,C1108297965,425.0,C293507273,1315852.66
476,TRANSFER,468599.79,C1023402674,468599.79,C1914393339,0.0
356,CASH_IN,19016.76,C657409798,2956036.18,C1045862547,2061921.57
371,CASH_OUT,191909.33,C1106944531,83.0,C903998352,0.0
394,PAYMENT,48104.51,C417276773,0.0,M1956387297,0.0
357,CASH_IN,260583.14,C289384557,456391.94,C240220886,682726.65
396,CASH_OUT,248487.26,C381842682,0.0,C652394107,3369208.33
500,CASH_IN,216878.66,C1476834464,464.0,C181079057,28190.22
407,CASH_OUT,721590.05,C1376445393,97650.52,C1330501519,2830883.3
614,TRANSFER,38187.27,C2052190092,195.0,C145649207,1030942.66
406,PAYMENT,23720.26,C1275639469,67673.0,M1185014830,0.0
399,CASH_IN,155287.21,C1692661077,18158763.81,C1413343414,2808272.06
545,CASH_OUT,46762.81,C1479408652,210357.37,C877063358,77336.05
356,CASH_IN,98540.61,C783193133,111331.0,C422461387,297821.62
397,PAYMENT,13839.39,C1459819881,5015.0,M1375600452,0.0
474,TRANSFER,295721.58,C657033756,50104.0,C1104493948,0.0
383,CASH_OUT,2100.99,C1977955332,0.0,C840080456,96881.73
547,CASH_OUT,109735.16,C173297084,0.0,C1522487874,677383.55
599,PAYMENT,1702.41,C366619155,254460.0,M2079968733,0.0
524,PAYMENT,397.11,C2093551965,9949.0,M1291007477,0.0
396,CASH_IN,279639.83,C2125247931,54956.0,C1305403366,12585.9
540,CASH_OUT,105119.55,C1140240041,541.0,C998138560,0.0
378,PAYMENT,855.08,C1034296591,0.0,M1933444977,0.0
372,TRANSFER,701427.73,C536452042,0.0,C611602193,1246810.76
376,PAYMENT,10508.1,C122405515,0.0,M649631728,0.0
397,TRANSFER,380463.73,C697445154,0.0,C1339658262,636033.03
369,CASH_OUT,137191.15,C1743679867,11331.0,C1312709806,727512.19
406,CASH_OUT,68007.38,C1941579575,24786.08,C1089648948,276768.66
395,PAYMENT,18951.82,C163269139,0.0,M1130620095,0.0
514,PAYMENT,4966.98,C558835458,0.0,M1243756177,0.0
379,PAYMENT,9975.58,C1623791151,103716.0,M1423794554,0.0
394,PAYMENT,7539.58,C1921010033,201930.94,M1550382816,0.0
526,PAYMENT,5959.13,C1446292048,19711.0,M1980627206,0.0
402,CASH_OUT,105557.67,C2041672229,12813.0,C704722696,9854.79
596,CASH_OUT,4091.2,C132336286,0.0,C1725025770,5150482.86
356,PAYMENT,2688.94,C542125705,407556.0,M1142221520,0.0
382,CASH_IN,171985.89,C561958696,201836.0,C768825615,275338.08
585,CASH_OUT,200979.87,C833817458,816.0,C47706814,258884.69
380,PAYMENT,21147.94,C1884124849,0.0,M100262857,0.0
378,CASH_IN,94003.59,C1237989765,1103875.97,C1616857423,281336.89
399,TRANSFER,354304.36,C1884126687,100057.0,C1596886094,66510.55
376,CASH_OUT,108770.61,C305896607,0.0,C983149047,772576.64
402,CASH_IN,208295.33,C1184507308,9452111.73,C1810356890,390584.71
379,CASH_OUT,77854.62,C1127592063,79291.0,C374591438,0.0
514,PAYMENT,41333.27,C1950926360,13809.0,M1920772159,0.0
398,PAYMENT,5391.87,C1709972760,203058.0,M727517271,0.0
394,CASH_OUT,22423.21,C316660646,40677.0,C1859283594,2668496.86
687,CASH_OUT,619380.77,C275546075,284.0,C563133067,0.0
399,PAYMENT,5184.58,C1395953352,20460.64,M162275500,0.0
369,TRANSFER,27302.67,C1653282478,21272.0,C1952515786,0.0
397,PAYMENT,20158.67,C1230228443,87939.01,M434714111,0.0
527,PAYMENT,2787.85,C971314877,20186.0,M2069003355,0.0
486,TRANSFER,4505012.56,C1899244815,4505012.56,C1848485369,0.0
576,PAYMENT,11442.66,C1389141346,29792.0,M1267680750,0.0
373,PAYMENT,31131.18,C750500360,0.0,M221339021,0.0
423,CASH_IN,94333.1,C1869626477,3029112.49,C1727205892,3145864.21
545,CASH_IN,309675.13,C234801476,6516055.59,C918599218,2522552.44
692,PAYMENT,5420.6,C1528078724,31222.0,M1985840568,0.0
370,CASH_OUT,291509.48,C2017898590,0.0,C456543527,21943389.14
356,PAYMENT,11515.23,C470508882,2781.17,M1529795317,0.0
369,CASH_OUT,129191.09,C336373894,1010.0,C669037637,8766053.01
380,PAYMENT,57045.16,C741299960,0.0,M1283985981,0.0
380,PAYMENT,2541.52,C1874814118,0.0,M712030072,0.0
356,TRANSFER,411671.07,C1676152952,0.0,C204820921,782266.5
374,CASH_IN,214880.8,C1123875883,20435.0,C2123845464,389801.17
372,TRANSFER,424080.52,C1713329452,102983.0,C235583941,20763.62
395,PAYMENT,34440.08,C707163389,15628.0,M756865698,0.0
378,PAYMENT,2897.14,C2006853046,0.0,M1217336170,0.0
383,CASH_IN,198010.91,C535540359,968785.63,C2062365049,3791720.42
473,TRANSFER,70239.81,C731157772,70239.81,C182956313,0.0
682,TRANSFER,5271.46,C1799298799,5271.46,C825667044,0.0
405,CASH_IN,176544.61,C2144430283,2259584.27,C170744022,1014448.43
398,PAYMENT,709.85,C1282146605,414.0,M1780092368,0.0
544,PAYMENT,15152.25,C5880973,459231.62,M1187661009,0.0
381,CASH_OUT,24719.12,C1938442098,41831.0,C2074843580,181879.32
402,CASH_OUT,123012.81,C1053429936,302.0,C750749695,176547.09
588,PAYMENT,7154.64,C1686902211,47241.04,M962059399,0.0
672,TRANSFER,330756.72,C2036720607,330756.72,C2048695496,0.0
401,CASH_OUT,109867.31,C32497569,60636.0,C1075344969,141000.07
379,CASH_OUT,405571.54,C123537164,0.0,C237417546,5438381.47
405,CASH_IN,223576.98,C1730079336,10166.0,C615509434,27579.67
396,CASH_OUT,253329.14,C253682335,120651.0,C2041748907,608011.92
372,PAYMENT,18043.01,C965102604,11368.0,M543766423,0.0
402,PAYMENT,4332.19,C782900603,0.0,M1413287927,0.0
379,CASH_IN,131751.39,C1940285111,13441771.41,C1699990965,1326645.73
505,PAYMENT,22964.95,C1824419874,777.0,M359951325,0.0
373,TRANSFER,383395.39,C1448485813,0.0,C472935964,3402213.03
514,CASH_IN,360643.66,C1188960764,414179.48,C1584518006,7473902.06
687,CASH_IN,59992.74,C665985331,7867495.79,C1156843272,4219524.16
522,CASH_OUT,367524.75,C1845781698,11211.0,C1822713822,162557.9
405,PAYMENT,8127.74,C2069428999,161.0,M483719644,0.0
566,PAYMENT,15660.37,C1069100089,0.0,M108836253,0.0
524,PAYMENT,15986.13,C2042216488,0.0,M1471968616,0.0
612,CASH_IN,360959.85,C282720989,6890011.34,C531224526,420628.05
400,CASH_OUT,418982.23,C633863501,420093.0,C681549879,847727.25
403,PAYMENT,10120.48,C284448877,177596.17,M978283248,0.0
474,PAYMENT,6422.83,C832190857,0.0,M2118117719,0.0
398,CASH_OUT,158556.21,C1107041903,10020.0,C2145980488,187156.54
474,CASH_OUT,13461.84,C1228190124,461.0,C1002952732,586870.12
371,CASH_IN,112934.95,C1066940432,459800.01,C48280304,299798.67
405,CASH_IN,320732.18,C213786352,4316.0,C140371831,26474.46
396,CASH_OUT,329303.9,C908520294,16997.0,C1001966707,455934.11
372,PAYMENT,26071.44,C1626322069,437611.96,M768426976,0.0
404,PAYMENT,8833.03,C1379748883,1796.0,M1664975324,0.0
383,PAYMENT,5757.28,C1795615076,20808.0,M1905804664,0.0
362,PAYMENT,5480.07,C1674803892,20471.52,M1659288796,0.0
522,CASH_OUT,158342.94,C1266608126,0.0,C753926456,30491582.81
422,PAYMENT,2799.82,C70222098,0.0,M626542639,0.0
394,PAYMENT,761.85,C1121139084,0.0,M630254895,0.0
380,CASH_IN,344944.58,C1910368096,5398966.68,C1814978550,3314404.87
376,PAYMENT,15500.96,C2076993014,91440.81,M1001724059,0.0
394,CASH_OUT,220032.37,C1623902766,328.0,C1722291931,0.0
406,CASH_OUT,162819.62,C153883283,0.0,C1350300300,9178654.24
373,CASH_OUT,127529.52,C1090161622,21884.0,C1112153290,0.0
399,CASH_IN,203423.57,C788585220,4960226.13,C961191980,3693164.22
717,CASH_IN,71025.78,C460636949,1171.0,C836844244,127528.8
452,CASH_OUT,24910.31,C1384295717,5007.0,C1924825840,26847.73
565,CASH_OUT,118722.34,C1535515046,0.0,C279554391,2682403.07
404,CASH_IN,439311.7,C1380884235,1320803.86,C1975910538,1456482.26
379,CASH_OUT,188147.84,C1328556992,0.0,C1467801332,603905.96
402,PAYMENT,15899.05,C1760311922,0.0,M642408914,0.0
379,PAYMENT,3146.36,C912441307,0.0,M110451518,0.0
546,CASH_IN,227691.55,C472845074,7416395.6,C313283020,10940549.3
381,TRANSFER,808.57,C153638026,614.0,C1310881169,780184.72
592,PAYMENT,504.41,C586064569,60029.0,M1282536708,0.0
401,CASH_OUT,44284.72,C1623009470,0.0,C904568643,613807.26
372,PAYMENT,14717.66,C541865044,1462.0,M776513772,0.0
374,CASH_IN,101339.83,C560754277,904177.74,C1519392272,390787.02
398,CASH_OUT,120122.87,C1796390323,0.0,C272800280,1293507.51
402,CASH_OUT,15470.31,C135520490,102205.0,C1763015774,0.0
399,CASH_OUT,432464.76,C1010177209,1066.0,C724701106,0.0
400,CASH_OUT,24069.84,C391470327,0.0,C1966110796,75415.27
596,CASH_IN,456653.9,C1125268266,11882661.7,C966995914,15698523.71
479,PAYMENT,4692.18,C1972773729,107186.0,M1075119384,0.0
359,CASH_OUT,47233.5,C907798750,11832.0,C260332855,263181.04
661,PAYMENT,6097.63,C1482986661,0.0,M1482578887,0.0
402,PAYMENT,31759.16,C693257991,99576.0,M2144500482,0.0
393,CASH_OUT,73043.53,C867643476,0.0,C1098654638,175897.39
358,PAYMENT,22265.43,C1626966409,5998.0,M574273818,0.0
401,PAYMENT,11893.15,C744890470,0.0,M292357101,0.0
458,TRANSFER,167806.93,C1165837899,167806.93,C2049883242,0.0
694,PAYMENT,41110.41,C1165634220,0.0,M1597488243,0.0
358,CASH_OUT,77958.0,C1728814841,182155.0,C1327450308,472315.39
399,PAYMENT,54312.01,C63329772,123.0,M1155680404,0.0
692,CASH_OUT,66422.52,C1124371735,0.0,C1244598244,1774267.01
403,CASH_OUT,21506.0,C945437372,19445.0,C1559916304,0.0
377,CASH_OUT,234626.4,C961079887,0.0,C1256314902,921419.29
372,PAYMENT,32058.12,C1376204346,0.0,M1288653961,0.0
376,CASH_IN,77447.94,C1663620716,6467898.22,C906701163,4693806.64
370,CASH_IN,246542.14,C1990797684,5352674.66,C1643541383,1223068.19
393,CASH_OUT,522504.25,C229693208,51178.0,C1892835301,0.0
374,DEBIT,7355.8,C999461020,67064.0,C651209758,3486283.26
380,CASH_IN,82745.52,C1514745531,256.0,C2041045425,0.0
478,PAYMENT,14704.06,C1390504458,75162.0,M224569512,0.0
661,PAYMENT,4435.46,C245393269,6934.0,M1834986081,0.0
376,CASH_IN,77192.77,C1204485952,39867.0,C1385531545,0.0
394,CASH_OUT,251661.06,C2058655456,0.0,C1448229649,7330657.69
401,TRANSFER,509290.54,C1576470643,0.0,C166762771,1889682.54
476,PAYMENT,2207.26,C408880788,24816.42,M2083588823,0.0
380,CASH_OUT,24367.76,C1058089197,10538.0,C217044139,90425.85
400,TRANSFER,851772.73,C1276932991,2295.0,C809314196,357266.41
370,CASH_OUT,13943.99,C1657536435,0.0,C1307983841,2028428.46
402,CASH_IN,104101.37,C1488137684,2336508.57,C1544158131,310817.45
687,PAYMENT,8083.97,C1829524955,9948.0,M2410934,0.0
411,TRANSFER,6370726.84,C303116308,6370726.84,C1806524190,0.0
403,CASH_OUT,190415.32,C389540748,488.0,C208944924,2988974.82
376,PAYMENT,10656.55,C740080481,355896.93,M1531240901,0.0
627,CASH_OUT,953529.64,C969013741,953529.64,C782712589,0.0
357,TRANSFER,300588.88,C916332145,30072.0,C1940589354,0.0
371,PAYMENT,23508.27,C149896443,0.0,M1511355898,0.0
370,CASH_OUT,293029.46,C217586264,204645.0,C881917211,0.0
372,CASH_OUT,356477.04,C124220386,0.0,C1054061213,444333.48
397,TRANSFER,40433.84,C1853365530,40433.84,C367340563,0.0
401,CASH_OUT,70158.8,C527507312,648.0,C1395503180,310197.99
394,CASH_OUT,187567.68,C1283660504,11865.0,C674728890,0.0
637,CASH_OUT,37911.6,C1709645229,18876.0,C887675081,0.0
500,PAYMENT,11617.22,C1664098422,11333.0,M107322890,0.0
619,TRANSFER,945131.71,C411013894,945131.71,C1546732203,0.0
408,TRANSFER,2567602.1,C1191696703,2567602.1,C1815124854,0.0
373,PAYMENT,33376.94,C1325196055,180342.75,M21301368,0.0
375,CASH_OUT,58691.46,C1005706527,0.0,C299111760,1091588.94
595,CASH_OUT,405540.87,C1968510946,0.0,C747330351,1114136.37
396,CASH_OUT,10082.05,C205415414,103561.0,C888959026,9936.85
382,PAYMENT,17519.43,C1841655937,0.0,M1499211252,0.0
500,TRANSFER,269698.15,C1589692099,0.0,C34220220,395515.19
369,PAYMENT,14479.43,C1595340678,0.0,M703515598,0.0
404,CASH_OUT,83692.48,C992599013,55.0,C1362553207,27467.07
374,CASH_OUT,430337.23,C702536052,0.0,C1064358025,901679.21
374,CASH_IN,264178.07,C152730147,160408.0,C1231427331,224361.51
399,PAYMENT,55405.76,C1603716914,223753.0,M1652598255,0.0
403,CASH_OUT,230125.98,C580859750,0.0,C541692540,718741.03
592,PAYMENT,12753.78,C252328833,0.0,M1557226949,0.0
644,CASH_IN,51221.83,C1777712004,5029.0,C287933084,8797016.72
378,PAYMENT,233.56,C387577343,0.0,M894868746,0.0
619,CASH_OUT,97161.06,C1859758846,566.0,C1715704807,0.0
398,TRANSFER,893117.47,C1384180986,69190.0,C2034442325,0.0
522,PAYMENT,7645.79,C792206475,0.0,M806087004,0.0
484,TRANSFER,67692.41,C1373191789,67692.41,C542398643,0.0
374,TRANSFER,1564063.91,C1861967608,11358.0,C486322347,573636.72
383,PAYMENT,11240.63,C1741007646,10517.0,M997971178,0.0
692,PAYMENT,3014.79,C1213541944,29403.0,M1017779188,0.0
393,TRANSFER,748556.83,C331904341,0.0,C71956904,871190.38
595,CASH_OUT,119795.12,C941774183,124900.0,C1933000178,0.0
393,CASH_OUT,365027.74,C1338377380,26655.0,C320496206,2927605.94
374,CASH_OUT,119421.77,C1157988589,0.0,C1087153549,429846.12
384,CASH_OUT,199376.52,C598505256,0.0,C1345768719,558508.39
393,PAYMENT,2633.5,C662051246,31174.0,M2130881441,0.0
357,CASH_IN,244043.52,C835170752,15154.0,C1905034640,4998429.91
374,TRANSFER,727734.68,C943659507,6577.27,C1113840607,1095451.31
449,CASH_OUT,166880.54,C1410981762,166880.54,C1352381069,0.0
690,PAYMENT,45404.13,C1655017417,10583.29,M909932226,0.0
374,CASH_IN,368545.84,C507296802,1679483.82,C2021863384,5981048.9
571,CASH_OUT,265265.56,C2024456176,9902.0,C1644448984,15822.02
380,PAYMENT,8273.23,C1966427989,39859.0,M1918072044,0.0
399,TRANSFER,620782.87,C467894310,0.0,C256570008,681411.89
712,CASH_OUT,16514.64,C776636792,16514.64,C1609425156,0.0
599,DEBIT,943.98,C217764218,784215.0,C908632868,29925.77
399,CASH_IN,335397.14,C2083769214,13061.0,C34066176,0.0
550,CASH_IN,112023.38,C2066178244,24504.0,C1222504732,0.0
398,PAYMENT,6717.91,C1472566884,0.0,M1647085277,0.0
586,PAYMENT,7167.78,C1585593442,0.0,M244278566,0.0
688,CASH_OUT,51265.41,C711131092,99431.0,C1239916279,0.0
396,PAYMENT,44595.47,C592509784,212815.0,M400142082,0.0
396,CASH_OUT,307722.17,C2052955290,11490.0,C800136486,761587.56
402,PAYMENT,17272.09,C1170285197,24079.0,M654080936,0.0
404,PAYMENT,8112.08,C1081288988,0.0,M1816468262,0.0
398,TRANSFER,280509.92,C1076680342,0.0,C1711025937,281769.97
396,PAYMENT,22316.23,C1117571734,0.0,M143087717,0.0
399,CASH_OUT,92295.37,C2088638536,11265.0,C461222391,9182.3
370,CASH_OUT,29968.91,C1861698412,90110.0,C1118869548,65334.87
404,PAYMENT,5230.79,C402058930,50995.0,M650277638,0.0
396,CASH_OUT,98928.81,C1391094093,0.0,C8555213,772136.47
571,PAYMENT,6795.21,C1536186128,854042.0,M175018647,0.0
398,CASH_IN,161650.4,C929816238,11176773.85,C1256284437,5342861.89
582,PAYMENT,15942.42,C957739463,30987.0,M1867663709,0.0
742,TRANSFER,1819543.69,C2089752665,1819543.69,C112833674,0.0
588,CASH_IN,27217.06,C403696373,296.0,C705048949,0.0
399,TRANSFER,205170.29,C1059269221,205170.29,C1610878503,0.0
400,CASH_IN,123059.71,C1504914229,22328884.94,C1724116341,3370364.11
617,PAYMENT,908.6,C74519953,0.0,M1743966506,0.0
369,CASH_OUT,128667.83,C340450120,0.0,C937106427,1616920.03
393,PAYMENT,22454.68,C25069486,21105.0,M1596579267,0.0
395,CASH_IN,197835.04,C2008189935,14236378.76,C431923798,3438967.75
404,PAYMENT,14811.36,C1465501294,0.0,M1929635383,0.0
378,CASH_OUT,161519.83,C955683972,173.0,C434314318,798991.0
369,PAYMENT,22209.25,C33961495,385137.58,M1393865324,0.0
369,PAYMENT,11585.22,C444153773,57421.0,M2098523159,0.0
402,CASH_IN,30451.24,C1942787741,238.0,C1151400454,0.0
406,PAYMENT,5769.97,C1851881228,164410.84,M1374430737,0.0
369,PAYMENT,39524.16,C549603749,74688.0,M924014163,0.0
401,TRANSFER,941626.92,C24654256,0.0,C593644351,1084404.66
400,CASH_OUT,45507.26,C239159434,0.0,C473478106,363746.68
692,PAYMENT,31148.03,C1376177077,0.0,M1045400436,0.0
690,PAYMENT,2864.65,C205921575,451.0,M183675843,0.0
408,PAYMENT,6241.16,C852323605,500412.0,M524463395,0.0
378,PAYMENT,19897.15,C1428522853,41295.0,M1702393308,0.0
394,PAYMENT,27883.17,C176993614,0.0,M144221640,0.0
377,CASH_OUT,59852.87,C517262914,21405.0,C1079440132,0.0
375,CASH_IN,33398.95,C804540315,25768.0,C1033563977,0.0
402,CASH_OUT,190464.47,C1644145371,0.0,C847737301,7763100.55
402,CASH_IN,307185.15,C1957343306,7770670.92,C911269101,8465757.94
720,TRANSFER,561027.94,C1493011618,561027.94,C1620712399,0.0
402,CASH_OUT,184357.38,C232557465,10010.0,C1916033320,894.77
596,CASH_OUT,296011.64,C187201392,0.0,C152421256,2764110.77
402,CASH_OUT,265367.33,C980339765,910.0,C1451331469,926548.63
397,CASH_OUT,52476.86,C1095005869,14035.0,C96164773,356148.02
407,PAYMENT,6672.49,C1204258556,9584.0,M353432384,0.0
595,CASH_IN,275652.44,C1551098898,1374881.73,C2111382869,308648.32
396,PAYMENT,2871.21,C305521879,0.0,M1697395821,0.0
379,CASH_IN,141992.35,C1496237080,273073.83,C46623598,229414.77
404,PAYMENT,17003.52,C1582865471,409414.0,M1339785217,0.0
592,PAYMENT,13195.13,C1193530379,0.0,M1990267473,0.0
399,PAYMENT,37287.42,C1312759257,20677.0,M303810809,0.0
403,CASH_OUT,46211.86,C10730780,0.0,C461692213,168954.15
493,TRANSFER,605108.36,C1640703547,605108.36,C2025320594,0.0
380,CASH_OUT,149183.18,C1428228738,457.0,C889258763,294303.93
376,PAYMENT,15951.7,C19912501,5595.0,M1162646811,0.0
478,PAYMENT,868.42,C820359357,0.0,M1673145034,0.0
397,CASH_IN,218630.71,C1993010655,557190.51,C1638576576,5696390.0
356,CASH_OUT,239901.3,C1731994147,0.0,C1397469229,245562.73
548,CASH_OUT,355126.02,C195985805,0.0,C595013431,4953053.03
400,CASH_OUT,311960.95,C893290574,0.0,C1313024901,1103070.4
398,CASH_OUT,579298.01,C751877769,11633.0,C1003829342,0.0
356,PAYMENT,11141.59,C1984443158,39318.0,M1325659089,0.0
404,PAYMENT,5003.16,C1807322611,0.0,M420000974,0.0
550,PAYMENT,6417.93,C765068564,0.0,M1400528244,0.0
383,CASH_IN,505874.6,C987054788,3660443.59,C1029263166,9567745.27
691,CASH_OUT,231342.98,C1870370728,42979.0,C718508728,929981.6
378,CASH_OUT,100259.35,C674972793,1740.0,C1720781782,0.0
444,TRANSFER,541486.74,C1850675328,541486.74,C7396544,0.0
402,PAYMENT,13172.79,C553613569,35872.0,M995033693,0.0
402,CASH_IN,118431.32,C797449347,106560.0,C399954455,119670.83
403,CASH_OUT,212811.23,C720596366,0.0,C1657041838,2410204.25
404,PAYMENT,33063.75,C1595791479,0.0,M2047036088,0.0
596,CASH_OUT,14167.6,C2100687948,8122.0,C626991631,117310.25
369,PAYMENT,13842.85,C404018549,0.0,M1861250519,0.0
396,PAYMENT,6681.19,C82260711,0.0,M1947344294,0.0
375,CASH_IN,150397.45,C109182886,11609.0,C1098798336,0.0
396,CASH_OUT,52405.33,C1165609025,0.0,C1684452636,320422.21
548,CASH_OUT,187627.03,C547089559,21103.0,C236174,0.0
644,PAYMENT,17000.72,C390229393,0.0,M790151884,0.0
467,TRANSFER,144283.42,C1294019179,144283.42,C63457750,0.0
358,TRANSFER,325301.35,C1741103928,134383.0,C1591480301,2662934.4
394,CASH_IN,5716.62,C1203974917,50198.0,C1460066764,0.0
396,PAYMENT,21596.58,C2051862155,15240.48,M1899540049,0.0
522,CASH_IN,151974.76,C1689957798,1272413.37,C235198545,424221.04
522,CASH_IN,156790.01,C1579626913,3651696.37,C130172034,263485.83
375,PAYMENT,34921.0,C406362755,0.0,M1033012785,0.0
403,CASH_IN,218085.08,C1059607429,14222.0,C2129406881,558568.86
399,CASH_IN,160123.15,C389588712,614616.29,C1237907281,1074957.22
400,PAYMENT,28126.15,C2079658602,61793.0,M740242744,0.0
402,CASH_OUT,53526.94,C1511399515,35822.0,C2122941373,814116.08
370,CASH_OUT,223889.02,C603812769,0.0,C1239935274,3527334.39
399,PAYMENT,7965.5,C1017935636,14201.0,M374819632,0.0
378,CASH_IN,104053.1,C720826773,2939304.18,C964134445,1015446.39
377,PAYMENT,29451.35,C1545374217,17654.0,M549910967,0.0
404,PAYMENT,14309.78,C769942584,0.0,M522393688,0.0
517,TRANSFER,675534.92,C1102919148,0.0,C849619753,1536412.59
376,PAYMENT,8911.28,C1897462441,0.0,M440516192,0.0
415,TRANSFER,191834.14,C80491623,191834.14,C1674773109,0.0
564,CASH_OUT,9091.71,C403866580,0.0,C2119767990,950168.96
532,CASH_OUT,254719.63,C1634365603,254719.63,C192491518,0.0
548,CASH_IN,35934.61,C444067255,3015358.75,C1362081748,7418607.16
522,CASH_IN,250319.04,C739795935,472.0,C1156667188,15839.48
357,CASH_OUT,3405.92,C1257771784,0.0,C562329303,1069031.9
544,CASH_OUT,82043.43,C1369037717,0.0,C895619223,843814.89
375,CASH_OUT,3668.63,C573441080,0.0,C351892019,101208.25
396,CASH_OUT,160677.84,C2067380028,0.0,C263403133,684077.41
461,CASH_OUT,1028284.82,C2004363483,1028284.82,C165602524,0.0
571,CASH_OUT,406864.17,C1491819514,406864.17,C1842119027,8181429.01
712,CASH_OUT,135977.23,C1552242254,135977.23,C1103234396,314329.11
402,CASH_OUT,162866.03,C1475652023,0.0,C1097725102,347479.45
374,CASH_OUT,73551.39,C809724565,65349.0,C284633590,0.0
375,CASH_OUT,566886.62,C1599044585,0.0,C1667577563,1067067.69
393,PAYMENT,9421.55,C1921790975,0.0,M2119445602,0.0
590,TRANSFER,802483.88,C99777022,802483.88,C1293054984,0.0
404,CASH_IN,68318.3,C611301060,367.0,C285434675,0.0
398,CASH_OUT,62225.5,C1878560903,0.0,C2112562041,76556.03
397,CASH_IN,277605.75,C1897932317,1212.0,C1381648816,273034.58
692,CASH_IN,2852.4,C43061498,73107.0,C1360976908,109252.66
487,TRANSFER,1205760.86,C1553540945,1205760.86,C758612821,0.0
356,TRANSFER,77036.19,C435962160,31911.0,C1415548076,4243598.23
395,CASH_OUT,360341.15,C1514929162,53484.0,C1108655764,289460.42
380,CASH_IN,36240.52,C1885824222,5707152.64,C707776932,1587984.08
600,TRANSFER,2095699.93,C276670943,2095699.93,C653396783,0.0
583,CASH_OUT,135100.36,C912160043,135100.36,C1271530552,0.0
589,PAYMENT,8305.09,C123108160,197759.04,M1548257295,0.0
356,PAYMENT,35649.24,C1915182048,21586.18,M1466344979,0.0
397,PAYMENT,13545.38,C1792669014,34672.96,M1946914857,0.0
705,PAYMENT,13623.94,C1981764894,31177.0,M1291493065,0.0
712,TRANSFER,367207.98,C1594841264,367207.98,C388733782,0.0
402,CASH_OUT,108266.5,C1249105721,0.0,C1645914406,390495.17
380,CASH_OUT,43492.98,C566596587,186690.0,C794868042,267987.79
399,CASH_IN,51188.37,C1592610643,28032.0,C1977589348,791331.95
356,CASH_OUT,91785.08,C1642580349,0.0,C130462982,379034.82
373,PAYMENT,13027.24,C1332899091,402437.0,M1208008645,0.0
403,CASH_OUT,314816.84,C53255225,11199.0,C1485398114,1784911.33
589,CASH_IN,139884.59,C167530299,102124.0,C1234776885,33366205.79
592,TRANSFER,205583.75,C1560190234,0.0,C1891384646,1076316.39
400,PAYMENT,3513.56,C312527415,0.0,M812580517,0.0
405,TRANSFER,75987.94,C81420712,128633.0,C500760910,12677.6
398,PAYMENT,19557.67,C828410987,0.0,M2143714083,0.0
514,TRANSFER,1498732.61,C2040062218,39934.0,C2138891566,2084801.86
380,CASH_OUT,226080.47,C1133922565,49721.0,C505720843,0.0
376,PAYMENT,27166.09,C1314480342,29801.0,M275872710,0.0
358,CASH_OUT,146168.63,C1098467052,0.0,C1519515738,2139884.29
370,PAYMENT,111.26,C1724804319,139734.96,M1073076917,0.0
590,CASH_OUT,78775.06,C1927952326,164.0,C1893668250,380050.75
565,CASH_OUT,234747.75,C1454484969,19870.0,C1340713193,1088016.54
399,TRANSFER,590145.33,C1596369077,0.0,C193182121,1159575.29
522,CASH_IN,510561.59,C1321096010,10537.0,C521060819,90294.48
600,TRANSFER,7363709.23,C551820728,7363709.23,C2069632802,0.0
396,PAYMENT,19168.44,C616182457,0.0,M1493125343,0.0
380,PAYMENT,19582.16,C1419068687,11005.0,M1359812522,0.0
374,CASH_IN,10791.15,C362307921,1186510.72,C2111819579,862490.1
400,TRANSFER,438568.03,C924548039,0.0,C1451093652,6547299.12
358,PAYMENT,15244.25,C247506730,135679.06,M1636117336,0.0
370,CASH_OUT,221314.98,C1749200578,30418.0,C2105796602,24826.87
404,TRANSFER,429749.6,C1085066036,202090.0,C205456262,0.0
406,CASH_IN,150142.18,C1010394351,11021218.06,C1901768527,493167.17
688,CASH_IN,197185.1,C2008276100,106396.0,C647183663,0.0
397,CASH_OUT,285445.34,C807198218,29386.0,C1204949356,802288.91
373,CASH_OUT,261069.12,C256968399,0.0,C1669871660,369851.85
396,CASH_IN,203300.34,C1224234082,643486.88,C2104590009,1038808.23
490,PAYMENT,5110.79,C558340983,41124.0,M410514255,0.0
393,CASH_OUT,146118.83,C1492792728,21014.0,C48380637,56964.57
500,PAYMENT,2341.78,C1304780569,0.0,M1096090017,0.0
407,TRANSFER,64941.99,C614628132,10410.0,C522516184,37182.76
406,CASH_OUT,249461.12,C204546674,29866.0,C1963962107,402460.42
377,CASH_IN,196707.22,C197857497,21232119.45,C870869979,8210264.12
396,CASH_OUT,200742.64,C1228810526,0.0,C1984425437,301641.39
514,TRANSFER,195892.58,C1384928954,0.0,C1973922467,1227672.0
379,PAYMENT,4229.73,C515643679,61864.0,M16175776,0.0
356,CASH_OUT,107894.94,C595965259,356948.0,C1482310525,0.0
371,CASH_OUT,259857.77,C1839788921,298809.0,C1616475343,246931.04
403,CASH_OUT,34431.67,C896504756,0.0,C1972199761,1022428.64
393,CASH_IN,214377.04,C191272334,703262.63,C714933586,3443854.89
659,CASH_IN,69708.14,C2020893101,2462388.15,C1767766538,1963247.07
402,TRANSFER,351198.88,C140362389,207655.27,C1582901252,494469.89
394,CASH_IN,167379.26,C578810903,27863876.69,C1413230197,2804057.1
403,PAYMENT,14273.1,C1464368952,0.0,M644354500,0.0
540,PAYMENT,2984.33,C593586576,0.0,M370638480,0.0
688,CASH_OUT,138515.58,C1310518014,0.0,C1445395724,10115175.25
379,PAYMENT,24216.5,C777268474,211986.27,M533551467,0.0
548,PAYMENT,9650.82,C495755755,97756.0,M1470886018,0.0
398,CASH_IN,234781.6,C1850659178,2073.0,C877393512,5321289.92
446,CASH_OUT,171878.27,C1056720143,171878.27,C1846017772,217898.19
374,CASH_OUT,197735.07,C1572762609,70119.0,C776485471,89491.16
694,CASH_IN,82898.87,C2080516007,371.0,C847218653,0.0
373,CASH_IN,66950.17,C1201712646,7469931.64,C41947924,141046.76
536,CASH_OUT,116974.87,C723208527,116974.87,C2063324566,735380.64
401,PAYMENT,3684.36,C1579025030,6127.78,M735260397,0.0
394,PAYMENT,39378.44,C485190600,0.0,M407344674,0.0
589,CASH_IN,389184.28,C202204173,1068.0,C528341758,0.0
405,PAYMENT,11325.8,C1429335095,49343.0,M233800656,0.0
400,CASH_OUT,60534.85,C176306530,0.0,C879827419,115448.24
379,CASH_IN,105666.79,C70572686,20642441.66,C1797684985,362284.73
405,PAYMENT,1881.57,C516877493,34352.09,M229502002,0.0
395,CASH_IN,81644.91,C1161341661,9819292.47,C522635580,1335244.06
403,PAYMENT,9746.17,C1410594681,20851.0,M594449853,0.0
402,PAYMENT,6016.63,C626827731,0.0,M1858804124,0.0
415,CASH_OUT,23236.49,C631901150,23236.49,C705161174,179969.72
360,PAYMENT,9776.95,C1455240599,15719.0,M2120623000,0.0
372,CASH_OUT,343435.94,C1074005170,27370.53,C1742179259,689208.26
379,CASH_OUT,85679.02,C745950421,0.0,C134717652,122717.07
375,CASH_OUT,346114.01,C1055321553,0.0,C1960584239,693035.9
378,CASH_IN,9248.01,C172355026,7072371.21,C702205424,258710.36
595,CASH_OUT,145120.68,C1809374077,0.0,C366243011,4031237.17
406,PAYMENT,2509.61,C1398078503,5039.0,M1326665894,0.0
471,CASH_IN,211306.41,C421931601,4887327.0,C741501904,835223.46
374,CASH_OUT,32612.95,C90699397,43749.0,C1027766343,110487.87
522,PAYMENT,161.86,C390410878,92021.0,M253623789,0.0
378,CASH_OUT,130233.7,C739489732,49793.0,C1038659893,4200760.38
550,PAYMENT,26094.12,C2069549572,0.0,M1719139728,0.0
547,CASH_IN,120096.34,C1785723855,51568.0,C69890891,0.0
520,TRANSFER,160162.58,C47191683,86571.0,C1730870535,555753.03
381,PAYMENT,3237.26,C1482736542,104541.0,M197954729,0.0
375,CASH_IN,100802.82,C1608125941,364418.54,C1430094708,186466.88
369,PAYMENT,15774.3,C790460345,104074.0,M258058818,0.0
687,CASH_IN,179794.77,C33154926,51663.0,C1214873977,1917483.97
402,PAYMENT,28600.74,C1072235880,11069.0,M150846553,0.0
595,CASH_OUT,7785.52,C1669702210,10454.0,C1252727099,223225.87
356,CASH_OUT,63015.27,C1141551915,49864.0,C733910725,390274.13
396,PAYMENT,3448.74,C1400746027,30198.0,M1003569444,0.0
525,CASH_IN,23267.89,C830793203,6118803.94,C163920328,1177623.98
684,PAYMENT,12051.35,C1067283905,232228.0,M1850995442,0.0
395,CASH_OUT,508534.73,C495688553,0.0,C1421373604,11265490.82
396,CASH_OUT,119916.92,C1100175720,54720.0,C142816334,20808.58
394,CASH_IN,19028.65,C80068886,9830189.19,C126483397,1272566.67
473,CASH_OUT,70239.81,C867506541,70239.81,C1424690592,255444.42
518,CASH_OUT,41361.29,C1275668058,843.0,C1639876586,0.0
503,PAYMENT,11817.53,C1557394938,107242.06,M1482548571,0.0
403,PAYMENT,8327.67,C580985603,0.0,M881156037,0.0
567,CASH_IN,184290.61,C1705698479,5922127.76,C1985927666,390366.58
469,PAYMENT,6310.08,C486802296,444182.35,M935817395,0.0
375,PAYMENT,7545.41,C991220323,21172.0,M7039544,0.0
356,PAYMENT,5598.29,C900140204,310301.41,M216101215,0.0
373,CASH_OUT,234235.5,C1924488967,208.0,C2139084908,161236.58
381,PAYMENT,41543.75,C3004927,218487.73,M480474713,0.0
394,CASH_OUT,330012.76,C215174148,11377.0,C1445586044,1464362.89
397,TRANSFER,193306.91,C1779604880,1073.13,C681322311,440550.31
659,CASH_IN,16986.47,C1193390688,9103.0,C999581951,586155.16
406,PAYMENT,8971.57,C907640426,0.0,M1344442193,0.0
396,CASH_IN,47511.06,C104972552,37294.0,C1896953795,256377.66
372,CASH_IN,266683.57,C1200195990,7256767.83,C1137439892,896697.12
396,PAYMENT,13553.66,C1073241312,94041.46,M697179624,0.0
500,CASH_OUT,14411.32,C41892326,21995.0,C861176564,1602594.81
401,CASH_IN,146815.87,C1700227103,12455167.5,C536046714,1343817.28
400,CASH_IN,763946.31,C1169670612,305932.0,C1175900088,92696.88
404,CASH_OUT,197843.55,C1279009363,153.0,C1161390219,128841.71
372,CASH_IN,249452.61,C1230183214,17044.0,C1512519056,0.0
692,CASH_IN,34548.69,C593147042,12334.0,C2132387520,594751.44
371,CASH_OUT,280294.16,C1364978640,0.0,C1354254997,4486779.2
371,CASH_IN,518672.53,C759146805,6243555.86,C808620203,573531.28
375,PAYMENT,11842.2,C1304520403,0.0,M1640540749,0.0
396,CASH_OUT,244178.37,C185345891,25980.0,C987384016,0.0
395,CASH_IN,264168.66,C1221960397,948.0,C419232752,0.0
404,CASH_OUT,264998.35,C928238604,15522.0,C341298017,0.0
397,TRANSFER,1080246.04,C283069385,52874.0,C68266136,0.0
374,CASH_OUT,244103.33,C107035128,10625.0,C483538738,74112.79
403,TRANSFER,55149.92,C432665285,0.0,C99079868,2168204.4
684,TRANSFER,537025.01,C1744276151,537025.01,C38221870,0.0
401,CASH_IN,263448.8,C1746129011,38060.0,C1291238040,91995.84
375,PAYMENT,6052.16,C1421028355,0.0,M2016384402,0.0
400,CASH_OUT,280270.0,C1152892944,399564.0,C1273003383,21957.99
380,PAYMENT,1893.06,C242275916,28116.69,M484573982,0.0
358,CASH_OUT,20963.13,C735879882,0.0,C324705223,376297.8
373,PAYMENT,18824.64,C442349695,8075.0,M740158839,0.0
374,PAYMENT,15083.13,C613462314,50393.0,M1866694356,0.0
380,PAYMENT,8926.98,C1950302231,35870.99,M34587287,0.0
403,TRANSFER,112470.65,C836563799,0.0,C2134067172,5690755.46
397,CASH_OUT,27773.82,C1735874039,113955.0,C462575384,67954.88
400,CASH_OUT,28775.47,C179181925,0.0,C1355199509,197356.41
372,TRANSFER,400368.39,C2040963678,39776.0,C2017999369,0.0
371,PAYMENT,11386.6,C1161360842,20450.0,M346057778,0.0
566,PAYMENT,1321.44,C1783849480,0.0,M1484424518,0.0
608,PAYMENT,7041.81,C1323084511,96340.84,M1468589013,0.0
398,CASH_OUT,48634.11,C1831856970,43530.0,C1995928943,98355.61
520,CASH_IN,238849.89,C1820727460,1461895.39,C893684925,3360821.18
378,PAYMENT,17238.77,C2063996587,0.0,M307379257,0.0
374,PAYMENT,10284.25,C1177803283,0.0,M656832202,0.0
381,CASH_OUT,39428.32,C676483925,102324.0,C580716921,1461874.74
376,TRANSFER,611157.8,C876726494,0.0,C588177193,3974539.44
381,CASH_OUT,53400.05,C273445170,25570.0,C1588982853,74887.98
398,PAYMENT,6833.5,C1640395845,0.0,M1934216527,0.0
404,CASH_OUT,86417.98,C1029717884,16149.0,C1314244850,3116463.87
395,CASH_IN,33884.46,C44963262,5918449.89,C1987539437,1421195.39
393,TRANSFER,92598.49,C1304367721,11317.0,C148004479,125092.54
545,CASH_OUT,110450.05,C435078943,0.0,C1664285744,1178131.1
371,PAYMENT,6708.17,C787581938,412618.4,M1676960856,0.0
379,PAYMENT,444.2,C1263743860,0.0,M1385191028,0.0
373,CASH_IN,148220.27,C1503664303,21258.0,C534894922,724006.72
400,CASH_OUT,278355.41,C594846147,10393.0,C1951901391,0.0
404,CASH_IN,84061.66,C1768114358,473991.21,C724167611,383611.6
397,TRANSFER,2018504.84,C606869166,10131.0,C2039066025,0.0
425,CASH_OUT,486175.4,C1737680610,486175.4,C1596545373,0.0
401,CASH_OUT,213521.42,C609366957,324.0,C329208238,651998.39
380,PAYMENT,2796.8,C1491834852,0.0,M1794068043,0.0
380,CASH_OUT,178870.14,C895988389,0.0,C557841919,1190245.74
548,CASH_IN,333273.37,C1819949394,411956.95,C982095074,579210.42
378,CASH_OUT,49321.84,C2018413842,0.0,C1914559372,123346.82
522,CASH_OUT,63812.41,C1235003739,102267.0,C315695251,138085.91
381,CASH_OUT,387317.01,C694990112,0.0,C2115611834,1420500.84
378,CASH_OUT,184420.46,C576290368,305901.0,C145827906,908246.46
394,CASH_OUT,127142.11,C818641811,0.0,C2123636315,833754.88
408,PAYMENT,2028.92,C1143394896,10847.83,M1840576203,0.0
592,CASH_OUT,371716.13,C1353194779,21559.0,C1317009999,181427.7
596,CASH_OUT,44138.33,C2066758703,204186.0,C1724162046,1718173.8
394,TRANSFER,3354215.55,C1128510858,3354215.55,C907385207,0.0
373,CASH_IN,108509.77,C305155843,22182.0,C62617045,248188.89
403,CASH_OUT,103514.16,C1034128062,85222.0,C2080912026,551622.31
374,PAYMENT,1843.5,C2043540614,12418.0,M2041878697,0.0
397,CASH_IN,511641.4,C1260553932,100.0,C676661055,987374.24
522,PAYMENT,2792.65,C96593416,50.0,M1057926725,0.0
383,PAYMENT,22225.51,C1793345743,0.0,M1623402546,0.0
400,PAYMENT,10092.05,C173019082,0.0,M621052192,0.0
357,CASH_IN,256600.91,C1109529203,965882.65,C959242920,1868004.05
406,CASH_IN,115655.53,C155693562,3529190.58,C87138275,268178.98
397,PAYMENT,312.1,C1201298912,449977.83,M1245781131,0.0
375,CASH_IN,246784.81,C1953920258,100127.0,C590199029,0.0
382,PAYMENT,16124.34,C1539411424,630.0,M1618379300,0.0
403,TRANSFER,510075.42,C744372703,26766.0,C1980853199,288514.5
401,CASH_OUT,403615.07,C115070623,51645.0,C2042096886,119395.65
402,CASH_IN,209883.89,C1429842280,27431.0,C1079900177,0.0
401,PAYMENT,11835.16,C1040643757,21525.0,M1798540043,0.0
538,TRANSFER,5505360.12,C543363131,23531.0,C1619566749,0.0
661,TRANSFER,400469.58,C932238234,0.0,C2082016371,2970341.49
377,PAYMENT,20410.35,C617925254,206383.0,M73321855,0.0
395,PAYMENT,11656.07,C150815141,0.0,M1077814356,0.0
595,CASH_OUT,469355.61,C2053944682,0.0,C868704848,1570876.52
369,PAYMENT,381.46,C947717474,0.0,M1240404244,0.0
380,PAYMENT,4488.02,C1010137352,0.0,M610185405,0.0
406,CASH_IN,282053.95,C1910137952,4781676.04,C88858564,1609759.3
372,CASH_OUT,24427.45,C1845559293,0.0,C1665971066,32151.47
379,PAYMENT,2915.65,C1415873458,330252.01,M560508085,0.0
403,TRANSFER,233461.64,C1927086401,241672.0,C616563206,9669846.13
376,CASH_OUT,38892.48,C1635439217,81957.66,C1741248286,58502.47
403,CASH_OUT,115753.22,C1604773313,0.0,C594040210,4710894.76
688,CASH_IN,53748.09,C1044812040,10809.0,C345293839,2847458.22
375,PAYMENT,12342.63,C1266979624,0.0,M226137170,0.0
451,CASH_OUT,43291.72,C818599174,890675.0,C990909055,0.0
401,CASH_OUT,24364.17,C2100248785,0.0,C333893424,39438.78
399,PAYMENT,25417.6,C821098527,115642.58,M1872421109,0.0
403,TRANSFER,266467.53,C739238975,0.0,C1577414088,3921777.83
379,PAYMENT,1714.64,C1792926171,844.0,M1294490074,0.0
502,PAYMENT,3045.67,C1709405633,1664.53,M1462266283,0.0
569,PAYMENT,14275.95,C1864740767,16149.0,M478845588,0.0
516,CASH_OUT,346293.24,C829436029,346293.24,C1738520779,750235.55
379,CASH_OUT,248447.83,C1761880177,0.0,C1121709582,4283166.71
379,CASH_OUT,38153.83,C1113301127,0.0,C814996407,7972628.54
403,PAYMENT,65760.6,C1972319488,59235.62,M824209864,0.0
393,PAYMENT,11719.6,C1049222085,16378.0,M389250206,0.0
378,CASH_OUT,39129.82,C1272064754,14856.0,C1345789790,116973.73
642,CASH_IN,296700.12,C31297436,10060.0,C1239132760,0.0
377,CASH_IN,233456.91,C1969733713,53849.6,C1789326525,315973.4
407,PAYMENT,369.5,C273883173,217898.76,M263120212,0.0
380,PAYMENT,26265.07,C1569761588,0.0,M531421352,0.0
715,CASH_OUT,390929.7,C2071077494,22566.0,C588730366,0.0
379,CASH_OUT,294047.93,C595827276,21411.0,C564090044,80221.0
684,TRANSFER,4639591.25,C186680058,146860.0,C1224350584,44884.59
680,CASH_OUT,442460.31,C528702862,442460.31,C1833040956,0.0
403,CASH_IN,67931.96,C314606448,987.0,C1105549738,1136787.15
394,CASH_OUT,82512.1,C771010115,0.0,C2012484589,2711091.75
522,CASH_IN,51155.97,C708804086,45568.0,C1505476784,48513.09
540,TRANSFER,1458829.95,C111678032,0.0,C1999919443,28991261.01
451,CASH_OUT,159253.34,C282008076,0.0,C2023271257,7923533.72
378,CASH_IN,276461.81,C2094585991,5877201.24,C1655963959,548494.34
376,PAYMENT,36090.21,C1524745869,24352.0,M673259055,0.0
469,CASH_OUT,72136.33,C1001064466,51269.0,C1362406763,110464.47
496,CASH_OUT,174725.11,C1679215077,174725.11,C2091877200,4415446.47
402,CASH_OUT,68860.55,C1625456732,0.0,C1485627713,2755348.48
374,CASH_OUT,24051.98,C1149527445,48843.0,C1062461783,414573.91
374,TRANSFER,1341688.18,C676881933,0.0,C1469609529,30127851.28
398,CASH_OUT,133977.28,C416132401,11472.0,C631794425,162870.93
378,PAYMENT,13041.39,C1958197149,3343.0,M1167628283,0.0
372,CASH_IN,245730.59,C1972651812,21524.0,C591196950,0.0
505,CASH_IN,262197.69,C722533111,7881480.5,C459359378,406807.29
526,PAYMENT,5285.55,C1893669841,32431.0,M1047339284,0.0
522,CASH_OUT,228543.86,C974664018,0.0,C634489523,544458.38
398,PAYMENT,28904.4,C1347540936,0.0,M1899287984,0.0
612,PAYMENT,23579.19,C2045876504,30707.0,M1752501905,0.0
378,CASH_OUT,361011.41,C1245266636,0.0,C530480281,6281989.74
597,CASH_IN,76119.21,C1467623962,1237984.73,C2070841970,358607.93
378,CASH_OUT,181181.47,C1206368206,40864.0,C1921264987,2378300.98
382,TRANSFER,889918.52,C1967189445,0.0,C1016991706,2178887.7
451,TRANSFER,1388924.14,C1011226943,0.0,C212262628,2778993.2
379,PAYMENT,5721.22,C125144357,0.0,M277601247,0.0
394,CASH_OUT,205662.67,C895891440,0.0,C435930675,1850428.8
688,CASH_OUT,230008.92,C171434137,159.0,C37843534,0.0
378,CASH_OUT,39307.32,C2017460870,55760.0,C1472183674,0.0
692,PAYMENT,23411.57,C1519305963,10034.79,M497377305,0.0
359,PAYMENT,2964.48,C476186543,54150.0,M1768695571,0.0
369,TRANSFER,1232215.4,C371563175,0.0,C611613641,5335580.36
399,CASH_OUT,70491.99,C1612763586,8682.0,C1807054336,329932.39
502,PAYMENT,10150.92,C1427506012,115112.0,M564964627,0.0
380,CASH_IN,23192.48,C134304266,2808927.51,C1755102215,176645.14
378,PAYMENT,37262.92,C495623243,0.0,M1805797829,0.0
546,PAYMENT,7903.81,C1392879459,0.0,M119134010,0.0
402,CASH_OUT,100770.48,C1534795698,0.0,C989182063,193284.35
371,CASH_IN,425364.94,C177064427,31544.0,C199132304,810107.22
393,CASH_IN,114794.6,C195889616,68255.25,C1183097946,6313309.22
404,CASH_IN,267188.03,C2105572971,7886001.64,C77933442,4926225.49
408,CASH_OUT,80410.28,C817883798,0.0,C892237663,330301.52
647,CASH_OUT,964876.58,C334503836,964876.58,C69373122,203741.11
669,CASH_OUT,111033.79,C628538240,111033.79,C1203444656,470258.81
394,PAYMENT,24487.14,C251796828,0.0,M117006171,0.0
398,CASH_IN,342698.98,C2128632360,268.0,C172697918,2638007.46
397,PAYMENT,21458.57,C176232751,0.0,M80563304,0.0
399,CASH_OUT,73267.12,C791558473,24225.0,C2058694998,443481.45
684,TRANSFER,101887.3,C2084068772,0.0,C798696622,6588798.08
492,PAYMENT,13128.95,C2139364691,1182295.07,M1165834269,0.0
520,CASH_OUT,98262.86,C552843402,0.0,C846768099,101991.66
379,CASH_OUT,357610.66,C562707265,0.0,C1088597161,1504366.78
690,CASH_IN,374165.87,C1246170032,11651.0,C537931719,0.0
402,PAYMENT,26618.2,C1163778856,183100.0,M91095726,0.0
526,CASH_IN,62886.35,C822754348,7288398.7,C2033231699,706457.92
380,PAYMENT,13029.36,C1820084872,0.0,M1471476694,0.0
439,PAYMENT,1388.58,C124549167,0.0,M238143946,0.0
514,CASH_OUT,284089.48,C1314424147,61921.0,C1607139418,0.0
396,PAYMENT,31309.58,C1161042310,0.0,M1383782776,0.0
357,TRANSFER,4177467.46,C1493761372,4177467.46,C1907708290,0.0
356,CASH_OUT,113155.99,C509315354,159.0,C926719176,226683.78
667,PAYMENT,29934.46,C2129318316,0.0,M805888816,0.0
378,PAYMENT,3216.12,C760644700,0.0,M1678459345,0.0
522,PAYMENT,7637.7,C2051084682,0.0,M1985435540,0.0
359,CASH_OUT,110723.03,C1002346407,105012.0,C2077125886,6764.76
383,PAYMENT,8577.62,C166945105,10927.0,M1124092566,0.0
544,CASH_OUT,347086.08,C843326271,0.0,C1875511204,25746587.31
401,CASH_IN,102124.59,C2139746486,129607.0,C1843443571,2033568.31
393,CASH_OUT,244081.21,C1624812109,69.0,C1585528791,0.0
369,CASH_IN,162779.69,C1308713387,2209560.41,C26697877,482805.89
514,CASH_OUT,28954.89,C122762216,55041.0,C195550001,0.0
379,CASH_IN,116508.28,C511498330,3022487.59,C1256291798,204386.5
372,CASH_OUT,137894.7,C773604450,20821.0,C179992247,0.0
474,CASH_OUT,19180.61,C840879194,767317.0,C94650941,0.0
682,CASH_OUT,5271.46,C1642527163,5271.46,C1423205265,11605234.19
400,CASH_IN,68263.6,C639143126,31715338.68,C926007392,272166.33
590,PAYMENT,12912.35,C1819855273,0.0,M1327518403,0.0
372,CASH_OUT,358881.78,C1154918103,139052.0,C1773308514,0.0
380,PAYMENT,12786.62,C432443004,0.0,M2043465135,0.0
407,PAYMENT,27974.91,C117356859,104912.0,M2062015624,0.0
356,PAYMENT,9497.85,C2127243700,35325.0,M1815933314,0.0
395,PAYMENT,34161.21,C1464265570,66983.0,M2079651715,0.0
595,PAYMENT,13331.09,C403023355,151843.0,M514523754,0.0
372,CASH_OUT,110382.21,C1618937997,11611.0,C1104079233,823603.14
566,CASH_IN,157631.82,C1214573388,1667214.99,C201626057,7495627.14
379,CASH_OUT,99962.75,C237087251,59677.0,C1928544690,270135.14
500,CASH_IN,223575.07,C1531048463,439445.0,C4800799,0.0
397,PAYMENT,7663.15,C1652864512,0.0,M1850011225,0.0
394,CASH_IN,103276.91,C318174823,717365.18,C1916741137,110505.05
403,PAYMENT,12733.45,C921045994,1550081.31,M681517954,0.0
370,CASH_OUT,75087.31,C998196534,1086.0,C163518395,0.0
383,CASH_OUT,146968.18,C1645396562,0.0,C1655573099,2738149.59
402,PAYMENT,7895.57,C1204115780,0.0,M1744881590,0.0
493,CASH_OUT,105631.42,C1138845032,19973.0,C779536374,323922.89
469,PAYMENT,1162.28,C625006881,259470.74,M617438320,0.0
594,CASH_OUT,82547.68,C1683958321,0.0,C2006586138,795678.23
501,CASH_OUT,1318024.48,C1034418491,1318024.48,C2100824966,544.32
374,CASH_IN,129812.14,C2086828013,28779423.56,C2114588028,2269904.94
404,CASH_OUT,220628.66,C962304059,0.0,C23785774,372270.3
399,CASH_IN,1102.87,C1029804384,5320821.96,C1446569690,1223865.98
592,CASH_OUT,23821.02,C1598074079,0.0,C1527777046,16676544.16
396,CASH_IN,10756.9,C1090052589,11389989.95,C242808026,13654.53
719,CASH_OUT,479926.98,C236547965,479926.98,C1382782385,71009.24
589,CASH_OUT,55754.25,C893594378,11767.0,C1025339554,49996.43
374,PAYMENT,21572.14,C946836686,0.0,M1030276552,0.0
395,PAYMENT,17593.55,C396743745,142.0,M968911146,0.0
371,TRANSFER,659442.77,C20434121,0.0,C435354464,1475532.3
692,PAYMENT,32219.89,C130621732,73601.0,M1042519123,0.0
502,CASH_OUT,71124.63,C419579204,0.0,C1849195620,1109834.9
399,CASH_OUT,474712.36,C1815455844,49911.0,C1673483161,0.0
356,CASH_OUT,145799.12,C958400386,0.0,C766284708,926146.38
626,CASH_OUT,55740.39,C931224089,55740.39,C1157817503,1659141.34
594,PAYMENT,5999.92,C1730273958,61969.0,M757439862,0.0
692,CASH_IN,103358.62,C145761031,20395.0,C1317451961,625004.79
375,PAYMENT,1840.77,C121773386,0.0,M1705903432,0.0
669,CASH_IN,82773.24,C867215345,5666123.84,C2060076686,2710200.67
692,CASH_OUT,93060.41,C1289962433,0.0,C556120281,379630.18
564,CASH_OUT,121351.38,C1263835935,41725.0,C815365702,940359.55
571,CASH_IN,108043.97,C1157473041,5123664.83,C1855551362,664593.57
372,TRANSFER,314550.65,C66878378,0.0,C1326243087,7372766.01
357,CASH_OUT,141365.03,C1050717239,51374.0,C1116482206,311879.89
619,CASH_OUT,12009.69,C1068694959,0.0,C168899077,522358.94
396,PAYMENT,7890.94,C1413931572,0.0,M2022912918,0.0
380,CASH_OUT,41823.38,C1376704948,9014.0,C1678668229,2712054.45
401,PAYMENT,9319.07,C1581609859,83327.0,M1388986658,0.0
514,CASH_IN,12093.12,C23955577,120.0,C2136115492,151641.78
400,CASH_IN,392449.37,C1256460245,2899493.8,C1440207723,1046611.74
373,CASH_OUT,254988.92,C1576487074,0.0,C1418277789,293039.07
395,PAYMENT,34229.99,C570170915,9082.0,M2039006963,0.0
357,CASH_OUT,251199.91,C624684299,251199.91,C1596268050,0.0
386,PAYMENT,33048.14,C704571203,106226.65,M262490715,0.0
399,CASH_OUT,18924.6,C704594004,11374.0,C792168801,0.0
382,TRANSFER,524962.8,C2094499022,500844.0,C735083379,269032.8
371,CASH_OUT,160113.02,C1118321098,0.0,C477909329,3376704.23
375,PAYMENT,11546.57,C1632249292,2829.0,M941253115,0.0
395,CASH_IN,203443.19,C1327043717,59823.0,C1616745636,0.0
514,TRANSFER,475411.96,C1548375343,0.0,C331210731,2051907.9
661,TRANSFER,799581.82,C869181615,62614.0,C1209695426,4315.89
408,CASH_OUT,51152.73,C2096623112,81931.85,C300713500,211799.06
686,PAYMENT,13048.26,C2067191304,579194.73,M1184438257,0.0
372,CASH_IN,250714.57,C1378386161,2523554.19,C665553439,309646.71
460,CASH_OUT,2059980.16,C617173071,2059980.16,C706638819,734579.21
599,CASH_OUT,96924.64,C1659288274,11576.0,C2034189974,0.0
691,CASH_OUT,26497.72,C2107456820,494.0,C746779856,141597.17
570,CASH_IN,37390.64,C1961337467,4492.0,C718931628,0.0
369,CASH_IN,179832.18,C1198879279,76953.0,C1142624288,0.0
382,CASH_IN,213464.76,C138993484,691615.0,C1652948070,1799310.08
612,CASH_IN,206471.47,C1890428778,2983909.06,C337245785,24702346.26
552,PAYMENT,14833.58,C1466536143,53391.0,M1051207422,0.0
393,CASH_IN,46626.9,C2106895072,10400355.86,C1749984438,2037989.04
403,CASH_OUT,28653.76,C444563530,204642.0,C1692147340,905377.31
370,PAYMENT,7607.14,C28772481,0.0,M1205056692,0.0
402,CASH_OUT,153904.59,C1011929771,29158.0,C1959130445,83749.31
571,PAYMENT,18615.06,C1387609015,0.0,M1838912182,0.0
379,PAYMENT,8956.59,C1855762014,0.0,M465116445,0.0
598,PAYMENT,10444.3,C869816802,31737.0,M122481483,0.0
371,PAYMENT,3999.95,C2138409721,0.0,M242181032,0.0
358,PAYMENT,3817.09,C1531329762,201956.0,M26361556,0.0
564,CASH_IN,144479.67,C1742032722,7258453.18,C623877005,1821979.41
405,CASH_IN,216018.08,C418622716,6241135.12,C913180151,443587.16
692,CASH_OUT,130389.56,C1888347569,19934.0,C118304762,0.0
427,CASH_OUT,426173.04,C1173353466,426173.04,C114462097,0.0
574,CASH_OUT,32113.16,C652070696,72858.84,C699928339,527118.9
540,PAYMENT,13997.57,C1850326277,2781.82,M21964297,0.0
691,CASH_OUT,367810.49,C1052616081,0.0,C665354843,468558.86
398,PAYMENT,18213.59,C917330503,52665.0,M1293849295,0.0
373,PAYMENT,21832.79,C1468649294,55834.0,M540254099,0.0
528,PAYMENT,19701.34,C1369684976,0.0,M1335027072,0.0
393,CASH_OUT,16102.34,C2086515249,50291.0,C414400513,0.0
565,PAYMENT,2121.68,C400057312,0.0,M1376638618,0.0
395,PAYMENT,5361.9,C1381112289,244740.0,M1600963840,0.0
394,CASH_OUT,49698.2,C658916464,922.0,C1209324711,134481.35
398,CASH_IN,315404.13,C1997341806,4042990.13,C1020691115,938150.38
371,CASH_OUT,127503.22,C1944708525,0.0,C1879384003,2852621.92
370,TRANSFER,8336483.68,C881022173,237787.0,C1549853954,1064491.21
395,CASH_IN,61479.24,C1074584873,102647.0,C606196476,837290.94
564,PAYMENT,28274.57,C1470699422,0.0,M1531210223,0.0
370,CASH_IN,206007.86,C452655493,1878624.87,C231120910,417033.5
399,PAYMENT,1848.93,C1815341398,0.0,M1373885788,0.0
395,CASH_OUT,281953.27,C1165857898,0.0,C1319985034,5453277.52
422,CASH_OUT,20843.18,C1431994597,20636.0,C1765864238,0.0
596,PAYMENT,3553.6,C1990760053,49758.85,M1902678896,0.0
401,PAYMENT,47888.97,C1816013486,41517.0,M396881945,0.0
589,PAYMENT,7353.91,C1723552974,1658.0,M4544659,0.0
404,TRANSFER,130393.01,C318404895,746724.0,C569788832,318748.73
373,CASH_OUT,253651.12,C151655082,86035.86,C792766953,1387488.56
403,PAYMENT,13974.53,C1508408527,1093.0,M227386423,0.0
619,TRANSFER,1155027.84,C1656733796,0.0,C1178329086,4417165.94
394,CASH_OUT,143085.99,C1991869797,0.0,C277439685,699708.8
402,TRANSFER,337170.74,C944739785,0.0,C207083051,2414427.77
370,CASH_IN,160303.99,C2072708608,56.0,C1711946223,274535.84
522,PAYMENT,19033.02,C1848295735,145536.25,M507205717,0.0
379,CASH_OUT,29934.36,C148672692,0.0,C1136285417,792444.55
598,CASH_IN,24019.11,C498303384,3524973.29,C1897366394,736989.93
398,PAYMENT,3772.87,C806112138,90991.21,M291388194,0.0
426,TRANSFER,657640.67,C1493300021,237834.16,C350766047,2041960.56
396,CASH_OUT,19449.23,C1790647316,0.0,C1995548737,2983585.12
661,CASH_IN,45526.35,C2029023278,10555590.92,C2055732146,139163.06
399,CASH_OUT,77381.66,C1649018191,16373.0,C671808831,2454979.62
379,PAYMENT,6812.51,C468989884,215101.06,M527084862,0.0
565,TRANSFER,93184.35,C57159618,6733.0,C1039888988,4658582.79
399,CASH_OUT,336108.82,C469778158,12562.0,C1813202248,124532.3
426,CASH_IN,128181.41,C1729613570,1509871.08,C1093843384,603841.47
370,CASH_OUT,116765.91,C1180577264,239153.0,C79566422,0.0
378,CASH_OUT,53611.77,C794214950,30079.0,C646680778,0.0
692,CASH_IN,235348.9,C1871114075,20682.0,C2098887541,0.0
375,PAYMENT,9008.01,C993671488,896.0,M1299858013,0.0
371,CASH_IN,244531.26,C1076719742,206780.0,C365694837,82120.92
397,CASH_IN,483569.57,C542122623,323812.58,C2049436165,659322.92
670,CASH_OUT,230419.29,C1392551965,0.0,C477294845,1055319.28
369,PAYMENT,27807.91,C1450132961,10400.39,M194214045,0.0
370,PAYMENT,10171.89,C1456823477,377.0,M1221568581,0.0
701,CASH_OUT,79581.24,C272466753,79581.24,C547672572,143993.58
548,CASH_OUT,98139.77,C1156874822,36859.0,C190278315,301659.84
377,CASH_OUT,117899.83,C1752212726,0.0,C511204687,426212.45
426,PAYMENT,14644.76,C314539708,0.0,M732183174,0.0
382,CASH_OUT,6875.24,C880044710,0.0,C1289453529,15806077.91
514,CASH_OUT,11443.72,C926232091,0.0,C1746739565,1086810.64
380,PAYMENT,15510.94,C1204552520,109750.0,M347222014,0.0
370,CASH_OUT,63856.22,C1355610376,0.0,C1830622921,1269708.46
469,CASH_OUT,439607.01,C494881055,136205.0,C779354509,1330084.5
544,PAYMENT,11817.27,C2115187469,22380.0,M1802896644,0.0
522,TRANSFER,218867.91,C708032912,0.0,C1398681592,308456.31
356,PAYMENT,4750.86,C322542722,491.0,M533247144,0.0
444,CASH_OUT,3752520.6,C1674281831,3752520.6,C590901753,1255946.49
692,CASH_IN,111135.96,C369511848,199699.0,C1705248033,0.0
544,CASH_OUT,206781.93,C370120159,802314.0,C1424364569,8378840.04
599,PAYMENT,4538.51,C1706721536,140.0,M1831536735,0.0
395,CASH_OUT,175674.68,C1638713215,0.0,C907298691,1086931.82
374,TRANSFER,252600.82,C324097677,0.0,C1795889498,7501457.91
422,PAYMENT,34658.48,C1097746067,0.0,M1438582953,0.0
403,CASH_OUT,193490.38,C1108565506,0.0,C726256269,673850.22
393,CASH_OUT,254577.48,C1309944102,0.0,C226968661,2448163.63
380,CASH_IN,86672.45,C2070810594,216.0,C1091679152,0.0
400,TRANSFER,323377.92,C2096185771,87996.0,C135356912,0.0
612,CASH_IN,61675.02,C487189536,4181113.09,C952690507,1538804.65
398,PAYMENT,15306.17,C305750280,455872.0,M1219062548,0.0
404,CASH_OUT,33912.76,C413095054,43751.85,C236991747,286102.62
378,CASH_IN,133049.12,C240890778,105741.0,C1018194083,0.0
522,CASH_IN,91096.13,C1796335850,33126.0,C1669704226,0.0
408,CASH_OUT,55064.87,C1454323228,0.0,C465495563,1944828.14
403,CASH_IN,313777.45,C392732150,7777.0,C906531268,0.0
589,PAYMENT,35604.79,C326575152,1157.0,M1389197620,0.0
356,CASH_IN,115784.51,C1592736417,4704484.94,C1149757138,1336257.3
594,CASH_OUT,29674.52,C2035367389,0.0,C1658235000,3912636.04
398,PAYMENT,1361.74,C597911809,0.0,M1726766790,0.0
564,TRANSFER,645129.4,C1664637035,266457.0,C1152184669,73834.85
695,CASH_IN,73568.69,C1184803930,1059104.58,C1753058022,4262597.9
394,CASH_OUT,68659.02,C96629225,0.0,C1351309588,105210.46
522,CASH_OUT,95919.02,C671932574,150205.0,C114143042,2031912.37
377,CASH_OUT,195636.52,C35043651,0.0,C861770907,1057513.58
377,PAYMENT,38914.38,C1450865748,71165.0,M146894753,0.0
544,CASH_OUT,200372.34,C2061163379,103708.0,C1216054229,0.0
574,CASH_OUT,25885.08,C1604531740,100686.0,C163307449,1755559.58
690,CASH_OUT,451507.91,C2073472284,16909.0,C428457532,0.0
380,CASH_OUT,359617.24,C722597969,0.0,C47093363,623422.17
370,PAYMENT,12744.37,C1735260096,0.0,M470798692,0.0
401,CASH_OUT,430391.51,C1825931907,493.0,C831522436,15365.19
375,CASH_OUT,171501.27,C1656875765,0.0,C383357190,748550.16
370,CASH_IN,235717.53,C2052954570,61818.0,C622393226,0.0
356,CASH_OUT,87810.83,C1188375828,73248.0,C1035970030,0.0
359,PAYMENT,23480.24,C316775989,0.0,M1819350009,0.0
594,CASH_OUT,50007.86,C960453062,489.0,C1389326049,1280774.77
374,PAYMENT,29172.87,C2035068038,691474.21,M1567923068,0.0
469,CASH_OUT,20852.23,C1234394205,31898.0,C12118974,15413508.79
356,CASH_OUT,353472.22,C1529050555,0.0,C2043410543,1240075.5
399,CASH_OUT,174734.06,C863381012,0.0,C1399124850,1697032.66
400,TRANSFER,53857.66,C181344568,40096.0,C661981321,70174.84
617,CASH_IN,309092.53,C722766356,79215.0,C1639431419,352216.78
402,CASH_IN,28424.87,C216433126,11530.0,C1685716715,360359.54
377,CASH_OUT,497149.23,C1871260378,0.0,C558741162,1116125.13
550,TRANSFER,336952.69,C871239728,736.0,C376892298,5463426.48
402,PAYMENT,5666.34,C2019763287,0.0,M2103673720,0.0
359,PAYMENT,3855.6,C1774086665,159372.0,M698433970,0.0
403,CASH_IN,254508.22,C820315178,29836.0,C2115498160,5411000.05
398,CASH_OUT,59378.41,C667668323,11238.0,C2123337307,492894.33
405,CASH_OUT,143499.02,C1631495370,0.0,C1588487292,374340.67
356,CASH_IN,416533.76,C1800800816,1011.0,C1976776581,89915.25
374,PAYMENT,7983.25,C1383465365,76874.19,M1698459390,0.0
525,CASH_IN,304314.6,C351556427,23335.0,C1425660165,11663238.83
567,DEBIT,2597.81,C1793284612,40874.0,C1613352135,113433.54
524,TRANSFER,66405.35,C759846799,0.0,C114348614,2884657.15
690,PAYMENT,12602.8,C269776966,0.0,M1299765213,0.0
399,CASH_OUT,145458.94,C1888226691,145458.94,C1996220019,193730.82
397,PAYMENT,5153.02,C388719412,78517.0,M354335605,0.0
396,TRANSFER,1141277.52,C438932010,302876.08,C1702963597,2370380.8
379,TRANSFER,462892.76,C985979854,0.0,C677719708,793248.65
404,PAYMENT,1915.62,C1714904003,0.0,M656836085,0.0
589,PAYMENT,10057.19,C331973579,0.0,M943295691,0.0
357,CASH_OUT,124461.64,C52029382,44978.0,C601633236,0.0
567,PAYMENT,61.09,C643395761,1466.0,M203053121,0.0
538,CASH_IN,116037.46,C554748495,354.0,C1421503241,342849.06
570,CASH_IN,217821.29,C91880890,5068.0,C473344802,11656114.13
376,PAYMENT,20820.34,C556421643,14140.0,M358553377,0.0
373,CASH_IN,85387.58,C1523458892,8526638.22,C485327017,395819.78
397,CASH_OUT,181644.56,C1909098940,0.0,C1002057348,3648381.51
396,CASH_OUT,306366.47,C867681555,0.0,C178950731,922323.73
617,CASH_OUT,0.0,C1971175979,0.0,C1352345416,0.0
373,TRANSFER,28930.0,C516873952,0.0,C1353122093,388416.15
595,CASH_IN,106197.06,C1673225510,23451.0,C719422233,805029.44
404,CASH_IN,101714.86,C2091554866,4159451.94,C1856602515,1876461.75
381,PAYMENT,3847.04,C1787786895,0.0,M926462583,0.0
370,CASH_OUT,3907.86,C1189051427,0.0,C1266100688,205407.0
393,CASH_OUT,165068.47,C1037159160,35474.0,C1673755440,1568046.27
514,PAYMENT,23543.17,C205837631,0.0,M82023695,0.0
375,CASH_OUT,253784.44,C1800556892,181113.0,C853286878,2969423.67
596,PAYMENT,24379.56,C2131685103,37459.72,M1334350743,0.0
451,CASH_IN,93779.82,C1951119213,2931157.76,C1631884740,2904867.08
394,PAYMENT,9148.77,C550010064,513.0,M1020440229,0.0
370,PAYMENT,1224.44,C225998728,0.0,M41582296,0.0
369,CASH_IN,387144.1,C1360570414,31976.0,C662627786,2828379.8
371,CASH_OUT,19186.46,C118906086,0.0,C1432117577,291071.14
376,CASH_IN,299627.1,C123316673,3572579.07,C300887360,638252.07
500,TRANSFER,1053678.73,C760987354,0.0,C2118452782,1117138.53
369,CASH_OUT,192603.39,C236822376,360.0,C254933829,2556002.01
379,CASH_OUT,130429.48,C1266552440,0.0,C702628265,549819.02
370,CASH_IN,413509.18,C1917355365,1556075.08,C1812714721,649927.84
394,TRANSFER,1016342.67,C980399331,0.0,C286685435,1036709.53
401,CASH_OUT,315135.16,C2092087490,0.0,C1902277593,1061056.1
564,CASH_OUT,132283.0,C1632468844,822.0,C63376685,0.0
373,CASH_IN,96112.87,C1744942925,2030041.35,C1513635243,251761.49
370,TRANSFER,348402.43,C555964031,0.0,C1581381674,1147370.67
371,CASH_IN,56750.49,C1537938702,3934499.12,C1719323198,1052434.34
378,CASH_OUT,263910.29,C556219913,55550.0,C1289860957,105302.16
407,PAYMENT,17758.74,C1003833491,118123.0,M1082818258,0.0
547,CASH_IN,16514.99,C1715161984,11619287.28,C1463809678,907756.98
404,CASH_IN,178294.98,C199203377,5160864.81,C958881014,950033.33
540,TRANSFER,342970.95,C498197079,342970.95,C1500413954,0.0
374,PAYMENT,20818.5,C860570959,0.0,M293956599,0.0
524,CASH_IN,257177.47,C2132829320,5908696.17,C246402911,2171853.37
479,PAYMENT,3119.34,C1082019145,30695.0,M836031389,0.0
374,CASH_IN,76923.0,C1035912314,5393313.46,C438628808,995714.45
390,TRANSFER,1084144.37,C1924115884,1084144.37,C717644112,0.0
667,CASH_IN,422763.83,C459308324,993921.45,C126802061,846573.76
373,PAYMENT,5229.66,C1886474616,396822.6,M1162253059,0.0
715,CASH_OUT,57172.05,C1730614430,650.0,C954821944,0.0
684,CASH_IN,202469.78,C1574296931,2496745.34,C2011806625,1265865.16
522,CASH_OUT,29155.18,C1890896175,978.0,C1432856530,221591.04
380,CASH_IN,79064.93,C982849067,21883.0,C1676043883,0.0
372,CASH_OUT,318399.12,C1975658209,6077.0,C892426654,18142.74
372,CASH_IN,6515.82,C598797196,147059.0,C1124964005,0.0
381,PAYMENT,23420.48,C662151793,5611.0,M1025525778,0.0
590,TRANSFER,7777165.58,C512965090,0.0,C1821525722,10613434.38
588,CASH_OUT,103254.42,C91734749,82177.0,C1155614447,0.0
572,TRANSFER,1351104.53,C2022356819,1351104.53,C1437688339,0.0
690,PAYMENT,58314.15,C567904658,33992.1,M375182377,0.0
398,DEBIT,1495.46,C495869761,27717.0,C852195224,194912.03
374,CASH_IN,45929.52,C418409679,81855.0,C39133662,262670.56
588,PAYMENT,10896.03,C1797978554,8015.0,M566717169,0.0
396,PAYMENT,32311.17,C545046943,0.0,M1233313192,0.0
540,TRANSFER,752529.71,C631917844,4090.0,C1200350998,0.0
372,PAYMENT,2481.46,C1707799706,21856.14,M898277325,0.0
403,CASH_OUT,116952.81,C590911512,0.0,C1788193840,660041.86
374,CASH_IN,11248.18,C82641668,65572.0,C472336692,0.0
400,CASH_OUT,158809.08,C1248539527,0.0,C1400796679,340571.77
403,TRANSFER,1179582.34,C1693034714,0.0,C314355142,9907855.96
378,PAYMENT,3826.96,C718468138,273.0,M1710612133,0.0
692,PAYMENT,21938.43,C1036659131,42909.0,M1408014819,0.0
478,PAYMENT,7544.93,C1489415045,51760.0,M1783159386,0.0
581,TRANSFER,414153.16,C239145615,414153.16,C1124752775,0.0
397,CASH_OUT,188280.93,C1320061636,0.0,C1198870156,1135573.25
596,PAYMENT,1732.61,C1980960526,0.0,M696294725,0.0
405,PAYMENT,9232.43,C794785430,108420.0,M1779421577,0.0
398,CASH_OUT,176288.51,C1321311510,0.0,C72067162,17397242.95
547,PAYMENT,9149.25,C1459023381,126224.98,M1407320898,0.0
545,CASH_IN,137126.06,C1172736636,848422.6,C7773300,1371914.07
714,CASH_IN,10442.53,C1688255783,25514.0,C1680286621,1063836.42
377,PAYMENT,35703.76,C155791412,36716.0,M2066204663,0.0
360,PAYMENT,383.41,C1767796687,0.0,M474109703,0.0
399,PAYMENT,5401.92,C2118878417,0.0,M210457882,0.0
374,CASH_IN,193713.38,C1600499334,3805296.49,C602824,2402442.33
377,PAYMENT,13136.67,C743372979,22470.0,M1836256455,0.0
400,CASH_IN,360062.25,C1434675294,8387664.81,C2048749345,3330610.24
402,CASH_IN,136666.04,C368995227,3658546.64,C60216880,7702628.03
380,CASH_OUT,312785.02,C1414185244,0.0,C2027368040,327218.68
398,PAYMENT,19925.6,C1788417752,1104287.23,M363204797,0.0
407,PAYMENT,821.57,C323438206,10302.97,M1636586204,0.0
378,CASH_OUT,98598.05,C394253431,461.37,C368380512,291631.35
471,CASH_OUT,339766.24,C396551616,0.0,C1410417789,933357.97
357,PAYMENT,13746.2,C1486880996,6782.21,M875120160,0.0
715,CASH_OUT,329424.14,C1663993817,329424.14,C1938611735,45841.92
379,CASH_OUT,51994.39,C347564005,0.0,C1362869637,212115.49
404,PAYMENT,9018.62,C970970251,0.0,M1089050539,0.0
403,TRANSFER,46371.4,C526054406,41687.0,C1635959472,300253.25
377,CASH_OUT,445592.12,C1743503137,10326.0,C1904265350,0.0
384,CASH_IN,349202.82,C1661174988,177559.65,C776083160,556966.58
644,CASH_OUT,121374.83,C1777556878,201997.0,C30710744,0.0
386,CASH_OUT,879810.51,C1286606921,879810.51,C1451224315,483763.86
369,CASH_IN,278663.6,C546468830,148450.0,C632944884,0.0
383,PAYMENT,29402.99,C23250894,54031.96,M9708561,0.0
401,CASH_IN,25493.7,C1778824934,670325.66,C1925166906,1119424.3
681,PAYMENT,14294.62,C1743526859,0.0,M106675877,0.0
373,CASH_OUT,143199.9,C1769687741,0.0,C1157131891,10189850.55
379,CASH_IN,18457.2,C572822121,1160470.4,C1998689670,218124.19
546,PAYMENT,6917.91,C112556267,8062.0,M353289594,0.0
474,TRANSFER,1165171.47,C107566089,1165171.47,C956043310,0.0
451,CASH_OUT,89729.52,C670460113,56936.0,C47071990,384347.2
396,PAYMENT,2590.58,C1569748607,109477.0,M1152452774,0.0
374,PAYMENT,4889.88,C691203410,25105.0,M1275596654,0.0
492,PAYMENT,3760.71,C1227072295,216215.0,M1992209834,0.0
372,PAYMENT,12816.96,C1319185823,296821.0,M1613584945,0.0
406,PAYMENT,2166.03,C1659163183,1589.0,M1640871069,0.0
408,TRANSFER,313936.67,C809683747,313936.67,C1317216992,0.0
379,CASH_OUT,66351.27,C534649085,20795.0,C1382734694,318755.34
399,CASH_OUT,101343.42,C1865756350,1374.23,C1969397506,438318.63
595,PAYMENT,14269.42,C478053743,0.0,M1886582574,0.0
396,CASH_OUT,19414.88,C1667326443,0.0,C88986060,670106.49
588,CASH_OUT,212364.16,C1460021098,154.0,C263446413,672119.12
546,PAYMENT,4526.39,C2007410300,92474.0,M402856998,0.0
394,PAYMENT,1168.73,C1300911503,20863.0,M560246659,0.0
402,PAYMENT,3936.06,C422024507,11353.0,M1848217432,0.0
540,TRANSFER,647625.92,C1060082684,0.0,C59454547,1230915.13
495,CASH_IN,305476.51,C749063724,8829793.17,C1201081149,14381060.48
595,CASH_OUT,132277.34,C575522258,10512.0,C1831075147,32760.48
406,PAYMENT,5395.19,C1830724827,0.0,M330669223,0.0
690,TRANSFER,343429.34,C818983201,343429.34,C890343735,0.0
404,CASH_OUT,15460.15,C1121227505,0.0,C1735585301,900483.09
398,CASH_OUT,402469.37,C1408152121,0.0,C1535582688,4917057.75
380,CASH_IN,756.87,C574433211,308.0,C1773319555,8780481.74
402,CASH_IN,24996.0,C714418485,50333.0,C1507223884,21282.21
587,CASH_IN,225721.71,C854065670,21484.0,C1678234258,371039.03
426,CASH_OUT,144235.85,C516439722,34602.0,C1009627948,1705003.59
396,PAYMENT,8424.56,C973796546,0.0,M380727021,0.0
493,CASH_OUT,119800.82,C1888523673,127.0,C1418373922,1847795.13
374,TRANSFER,613579.08,C678262294,0.0,C1114561179,1531669.12
398,PAYMENT,4742.81,C307446034,0.0,M500517301,0.0
372,CASH_OUT,123639.51,C1737022772,11464.0,C1675224143,0.0
357,TRANSFER,282332.91,C830157856,282332.91,C1658291646,0.0
700,TRANSFER,113447.92,C1407322771,113447.92,C1980457812,0.0
397,CASH_IN,94229.24,C320800419,2478590.11,C580227397,705636.44
405,PAYMENT,15356.29,C1211085689,0.0,M1167827050,0.0
394,CASH_IN,142280.05,C1118951968,838.0,C1151715110,35579.18
370,TRANSFER,1643059.89,C1179755766,206334.0,C702723027,260151.49
373,CASH_OUT,358001.65,C1839234571,7071.0,C980485593,592998.21
376,PAYMENT,12065.5,C1569289831,0.0,M302102014,0.0
382,CASH_IN,242064.55,C1399445126,10581111.49,C403119901,864272.29
403,CASH_OUT,157492.42,C108388259,21856.0,C143170945,36040.45
395,PAYMENT,20853.53,C891837803,72396.0,M1408227500,0.0
402,CASH_IN,461576.1,C2060313265,1555.7,C1934132635,1345911.78
372,PAYMENT,4692.59,C722683345,44558.92,M126526905,0.0
356,PAYMENT,910.29,C1554292058,6903.0,M140588955,0.0
597,PAYMENT,16021.36,C391150291,111236.1,M148031205,0.0
681,CASH_OUT,264458.44,C2015664868,30767.0,C1703468515,0.0
396,CASH_OUT,181478.38,C2019266868,320093.0,C358702165,136186.74
550,PAYMENT,8725.42,C1104695154,27883.0,M611057941,0.0
595,CASH_IN,286343.03,C1609435992,3512353.75,C1586839122,3882933.45
495,PAYMENT,19404.61,C1050037134,287.0,M1814728854,0.0
376,CASH_IN,55416.26,C40051644,7006.0,C806723323,10330837.22
394,PAYMENT,26226.28,C757464057,0.0,M46199446,0.0
398,PAYMENT,12879.74,C98816727,0.0,M41831894,0.0
400,PAYMENT,28069.62,C64375360,0.0,M243506180,0.0
356,CASH_OUT,103708.89,C285641740,0.0,C1801251053,587629.56
372,CASH_OUT,463353.11,C937272627,28271.15,C1573461932,2395795.2
573,PAYMENT,15523.2,C1105713450,194.0,M816616742,0.0
404,TRANSFER,24506.55,C1725085569,15202.75,C14645225,2630368.17
614,CASH_OUT,323187.05,C1142703765,149.0,C894630252,1039662.94
381,PAYMENT,278.71,C542628702,53901.18,M1699632942,0.0
403,CASH_OUT,59385.89,C2020835530,0.0,C1195923856,7447198.15
401,PAYMENT,26320.34,C1692127985,7008.0,M551133026,0.0
623,CASH_OUT,67128.33,C489879149,67128.33,C813701633,623880.13
399,CASH_OUT,202176.51,C1533167359,19872.0,C1236325131,1536346.3
397,CASH_IN,136832.56,C2016846471,175959.6,C964998697,399957.01
520,CASH_OUT,215095.05,C1845073935,1648.0,C568884855,586853.45
408,PAYMENT,12317.09,C1100976285,0.0,M57920782,0.0
400,PAYMENT,6388.02,C646364115,10045.0,M1209554264,0.0
379,CASH_OUT,34428.25,C933712413,0.0,C857750590,266924.68
394,PAYMENT,51365.63,C328539444,23193.91,M115449763,0.0
401,CASH_IN,149192.39,C1906540434,11379202.67,C1068921907,7121137.04
580,TRANSFER,835770.84,C561189362,835770.84,C1608195896,0.0
357,PAYMENT,15394.65,C117800787,9363.0,M1465425981,0.0
397,PAYMENT,39.16,C1114781231,0.0,M536838260,0.0
379,PAYMENT,8235.85,C671581605,18370.26,M793494348,0.0
667,TRANSFER,917866.26,C2110314322,1559.0,C770493917,1647796.39
394,CASH_IN,109869.97,C1075634376,52388.0,C2015318161,26449751.78
371,CASH_OUT,230016.51,C1367710000,26923.0,C1436933036,2648819.74
590,CASH_IN,526477.02,C212398231,21373.0,C961796981,1545062.89
522,CASH_IN,264958.66,C1990351986,261504.71,C506620291,413662.35
372,PAYMENT,7325.42,C1074820987,21284.0,M1624172935,0.0
378,CASH_OUT,7683.67,C204510310,0.0,C194899215,77643.4
360,CASH_OUT,256552.33,C255374387,0.0,C2071541205,3524385.85
687,TRANSFER,704574.34,C56077011,0.0,C1595255870,3562057.01
380,PAYMENT,3926.32,C375423790,0.0,M888290532,0.0
377,TRANSFER,114516.02,C269544539,0.0,C1199012060,1048554.17
379,PAYMENT,54686.29,C687454260,0.0,M1358055599,0.0
418,CASH_OUT,452261.67,C366045175,452261.67,C1443885284,577217.57
370,CASH_IN,94364.67,C1378574212,21439.0,C434739686,0.0
403,CASH_IN,297906.42,C952568828,0.0,C262228976,910347.57
398,CASH_OUT,215659.96,C1426844206,15750.0,C409536565,151800.12
401,CASH_OUT,232945.75,C1997666801,39995.0,C2085345354,1572453.06
399,PAYMENT,7007.47,C1981882143,1889.0,M29051398,0.0
396,CASH_IN,103722.11,C1427994093,214.0,C884912273,2173256.89
378,PAYMENT,8853.86,C1015082789,0.0,M2048037383,0.0
369,CASH_OUT,94464.88,C2101039817,0.0,C705019903,245352.56
400,PAYMENT,43223.82,C407041601,111427.54,M1805274642,0.0
371,CASH_IN,2404.76,C51434566,405923.3,C694710233,75940.28
400,CASH_OUT,249090.27,C77146804,21861.0,C1903682777,0.0
375,CASH_OUT,92707.02,C846708427,146.0,C1246074457,8542593.68
371,CASH_OUT,41131.46,C1876409282,0.0,C1897484421,3287775.35
382,CASH_OUT,116178.14,C1391539897,51180.0,C564981460,0.0
404,CASH_OUT,233941.86,C1744993856,1630.0,C1212288173,136204.15
399,PAYMENT,39837.08,C1443309159,20496.0,M1857486232,0.0
587,CASH_IN,91783.86,C5305439,3139323.74,C1750185080,1389482.6
570,PAYMENT,11026.08,C961655297,158176.0,M1247138786,0.0
416,PAYMENT,2235.72,C500832728,10604.0,M1380885328,0.0
564,PAYMENT,23328.87,C2118400584,6771.84,M1950278217,0.0
681,CASH_IN,207785.93,C202431498,5657691.06,C1167045199,353924.08
402,CASH_OUT,187203.19,C303198087,0.0,C1537621874,509036.35
398,PAYMENT,1722.59,C739800747,18117.0,M1923260896,0.0
524,CASH_OUT,210209.58,C962711145,0.0,C168428872,1149347.94
400,PAYMENT,11958.31,C92388061,34091.0,M1264810234,0.0
394,CASH_OUT,149968.34,C471977842,359049.0,C1906667825,13825572.06
382,TRANSFER,351914.46,C1482019129,6037.0,C1844731778,105248.89
426,PAYMENT,2610.58,C1393780352,0.0,M1301935833,0.0
404,CASH_OUT,169183.98,C1643392796,145603.96,C1852224174,2631233.21
357,PAYMENT,9551.56,C1997960033,26408.0,M1824491845,0.0
396,CASH_IN,174405.01,C1632352968,2126390.65,C1682233338,1003000.04
684,CASH_IN,231965.7,C331915670,1593614.97,C1436599940,844800.17
373,CASH_OUT,15328.0,C281150534,0.0,C623625191,788711.64
380,CASH_OUT,215387.32,C462209437,31081.0,C315093304,0.0
396,CASH_OUT,183482.46,C255761874,46543.0,C1713033373,28153.05
426,PAYMENT,798.81,C256245084,19839.0,M967577685,0.0
401,CASH_IN,257594.57,C758424515,53.0,C132468875,300825.16
396,PAYMENT,26346.72,C322327370,0.0,M10573066,0.0
402,PAYMENT,22115.62,C1444928952,0.0,M2016397920,0.0
370,CASH_OUT,687991.56,C79124104,0.0,C702393884,4630559.59
394,CASH_OUT,48542.71,C22523119,0.0,C1453926434,69614.89
476,PAYMENT,8186.19,C876195571,102818.12,M321996102,0.0
377,PAYMENT,5578.68,C2061155219,122292.92,M39037077,0.0
383,CASH_IN,194223.97,C1605507289,3917147.37,C14678034,852593.63
378,CASH_OUT,314549.12,C432566129,0.0,C2010431707,1336042.95
637,CASH_IN,276153.11,C99327990,98688.0,C136210417,0.0
472,TRANSFER,2739869.62,C957619820,2739869.62,C1424435329,0.0
377,CASH_IN,218627.62,C461920673,5847374.79,C1581180571,297233.0
377,PAYMENT,4846.8,C118899404,167.0,M1068913132,0.0
403,CASH_OUT,379628.21,C1411768396,0.0,C750155736,440292.14
400,PAYMENT,25674.18,C1094453536,277.0,M743141070,0.0
370,CASH_IN,285631.22,C723270485,78789.0,C2045649928,14726535.71
403,PAYMENT,39403.53,C747855107,0.0,M1037185177,0.0
684,CASH_IN,61899.47,C1847601220,4086250.08,C1587816427,273843.24
379,CASH_OUT,153175.27,C1140318705,0.0,C1175097474,5972559.12
426,CASH_OUT,272693.72,C1048852500,0.0,C239712197,78123403.43
405,CASH_OUT,43866.8,C95481118,0.0,C128353266,744742.91
684,PAYMENT,25733.62,C1757853322,0.0,M1502362088,0.0
369,PAYMENT,7166.65,C636502735,93295.66,M574959848,0.0
656,PAYMENT,4505.73,C310277172,17666.0,M1848704479,0.0
375,CASH_OUT,47653.35,C1846377243,16922.0,C1487518237,180492.59
402,CASH_OUT,14608.43,C1042076654,0.0,C416061593,1223413.98
373,CASH_OUT,114823.56,C1682148316,1035.0,C1239128180,0.0
400,CASH_OUT,366537.42,C416678273,1463.0,C1747746795,0.0
380,CASH_IN,62538.75,C1186347770,46402.0,C91187811,20601.42
374,CASH_IN,535847.48,C2055464448,10249.0,C2008964265,189803.24
404,PAYMENT,14223.04,C1937856887,66981.0,M717454623,0.0
692,PAYMENT,28527.88,C1389472511,12003.0,M492080584,0.0
395,CASH_IN,51712.26,C355097009,1478013.57,C764533373,2835630.0
617,PAYMENT,5337.11,C115002821,126901.19,M269042952,0.0
400,CASH_IN,123029.6,C1642368060,6564894.92,C1620976862,1332531.4
545,CASH_IN,440428.26,C1417202251,340416.0,C669754721,0.0
403,TRANSFER,119991.15,C1503100923,0.0,C1892376008,205595.44
373,PAYMENT,216.47,C1413995619,5159.0,M1531422616,0.0
373,PAYMENT,267.67,C475202619,561.0,M1257783417,0.0
373,CASH_IN,268142.28,C1810433634,2096.0,C681709819,4625485.22
383,PAYMENT,7702.16,C2042460178,11654.0,M620393235,0.0
371,TRANSFER,2314858.44,C225748198,0.0,C1592648053,9444181.51
407,PAYMENT,11270.3,C1169414084,3050.0,M268289198,0.0
398,PAYMENT,8287.84,C2008018210,0.0,M775718303,0.0
646,CASH_OUT,10000000.0,C1474911553,10000000.0,C503835851,332983.03
514,PAYMENT,8266.34,C274109706,0.0,M708261539,0.0
637,PAYMENT,10337.09,C20392775,0.0,M747417111,0.0
401,CASH_OUT,261439.12,C1723752035,0.0,C1168508074,3485956.35
406,CASH_IN,5917.57,C1939601461,19147412.14,C1110676694,550559.05
356,PAYMENT,21270.53,C427416207,7603.07,M802734397,0.0
522,CASH_OUT,10732.33,C182035657,0.0,C640815327,96538.77
398,PAYMENT,6408.24,C1395909161,20591.0,M1713876375,0.0
403,CASH_IN,163486.84,C242619539,6485692.36,C153357275,802963.23
525,DEBIT,232.89,C572362610,511845.0,C406549464,162161.71
380,PAYMENT,19499.24,C1810734715,0.0,M48505654,0.0
374,PAYMENT,982.36,C507133693,0.0,M803353764,0.0
405,PAYMENT,6506.56,C597972390,0.0,M845361022,0.0
396,PAYMENT,7992.94,C1685719968,111773.66,M842860165,0.0
395,CASH_OUT,64070.01,C1736532660,0.0,C1432345356,2267230.59
401,TRANSFER,2107515.94,C2035485856,10351.0,C385393423,0.0
379,TRANSFER,375805.09,C1977391120,0.0,C1184512606,1975052.65
474,TRANSFER,1440344.89,C1186749182,0.0,C1921629018,2431983.01
397,TRANSFER,595703.54,C1275401830,0.0,C206878519,1478809.73
372,CASH_IN,56110.4,C812658246,930.0,C1351740670,0.0
401,CASH_OUT,190768.14,C231444703,5198.0,C265001263,358781.89
492,CASH_OUT,330762.86,C1643354124,11402.0,C1174681739,1910170.14
359,PAYMENT,17359.1,C1473929414,0.0,M1163555311,0.0
376,CASH_IN,34992.77,C448223062,14005872.67,C1189258297,251628.59
379,CASH_OUT,145204.71,C1765404044,6020.0,C1362452039,505054.9
382,PAYMENT,3116.14,C732582601,10361.0,M940197827,0.0
371,CASH_OUT,18280.53,C1517042840,0.0,C2028754560,933414.08
403,CASH_IN,127937.08,C1141984847,1010.0,C631944068,9480701.76
399,PAYMENT,43110.26,C957844349,373090.65,M1819452157,0.0
401,CASH_OUT,232620.09,C1377192374,0.0,C1116456822,3385848.5
357,PAYMENT,5948.66,C659857393,16638.0,M1118212047,0.0
381,PAYMENT,5379.01,C379289851,6729.94,M2023012850,0.0
375,TRANSFER,826916.55,C1061796151,41183.0,C1886794088,2096931.08
379,TRANSFER,521262.89,C766621877,21033.0,C1375925545,0.0
646,TRANSFER,6468916.64,C192639055,6468916.64,C63453823,0.0
474,TRANSFER,678361.69,C2114761575,0.0,C2082117656,1675935.68
394,CASH_IN,289121.88,C921876214,5639890.87,C1333555671,536615.7
546,PAYMENT,20940.1,C1794607407,51959.0,M1359427050,0.0
356,CASH_OUT,464485.74,C1785425352,0.0,C756914898,562618.38
407,PAYMENT,3057.95,C784167294,10492.0,M1367519321,0.0
378,PAYMENT,440.53,C545153113,0.0,M1931972664,0.0
408,CASH_IN,253713.45,C659502903,19820090.91,C1114569283,1608550.67
396,CASH_OUT,21984.65,C2004717118,120140.0,C1060192087,766989.27
617,CASH_OUT,106795.28,C42006673,0.0,C2014372138,322076.08
642,TRANSFER,468283.76,C209334902,97386.0,C774582070,0.0
356,CASH_OUT,198845.89,C1920366417,14690.0,C144242149,202460.56
359,PAYMENT,7572.61,C2084881919,16928.0,M897473059,0.0
525,CASH_OUT,68446.68,C1294630166,124.0,C1776151030,898304.97
400,CASH_IN,2096.39,C776703826,12533.0,C1997061253,32382.49
403,CASH_OUT,173424.05,C180676061,0.0,C1626568913,3701078.3
405,CASH_IN,230600.19,C1134071128,2310005.88,C272789818,2409304.65
406,CASH_OUT,13713.09,C1299055016,0.0,C1124358295,26967.72
548,TRANSFER,87803.45,C1878851795,50359.0,C2014166514,3450897.38
398,CASH_IN,430935.36,C937818009,15472.0,C1291182007,221887.23
597,CASH_OUT,211691.22,C1015234903,0.0,C1160262385,423014.89
420,PAYMENT,2645.76,C1319752261,472241.0,M1965000494,0.0
373,CASH_IN,64497.45,C300047706,969809.42,C821886216,193178.49
373,PAYMENT,12487.34,C537595525,0.0,M1773101075,0.0
552,PAYMENT,11556.36,C910930199,10625.35,M822974320,0.0
415,CASH_OUT,224230.16,C1055929140,224230.16,C645291473,427065.03
426,CASH_OUT,234740.5,C19984541,20366.0,C913472261,98901.3
374,CASH_OUT,223386.41,C1453892736,0.0,C1057749870,3391580.19
687,PAYMENT,2549.8,C415316901,0.0,M2121227644,0.0
379,TRANSFER,664721.29,C731770159,0.0,C1242613459,677865.69
358,TRANSFER,5391250.91,C465864608,0.0,C2007792854,5762562.53
544,CASH_OUT,150202.95,C1830421946,692.0,C1962466072,427103.4
376,PAYMENT,14410.67,C1584664276,10461.71,M1509262923,0.0
540,CASH_IN,319089.42,C997519013,177003.03,C367131183,911959.44
380,PAYMENT,8839.49,C326739842,0.0,M990852553,0.0
373,CASH_OUT,214764.56,C1736077841,309107.0,C2001358850,360108.66
395,CASH_OUT,108018.94,C585209571,0.0,C80120261,1062586.76
401,PAYMENT,21465.56,C1379720508,357.0,M2143199127,0.0
360,CASH_OUT,82201.46,C1908711535,0.0,C1529229357,537411.77
396,PAYMENT,4794.04,C1494898278,0.0,M22927708,0.0
379,PAYMENT,47971.52,C1943285141,0.0,M1648226414,0.0
545,TRANSFER,474278.01,C1262964995,6355.0,C201104342,51305.26
399,CASH_OUT,97519.68,C850881405,0.0,C1546478356,1137077.22
356,PAYMENT,16710.89,C2076439666,117409.41,M1532441858,0.0
396,TRANSFER,481330.82,C844192801,0.0,C624144419,2318798.18
399,TRANSFER,1177198.88,C2101891141,67933.75,C968897593,4653769.32
356,PAYMENT,16009.98,C1876891255,0.0,M1792936912,0.0
399,PAYMENT,3161.61,C421796387,0.0,M490374980,0.0
594,TRANSFER,95805.02,C1973812937,0.0,C1440759133,421199.47
656,TRANSFER,283121.68,C817947790,283121.68,C1736479998,0.0
372,CASH_IN,24982.79,C1243413577,24805283.18,C326000999,611764.97
380,TRANSFER,250822.86,C93144608,21099.0,C1742794498,438197.24
691,CASH_IN,18178.11,C250127603,219.0,C203026531,0.0
375,CASH_IN,86364.98,C995474351,10476.0,C2143548806,742800.36
566,CASH_IN,63724.93,C1365618371,4818002.83,C375091069,4035334.2
664,CASH_OUT,500251.8,C1757575782,0.0,C994405544,7313765.86
684,CASH_OUT,349729.42,C650744945,63893.0,C98527698,0.0
522,PAYMENT,29525.49,C1556315332,0.0,M134418660,0.0
378,TRANSFER,299407.88,C303668197,0.0,C1654554075,1084499.33
378,CASH_OUT,131491.65,C514039134,0.0,C807312866,1968337.92
400,CASH_OUT,64718.52,C1944384216,10385.0,C223655363,0.0
397,PAYMENT,4110.4,C1264586742,162362.49,M1312994057,0.0
399,CASH_IN,196838.08,C1716431370,31829471.22,C1161436530,293653.4
514,PAYMENT,23930.7,C153944777,18666.0,M1689756499,0.0
370,CASH_IN,43465.65,C758967848,4252074.36,C492852681,16128436.92
370,TRANSFER,1870437.95,C1795584688,439883.49,C290382562,6233931.13
375,CASH_OUT,66450.17,C498234893,356914.0,C1384580321,531656.03
521,TRANSFER,98086.09,C1471407934,98086.09,C1180721612,0.0
514,CASH_OUT,375884.25,C177326031,10563.0,C2136630977,121964.79
466,CASH_IN,217322.21,C137539886,8038771.22,C1578715242,1533879.47
397,TRANSFER,941259.08,C1859440456,0.0,C362372423,5404636.99
378,PAYMENT,6479.11,C1312311468,11526.0,M1910553721,0.0
381,CASH_OUT,277248.55,C1392943797,20491.0,C864218706,0.0
525,CASH_OUT,175436.27,C57842793,0.0,C636903587,1479909.21
371,TRANSFER,174324.94,C1186321372,174324.94,C372000070,0.0
405,PAYMENT,18814.65,C267504531,137413.32,M1036949540,0.0
484,CASH_OUT,156220.74,C389614238,156220.74,C643171110,0.0
715,CASH_OUT,21660.15,C2062646064,145151.0,C509158768,7553724.24
357,DEBIT,1525.06,C1612241616,772402.0,C156227627,2962630.12
405,PAYMENT,14665.04,C525412637,203592.0,M1604569424,0.0
371,CASH_OUT,223520.95,C1259567230,10849.0,C699832369,0.0
396,CASH_OUT,199112.38,C1603994356,17077.0,C1990513247,0.0
394,CASH_IN,56338.16,C1741075718,13693.0,C1145076193,3275883.37
644,PAYMENT,3036.72,C2065003527,201156.0,M1612276532,0.0
688,CASH_IN,127785.98,C1282169220,2910996.04,C147630413,1501223.3
402,PAYMENT,9515.82,C1883246415,401909.77,M1106387920,0.0
375,CASH_OUT,263032.58,C2003697239,0.0,C1634496409,1735135.78
393,CASH_OUT,94654.9,C1098150464,15659.0,C1266083349,13401637.09
503,PAYMENT,2703.64,C1775758908,10488.0,M1966743427,0.0
680,TRANSFER,2651994.1,C863787360,2651994.1,C1968421916,0.0
380,CASH_OUT,38435.88,C443414291,61720.0,C670868064,110263.93
400,CASH_OUT,230144.7,C1781937782,11766.0,C142547804,302762.29
552,PAYMENT,5050.65,C380408443,5511.0,M461672423,0.0
398,CASH_OUT,458318.17,C550121421,5045.0,C779215611,4320515.27
382,PAYMENT,8755.9,C150818999,0.0,M1442104669,0.0
570,PAYMENT,2270.86,C1511954426,23798.0,M626931584,0.0
383,CASH_OUT,69752.81,C1441058361,95429.57,C674127094,790012.94
402,CASH_OUT,60088.79,C1898489272,6198.0,C976156310,0.0
395,CASH_OUT,10826.57,C1739806917,41186.0,C211388215,1762255.33
379,CASH_OUT,221879.59,C1424972982,0.0,C1260397160,359752.8
398,PAYMENT,13418.95,C570550110,21277.0,M579328149,0.0
401,CASH_IN,115179.51,C1769163115,3983197.9,C471150469,3162835.36
661,PAYMENT,2976.38,C1277587640,238077.0,M857883674,0.0
378,TRANSFER,945001.86,C1600345269,21645.0,C45580990,0.0
403,PAYMENT,12718.47,C836198713,0.0,M381351152,0.0
379,CASH_OUT,11034.8,C597077848,16450.0,C512904319,411110.95
420,CASH_IN,190702.23,C995366214,5169942.41,C1005817990,1909343.97
375,PAYMENT,1085.6,C155743307,42626.78,M1058330933,0.0
399,DEBIT,2582.93,C1547243597,296176.0,C497875839,203494.47
402,CASH_IN,53547.49,C1917932945,173085.0,C1884399899,270029.59
396,PAYMENT,4667.04,C1310818447,0.0,M1867107932,0.0
542,PAYMENT,35641.37,C1577858730,396969.0,M1412817944,0.0
380,CASH_OUT,81351.37,C12356835,9154.0,C1611576447,0.0
661,TRANSFER,2140888.35,C341573287,2140888.35,C1419097479,0.0
383,CASH_IN,111870.89,C520356904,8458735.41,C2126102013,4342243.09
596,PAYMENT,2255.05,C1530528261,5560.0,M1294737984,0.0
495,TRANSFER,797710.8,C900480774,797710.8,C667043624,0.0
399,CASH_IN,219628.22,C823889140,9168659.08,C1710449226,577822.63
686,PAYMENT,18228.71,C731198045,100211.0,M349937610,0.0
402,CASH_OUT,90599.85,C823565906,0.0,C447401778,138766.31
522,CASH_OUT,255151.61,C516591400,136.0,C291289223,197234.42
382,CASH_IN,203753.06,C1923368976,3928164.9,C933881277,8153452.41
375,CASH_OUT,2358.92,C1138118979,0.0,C136852559,386704.91
380,CASH_OUT,45763.65,C1029234436,0.0,C1878037522,2412325.63
401,CASH_OUT,223616.39,C626244653,113535.49,C486308553,345755.06
356,PAYMENT,11751.87,C417194441,0.0,M1377584064,0.0
487,CASH_OUT,1035401.2,C1689112462,1035401.2,C353554883,4906677.4
401,PAYMENT,4567.74,C1864750557,1071399.84,M1218368867,0.0
520,PAYMENT,3113.51,C760952753,0.0,M539214590,0.0
376,PAYMENT,24179.7,C1720352034,260065.18,M2101773898,0.0
357,CASH_OUT,2239461.29,C1918267923,2239461.29,C1297204700,121354.63
371,PAYMENT,15982.17,C1048255702,2974.51,M1797107190,0.0
524,CASH_OUT,232315.43,C1937012052,232315.43,C1933153294,20819035.38
393,CASH_OUT,230601.44,C1603367831,20265.0,C2138615216,287592.92
358,CASH_OUT,101312.66,C798142178,302400.31,C1623646748,308325.9
403,CASH_OUT,51652.04,C1743190091,0.0,C1743173706,886268.57
356,CASH_OUT,78536.63,C539358835,541.0,C1277037013,0.0
395,PAYMENT,18422.95,C315222386,32074.0,M155157623,0.0
380,CASH_OUT,250771.44,C1195408959,0.0,C429919956,3783914.76
564,PAYMENT,7859.48,C31514809,104666.0,M1021598828,0.0
380,CASH_OUT,37426.87,C1420199795,108038.0,C1751873054,239338.99
375,PAYMENT,8327.86,C1343542964,65334.93,M1448685819,0.0
377,CASH_OUT,428705.32,C674323416,1970.0,C1840297253,198100.17
687,CASH_IN,127207.37,C431265691,3287150.21,C561579032,182494.36
396,CASH_IN,93541.93,C1068848391,118.0,C335089847,0.0
396,CASH_OUT,149893.57,C1155641565,60399.0,C29375752,666694.4
378,CASH_IN,282494.9,C1480599722,4543367.62,C2112835597,5716312.93
564,TRANSFER,3968964.4,C432264411,3968964.4,C536142403,0.0
376,PAYMENT,43272.71,C1824154592,43945.0,M870117523,0.0
503,PAYMENT,6880.32,C1817166268,6017.0,M1947938493,0.0
394,PAYMENT,12357.91,C1060069372,2039.0,M1772453833,0.0
370,CASH_OUT,192761.41,C967197255,31915.0,C1608688122,0.0
374,PAYMENT,33008.3,C183240830,190.0,M1233676270,0.0
372,CASH_OUT,237098.57,C2035391675,0.0,C576833859,276713.6
687,CASH_IN,81304.63,C1085542540,802168.54,C1638324881,2608400.81
402,CASH_IN,204440.93,C187104752,105286.0,C108852453,45453.19
557,TRANSFER,188844.13,C1958670415,188844.13,C1200309573,0.0
596,TRANSFER,260699.94,C912572699,23599.0,C980494195,5871.18
374,CASH_IN,24571.65,C777275955,2147951.18,C107581493,1068276.9
681,PAYMENT,38568.18,C246196968,1262.0,M1808867811,0.0
644,CASH_OUT,128948.12,C846500946,29711.0,C2011198235,0.0
372,CASH_IN,19761.27,C249228161,3352786.6,C156347146,1896167.13
587,TRANSFER,187704.94,C1861757159,0.0,C1288737458,1112374.36
373,PAYMENT,3558.27,C509165710,0.0,M1773044307,0.0
356,PAYMENT,9010.38,C778980400,62570.04,M2091672042,0.0
381,CASH_OUT,54760.89,C131228789,31298.0,C536844022,3094776.4
374,TRANSFER,834786.47,C455045191,51144.0,C148194856,1835018.34
400,CASH_OUT,40894.81,C1764388706,18198.0,C1044700786,0.0
378,PAYMENT,16765.57,C333442067,49813.0,M1898401941,0.0
381,PAYMENT,10044.21,C1942484603,0.0,M785427087,0.0
527,PAYMENT,2141.13,C1600841041,56636.0,M1390848449,0.0
398,PAYMENT,29143.31,C45284405,129941.33,M459693881,0.0
692,PAYMENT,41461.37,C1314117340,17933.0,M436010542,0.0
550,PAYMENT,6889.07,C1160707422,167833.83,M1579745984,0.0
551,CASH_OUT,56040.63,C1967596177,0.0,C1803955375,361231.38
403,CASH_OUT,166099.84,C9777527,0.0,C783515350,495298.88
410,TRANSFER,871745.76,C1976927795,871745.76,C1626688758,0.0
402,TRANSFER,1011150.29,C1490971232,0.0,C1891715634,1561929.48
370,CASH_OUT,243118.94,C877614645,243118.94,C942737312,67919.77
373,CASH_IN,170553.95,C1228207916,5701.0,C256887710,13770051.73
404,CASH_OUT,157646.86,C1113576931,0.0,C1776971477,3270222.19
596,CASH_IN,399188.54,C339816059,2324267.34,C1909056763,4651554.23
518,CASH_OUT,29484.58,C1626863212,0.0,C370241847,1565087.96
401,CASH_OUT,224123.95,C874457673,0.0,C1560013422,1720717.05
409,TRANSFER,103954.67,C1428146086,0.0,C1598907794,850753.71
375,CASH_OUT,82414.14,C1336344077,0.0,C416937225,146688.89
375,CASH_IN,178435.01,C1574855152,10788.0,C731491606,0.0
372,CASH_IN,105070.35,C1709368692,6289511.72,C691851273,431421.05
356,CASH_IN,24470.43,C577903215,61183.0,C1227385973,43997.32
514,PAYMENT,19145.8,C706891174,120453.0,M628452215,0.0
373,CASH_IN,143853.67,C1549942975,3043759.96,C244148216,3164401.97
404,DEBIT,47.38,C1754695542,863.0,C625892509,7213.0
370,CASH_OUT,42759.2,C595015023,0.0,C285656422,552635.37
357,CASH_OUT,273963.36,C190250248,23657.0,C582377132,238919.15
373,PAYMENT,8647.02,C1975704927,24690.0,M1536835665,0.0
644,CASH_IN,164777.53,C302591500,3834866.93,C191041092,2089110.95
379,PAYMENT,8029.71,C1278240644,14182.0,M783068271,0.0
687,PAYMENT,31664.46,C1767169980,0.0,M735543553,0.0
415,TRANSFER,37766.23,C1853390476,37766.23,C1785352620,0.0
373,CASH_IN,276091.23,C659952328,63608.0,C1185222712,576503.06
547,PAYMENT,2180.61,C1385596640,21466.0,M1259589186,0.0
379,PAYMENT,88208.5,C1311694233,0.0,M1643316742,0.0
358,PAYMENT,9843.43,C1089726305,5736.0,M1256784723,0.0
687,CASH_OUT,30709.73,C1554190444,5156.0,C1812429834,328981.74
378,TRANSFER,218636.92,C316717802,0.0,C404531614,1290624.83
380,CASH_IN,266713.27,C1970773345,1498743.92,C1768480412,408830.75
522,CASH_OUT,188118.3,C170834774,0.0,C374015738,909007.18
378,CASH_OUT,52033.39,C1333883232,0.0,C767378773,1387086.04
403,CASH_OUT,306526.53,C992827929,0.0,C720252194,11241858.43
382,PAYMENT,2429.3,C1476356874,169239.0,M918625282,0.0
546,PAYMENT,14405.68,C29499288,0.0,M1292591031,0.0
403,CASH_OUT,132366.83,C614432419,0.0,C257372818,1450480.01
407,CASH_IN,190600.61,C1908614740,160.0,C1943104198,1430221.02
403,PAYMENT,9328.86,C2012240132,60358.0,M565871810,0.0
405,PAYMENT,315.97,C743971735,11217.0,M1624347154,0.0
451,CASH_IN,477438.86,C43253572,3024937.58,C1479011384,879006.85
416,CASH_OUT,21494.74,C1172114344,0.0,C1585908142,65945.88
357,CASH_IN,59077.28,C1763754996,18119.0,C1172960304,4901209.71
399,CASH_OUT,55317.28,C560122815,0.0,C92661623,2045843.92
374,CASH_OUT,152674.33,C936150005,1363.0,C745374373,86609.09
691,CASH_OUT,113590.09,C215759300,0.0,C236483497,6284454.95
380,CASH_OUT,350732.43,C243446082,0.0,C1256354508,4311196.65
538,PAYMENT,2318.31,C1231581070,8087.0,M1513798278,0.0
401,CASH_OUT,54425.99,C2097353346,0.0,C2133268315,2136266.96
705,CASH_OUT,94538.48,C2008420293,0.0,C661167101,2270064.79
525,PAYMENT,20721.87,C59130632,549.0,M27100334,0.0
399,PAYMENT,24909.13,C2035769486,49610.0,M1119294715,0.0
394,CASH_IN,327081.16,C393029738,6504244.05,C689665706,26169530.35
398,CASH_OUT,165789.91,C14164966,0.0,C1942888728,4828604.54
592,TRANSFER,1170213.18,C902859339,1170213.18,C1563520398,0.0
596,PAYMENT,2864.64,C15794317,29847.0,M1434491876,0.0
368,CASH_OUT,200419.12,C1991181153,200419.12,C2069255486,4027748.6
373,CASH_OUT,135474.5,C882251158,367.0,C1273298011,1078297.76
369,CASH_OUT,178952.61,C283494881,32544.49,C661894946,1802284.44
659,PAYMENT,21218.02,C573139326,2829.0,M1407621623,0.0
372,PAYMENT,13908.08,C1718397957,0.0,M660568323,0.0
617,PAYMENT,24384.98,C1287795984,50537.0,M1594883801,0.0
403,CASH_IN,138342.64,C665682017,13360426.94,C621173930,701033.34
407,CASH_OUT,238072.5,C498992011,23033.48,C645425566,2224189.58
585,CASH_OUT,177121.89,C937044123,81151.0,C2139956299,0.0
405,PAYMENT,27960.51,C38207040,32680.91,M1532060078,0.0
546,CASH_OUT,110051.02,C1426999656,155836.0,C1934364582,0.0
372,PAYMENT,30440.14,C1287173804,471.0,M174640488,0.0
403,PAYMENT,8167.52,C1955806497,32200.0,M1362709930,0.0
402,PAYMENT,4881.03,C1223324715,86276.38,M649453008,0.0
371,PAYMENT,4004.37,C273680102,345627.32,M703470982,0.0
567,PAYMENT,10325.19,C352754336,0.0,M854546664,0.0
370,CASH_IN,190506.25,C820522864,29441.0,C469749841,0.0
492,CASH_OUT,163457.33,C1488810510,5693.0,C868971200,509.57
371,PAYMENT,1426.82,C850932562,0.0,M546714609,0.0
397,CASH_IN,371112.15,C1459718735,29853.0,C603682492,1402761.45
375,PAYMENT,9793.9,C1497260111,0.0,M1890478521,0.0
375,PAYMENT,7541.02,C994761805,55927.87,M1100556455,0.0
399,CASH_IN,306378.2,C84117876,18688582.67,C965633676,855601.32
394,PAYMENT,15575.11,C486446778,207462.98,M994334108,0.0
589,CASH_IN,341299.63,C1954976823,2609.0,C444599376,6754.28
378,PAYMENT,18100.3,C82868815,219599.54,M1539217411,0.0
569,CASH_IN,130373.58,C671416529,42720.21,C787931472,1263244.7
398,CASH_IN,90681.0,C1383502759,9865679.4,C1571864404,257112.6
399,PAYMENT,35337.88,C367518403,0.0,M2067848878,0.0
397,PAYMENT,23699.89,C1347625198,182010.4,M1227858561,0.0
451,CASH_IN,31328.07,C1379417891,11406446.96,C1130427178,75694.8
362,TRANSFER,60450.18,C2059535727,60450.18,C214810405,0.0
394,CASH_OUT,132714.19,C53010362,21754.0,C1110643880,53397.25
406,PAYMENT,23261.56,C314938179,127282.0,M1056027904,0.0
378,PAYMENT,10874.25,C752942744,0.0,M1082588975,0.0
401,PAYMENT,8078.14,C317583093,1105783.38,M1526463296,0.0
395,TRANSFER,963655.81,C1104628150,29721.0,C471068892,78006.0
400,CASH_IN,295486.55,C1780582975,62265.0,C2034624091,5339444.17
397,PAYMENT,27522.14,C661818337,0.0,M1815453659,0.0
405,TRANSFER,3956347.57,C715383844,404931.38,C1956477953,4730687.44
590,CASH_OUT,527868.57,C513044941,4223.0,C876629050,0.0
405,CASH_OUT,130447.44,C809369835,9942.0,C1971101709,0.0
483,TRANSFER,7576324.61,C149249593,7576324.61,C210740885,0.0
469,CASH_IN,232063.7,C643905340,529587.94,C678281258,349691.79
396,CASH_IN,359336.11,C1650354512,20893.0,C892970598,665455.33
380,PAYMENT,7274.85,C377310069,161.0,M1904979054,0.0
375,CASH_OUT,147640.51,C1579194950,21451.0,C1483926752,108408.4
371,CASH_IN,201878.02,C376447230,522169.87,C1364630638,515709.27
395,CASH_IN,52159.84,C723307967,49511.0,C438865750,2097965.02
400,PAYMENT,10436.66,C1613894354,0.0,M1523132154,0.0
404,TRANSFER,652367.92,C2105506241,609.0,C654143178,0.0
588,PAYMENT,13927.22,C1149131910,0.0,M1039522828,0.0
380,CASH_IN,58216.53,C1300274377,140.0,C437827348,661140.45
692,CASH_OUT,391447.23,C259091933,741629.49,C733862683,3174008.36
359,TRANSFER,487722.16,C206828968,0.0,C1996635028,678488.7
378,PAYMENT,11649.67,C734175472,67840.15,M927193109,0.0
478,PAYMENT,16977.52,C1031188186,0.0,M1149414598,0.0
394,CASH_OUT,62654.24,C659549100,0.0,C976339470,2889076.75
487,TRANSFER,882637.83,C467131548,882637.83,C170544554,0.0
399,CASH_IN,17098.89,C2095175371,3507940.86,C2091989835,568417.95
690,PAYMENT,10626.34,C1748956509,0.0,M730267470,0.0
369,TRANSFER,258766.91,C1360042697,0.0,C822558819,377262.44
428,CASH_OUT,329411.54,C1819538802,0.0,C1012024723,2473215.73
597,CASH_OUT,64419.23,C823554074,17070.0,C548914686,473448.31
394,CASH_IN,74815.12,C928888831,1515.0,C1658373157,0.0
375,TRANSFER,821138.21,C895816013,821138.21,C2008137353,0.0
378,PAYMENT,27241.8,C414459969,130885.9,M1240277528,0.0
402,CASH_OUT,130835.01,C1575342242,16144.0,C1949095962,233646.0
402,CASH_OUT,190272.51,C601305890,191789.68,C503547844,853012.17
404,CASH_IN,278780.54,C1065486913,1820.0,C368003668,0.0
401,CASH_OUT,14700.77,C1036485950,0.0,C931858199,1200707.82
414,TRANSFER,3285475.4,C1469626651,3285475.4,C1664358015,0.0
397,CASH_IN,38061.79,C1217298779,75336.0,C2132006814,100260.15
402,PAYMENT,33080.71,C2062496580,9952.0,M1185496017,0.0
399,CASH_OUT,127979.9,C987220999,70786.0,C773454972,3339010.54
524,PAYMENT,80089.45,C703494277,765880.0,M1942978837,0.0
356,PAYMENT,2455.43,C1004114082,11228.0,M632757131,0.0
691,CASH_OUT,172980.42,C329842232,106508.0,C663565442,2019209.96
372,CASH_IN,24391.75,C1241470976,20614.0,C1813885927,406768.94
378,PAYMENT,13412.56,C485127448,10232.0,M1934796486,0.0
640,CASH_OUT,159059.21,C1914145815,39962.0,C616080855,0.0
490,CASH_OUT,213006.39,C1398302760,10819.0,C1691307454,1413603.8
401,CASH_OUT,182244.84,C785243412,0.0,C1864371946,3996365.26
359,CASH_OUT,32049.59,C145266043,56070.0,C1599548968,205243.23
356,CASH_OUT,42514.51,C306810800,0.0,C1974514785,3223933.16
564,PAYMENT,27360.37,C1272686374,142869.55,M234661040,0.0
544,CASH_OUT,237235.81,C106169030,21304.0,C1574553384,0.0
404,TRANSFER,211075.05,C963386400,10981.0,C1285194188,1607.49
373,CASH_OUT,263822.09,C801027818,619147.08,C1431700471,645934.28
403,CASH_IN,171366.55,C338499776,3871703.18,C2014645286,235329.97
405,CASH_IN,91655.55,C693423360,890242.15,C1891082131,7387716.84
373,PAYMENT,21136.85,C1391970673,103655.0,M686526248,0.0
375,CASH_OUT,298962.47,C1274063087,0.0,C1596056466,3298254.83
406,PAYMENT,29135.38,C1353470948,5793.0,M479561758,0.0
377,CASH_OUT,259731.84,C1606561343,0.0,C1226135014,956629.47
444,TRANSFER,178616.12,C1841711424,178616.12,C622012367,0.0
409,PAYMENT,35233.97,C1473281051,10650.26,M1632124924,0.0
398,CASH_OUT,44189.79,C501893069,101688.0,C1165648858,2789516.98
500,TRANSFER,2214228.23,C2058454528,0.0,C446378182,3868214.24
452,CASH_IN,186640.39,C1840156962,7729754.18,C1622066966,423297.05
403,PAYMENT,48678.79,C1580343446,0.0,M1878672811,0.0
358,PAYMENT,5123.1,C1355035923,2069.0,M336045946,0.0
397,CASH_IN,376094.9,C1780907173,55038.0,C576822609,430833.03
404,CASH_OUT,144561.03,C997079332,9711.0,C96655475,0.0
394,PAYMENT,10149.0,C768458413,3305.0,M1116951867,0.0
403,CASH_OUT,76649.83,C234068208,0.0,C1932674171,188598.85
394,PAYMENT,52636.58,C856497582,101227.0,M464021872,0.0
394,PAYMENT,7327.63,C62539247,0.0,M1243422676,0.0
379,CASH_OUT,365877.43,C1640809282,0.0,C160542534,673204.9
382,PAYMENT,24269.55,C1345448203,115271.0,M1911759405,0.0
596,PAYMENT,9468.66,C427264865,164502.0,M169355216,0.0
356,CASH_OUT,231995.12,C1824603545,0.0,C200283595,9278915.01
690,CASH_IN,191047.17,C638080261,3847304.55,C890946951,213253.47
399,CASH_IN,72592.76,C15371641,2872210.8,C1308497108,13640065.38
406,PAYMENT,1211.71,C1686821060,0.0,M50439692,0.0
378,PAYMENT,5342.16,C1661807822,0.0,M1884257495,0.0
402,PAYMENT,5694.91,C1023002662,0.0,M603487961,0.0
376,CASH_OUT,362036.24,C254051524,57788.0,C957418489,0.0
394,TRANSFER,376668.65,C1904950567,110385.0,C238335047,0.0
426,PAYMENT,8385.32,C686423239,14954.0,M1256139456,0.0
702,TRANSFER,10000000.0,C523152614,13171085.59,C1115935121,0.0
372,CASH_IN,265397.02,C544564723,9237632.66,C1651281248,1271481.99
402,CASH_OUT,235548.08,C1676025614,23524.0,C1801437500,12174621.43
692,CASH_IN,128028.56,C1098576161,21454.0,C246232139,263548.27
405,CASH_OUT,111305.79,C825531993,103705.0,C1543476825,583370.36
375,CASH_OUT,42068.23,C1882439055,9075.0,C1337311065,0.0
397,CASH_OUT,137357.4,C1759219793,0.0,C497809708,178662.93
379,CASH_OUT,42394.69,C688074140,253086.0,C106390518,0.0
401,PAYMENT,20712.35,C1891080718,82622.0,M1324001535,0.0
393,PAYMENT,1536.24,C1895639250,20738.0,M1116396253,0.0
642,CASH_OUT,150640.51,C1897925974,29253.78,C247674934,801971.69
492,TRANSFER,4820288.29,C1160817179,0.0,C2039623363,5630586.73
404,CASH_IN,9343.8,C384131459,70916.0,C1580803898,36018.45
404,PAYMENT,14107.36,C626018209,37568.25,M663423265,0.0
564,CASH_IN,65527.98,C1285350272,3970951.63,C161279528,536546.45
399,CASH_IN,278234.63,C1798425653,1792369.58,C2037096682,4769382.57
376,CASH_OUT,480212.1,C1619154889,148132.0,C404291146,0.0
371,PAYMENT,17991.42,C1294432334,59.0,M679213005,0.0
373,CASH_IN,120260.51,C166349970,2152525.36,C934576741,183786.65
403,PAYMENT,987.03,C1342090706,101992.0,M2038802251,0.0
381,TRANSFER,442308.79,C502949187,0.0,C935919630,2464273.16
427,CASH_OUT,1171751.17,C711131179,1171751.17,C1501386709,0.0
378,CASH_IN,189018.34,C1373615380,15933.0,C2139323494,0.0
401,CASH_OUT,179584.73,C690835925,155.0,C1242254764,2429009.34
404,CASH_OUT,24789.67,C1501395060,12294.0,C371890891,0.0
373,CASH_OUT,238449.14,C1224219529,10680.0,C1341591649,427290.65
426,CASH_OUT,26645.4,C994882842,0.0,C1639574213,1029586.77
402,CASH_OUT,23929.11,C896105727,0.0,C408236679,869797.21
690,PAYMENT,19998.81,C1020332168,0.0,M1646921525,0.0
403,PAYMENT,11053.68,C223373556,0.0,M204233373,0.0
404,CASH_OUT,189464.58,C2111210615,0.0,C1888761577,1105861.55
356,PAYMENT,9089.87,C868546440,107910.0,M1688472683,0.0
405,PAYMENT,20026.73,C1552050176,186300.55,M2107312908,0.0
371,PAYMENT,20689.56,C327194386,0.0,M338611751,0.0
397,TRANSFER,578276.28,C1733140325,89416.79,C203039275,588760.46
546,CASH_OUT,49223.36,C676527464,0.0,C849365695,1291836.99
396,CASH_IN,407228.71,C876007751,49590.0,C1442874804,690476.95
403,CASH_IN,71941.92,C2029780385,1284578.67,C1692551814,405370.73
400,CASH_OUT,90705.2,C737915327,0.0,C1013627416,173966.3
393,PAYMENT,8869.58,C737550356,18813.79,M602201724,0.0
570,CASH_OUT,192541.82,C1325691477,0.0,C38390379,229380.42
522,CASH_IN,410002.2,C524313205,2069346.75,C1738039819,855736.72
377,CASH_OUT,108989.82,C937193508,26127.0,C649734004,1832724.86
377,PAYMENT,22757.73,C1291131207,0.0,M785414256,0.0
373,PAYMENT,12241.89,C1419326407,0.0,M1808879148,0.0
394,CASH_OUT,473005.24,C1174069089,0.0,C423027347,1056662.04
393,PAYMENT,18245.07,C1376778812,0.0,M513751147,0.0
356,PAYMENT,18180.98,C958300544,60758.0,M707440111,0.0
420,CASH_OUT,217766.33,C1233825406,22174.0,C199715702,0.0
372,PAYMENT,5744.71,C1467745914,495881.36,M1229294694,0.0
356,TRANSFER,835126.23,C1449449878,1045.0,C1119377247,0.0
395,PAYMENT,23625.51,C383618217,6694.0,M494981752,0.0
378,CASH_OUT,124655.39,C891216636,256766.0,C604635702,1939359.13
457,TRANSFER,283415.1,C828404341,283415.1,C1030933184,0.0
370,CASH_IN,168551.18,C999307972,2773235.23,C287594414,3835475.53
397,CASH_OUT,46382.25,C1708446852,49524.0,C1966545974,1513703.37
376,TRANSFER,23260.59,C371722126,0.0,C1643436948,387707.54
371,CASH_IN,74715.94,C494143983,104208.0,C505968942,923578.57
703,CASH_OUT,13024.95,C1503196403,13024.95,C448117484,0.0
398,TRANSFER,890190.4,C259523057,38414.0,C1430170836,0.0
476,CASH_OUT,166667.75,C872922844,0.0,C1417322956,1700660.49
374,PAYMENT,21740.13,C899413592,0.0,M1312638786,0.0
403,PAYMENT,6129.45,C1374426574,161139.0,M647223441,0.0
514,PAYMENT,6302.76,C682745559,288376.0,M1225727190,0.0
552,PAYMENT,2123.6,C1540771046,422357.0,M1416313005,0.0
595,PAYMENT,784.4,C522214669,55479.0,M1900472394,0.0
396,CASH_IN,53992.01,C1751098536,62412.0,C538136633,8203108.77
589,CASH_OUT,368456.81,C1655352879,10236.0,C793912378,856241.33
400,PAYMENT,2270.66,C1993305207,0.0,M1768705776,0.0
589,CASH_OUT,99908.74,C2079534183,201.0,C1080928034,408990.58
379,CASH_OUT,55102.51,C963081296,22490.0,C12722473,1231437.53
371,CASH_OUT,84989.84,C1528649982,101970.88,C473581758,838036.17
401,CASH_OUT,333976.64,C1641701729,0.0,C1282916948,1158201.98
686,TRANSFER,541245.65,C925957767,0.0,C1183622399,4590925.43
649,CASH_OUT,150205.64,C347416384,150205.64,C636863555,0.0
373,CASH_OUT,287596.88,C535572213,70211.0,C765311267,0.0
394,CASH_OUT,134184.59,C167577018,0.0,C250390785,11060253.1
545,PAYMENT,6967.8,C2120439232,0.0,M505837491,0.0
381,PAYMENT,1978.01,C1045312534,0.0,M1076168274,0.0
369,CASH_OUT,485480.48,C1036163638,199069.0,C646282171,45232.07
406,PAYMENT,10282.04,C1282522798,156.0,M860545349,0.0
546,CASH_IN,269582.48,C232925636,18708982.7,C1506829097,3164567.98
524,CASH_OUT,172630.36,C1818399454,10177.0,C1805788230,57946.62
542,CASH_OUT,86841.77,C2006763369,0.0,C676593873,116188.79
395,PAYMENT,17800.56,C771340482,0.0,M240288429,0.0
514,CASH_OUT,449606.53,C1833956137,489.0,C578781478,806828.57
375,CASH_IN,66165.1,C577733315,51333.0,C445132102,0.0
375,PAYMENT,15420.18,C1885533609,0.0,M1574825503,0.0
476,PAYMENT,12073.14,C462806797,43664.44,M472441422,0.0
400,CASH_OUT,101506.09,C1455108562,20030.0,C426544405,949512.06
402,CASH_IN,129653.86,C1528872945,54358.0,C1288959712,0.0
375,PAYMENT,6176.62,C328866724,10063.0,M294277004,0.0
371,CASH_OUT,175426.74,C1049577735,0.0,C711824409,3302151.52
695,CASH_IN,373003.46,C969727960,7794455.43,C1216950588,607391.23
398,CASH_IN,249535.2,C1542100642,7508328.3,C1247557635,264774.56
474,CASH_OUT,39882.62,C1499327018,18845.0,C578606391,154851.73
403,CASH_OUT,114689.67,C1484789472,0.0,C1320336864,247899.79
714,PAYMENT,13981.5,C1557160588,9022.0,M1452502645,0.0
376,CASH_OUT,185192.61,C1247273982,35.0,C1206709299,1016712.41
380,PAYMENT,1867.95,C1974722596,10703.41,M2072439020,0.0
374,PAYMENT,1057.37,C1979845503,169032.07,M1877274801,0.0
397,CASH_IN,151843.83,C2096763724,11915535.31,C1938932248,6785268.26
357,CASH_OUT,44323.35,C620114904,11001.29,C1835318873,244163.71
517,CASH_OUT,555328.55,C482849190,555328.55,C1421855505,0.0
399,PAYMENT,5574.31,C665986006,72480.0,M1676878635,0.0
373,CASH_OUT,376375.19,C1210631304,0.0,C1347477310,413282.23
380,CASH_OUT,39011.35,C894583507,106765.0,C2015704045,0.0
520,PAYMENT,15.86,C1790151133,93113.0,M1137868618,0.0
404,PAYMENT,6522.42,C1651334303,1432.0,M923312059,0.0
525,PAYMENT,85685.42,C2066027185,119618.0,M1264007793,0.0
378,CASH_OUT,303943.29,C653555594,114.0,C664559327,0.0
564,TRANSFER,10074.22,C171196098,0.0,C742881258,2115853.37
380,PAYMENT,2997.15,C778994328,31456.0,M803757625,0.0
394,CASH_OUT,346661.27,C831189306,46020.0,C804410685,212043.97
570,CASH_OUT,504396.86,C1625002053,0.0,C1205311259,1847122.16
399,TRANSFER,790117.72,C1480423282,19938.0,C711578325,0.0
373,PAYMENT,12438.0,C1250322477,0.0,M1185649372,0.0
595,CASH_IN,117359.06,C925066146,3801462.05,C963058297,2384732.22
403,PAYMENT,3911.77,C1136086196,52902.0,M1975121680,0.0
709,TRANSFER,14148.64,C90228184,14148.64,C1066617916,0.0
379,CASH_OUT,62426.39,C1985035462,111691.0,C211691125,1481977.66
403,PAYMENT,5882.96,C1150452759,0.0,M274744231,0.0
401,PAYMENT,20687.3,C591771131,360679.35,M1418737507,0.0
370,CASH_OUT,345830.41,C178905449,14660.0,C2042063755,238837.83
476,CASH_OUT,285974.37,C112392131,0.0,C1933753709,350232.89
382,CASH_OUT,236201.69,C463845813,28897.0,C1698133616,0.0
370,TRANSFER,2279687.6,C973502449,179058.0,C1411379463,327656.23
397,CASH_IN,137735.44,C1468799010,51130.0,C1595875640,1192256.0
378,CASH_OUT,218171.52,C181007281,0.0,C1333555671,318444.18
370,CASH_OUT,286793.85,C1549779649,36151.0,C1806466857,154957.19
544,DEBIT,7008.97,C280837244,0.0,C326444280,116667.11
476,CASH_IN,18788.61,C1078457977,266702.0,C1280252343,0.0
492,PAYMENT,45406.4,C656625261,20817.0,M1706175373,0.0
548,CASH_OUT,189065.43,C1775328899,70288.0,C55237135,799915.64
372,PAYMENT,15214.39,C1636557258,10372.0,M1049760116,0.0
381,PAYMENT,3894.29,C1904059430,164.0,M1887141760,0.0
672,TRANSFER,234787.38,C1526831204,234787.38,C801426364,0.0
475,CASH_OUT,71511.19,C743231238,71511.19,C488128368,0.0
403,PAYMENT,3608.67,C1376116561,21874.0,M96105004,0.0
394,CASH_OUT,26448.61,C826660541,61930.0,C1617735605,0.0
401,PAYMENT,25381.49,C1780331170,0.0,M1676808159,0.0
618,CASH_OUT,34473.07,C1253152318,34473.07,C1286341721,17653.89
381,CASH_IN,30109.65,C161909320,50330.0,C2143409210,6946018.19
692,PAYMENT,29897.76,C1389964808,1934.0,M893237698,0.0
381,PAYMENT,3016.6,C1438287055,56354.2,M1349589231,0.0
525,PAYMENT,55048.99,C600916792,11382.0,M1958869340,0.0
402,CASH_OUT,69797.29,C1945198882,154.0,C995450222,0.0
686,PAYMENT,4755.83,C2050506716,30728.0,M712629542,0.0
394,CASH_IN,45298.73,C448634537,8365082.71,C1339974242,583121.15
375,CASH_IN,212961.99,C1898022533,2593310.08,C1680131810,225189.53
522,CASH_OUT,196465.64,C178281566,20025.0,C1878716963,956177.34
469,CASH_IN,211992.64,C1858991643,49941.0,C1223724317,564871.86
380,PAYMENT,12666.44,C267385460,51905.0,M320150714,0.0
372,PAYMENT,15506.0,C538552769,0.0,M983718182,0.0
403,PAYMENT,4138.38,C489512703,0.0,M2052548742,0.0
683,TRANSFER,252890.59,C918302183,13558.0,C1152456534,3002588.69
380,CASH_IN,61473.57,C790962752,30977.0,C2057606764,0.0
688,CASH_IN,165254.67,C1613068233,7134651.21,C454557983,1185966.72
373,PAYMENT,51225.28,C902016639,0.0,M618309103,0.0
406,PAYMENT,2992.51,C1700594580,0.0,M1119163113,0.0
526,CASH_IN,252121.14,C61720644,764898.49,C506659313,492430.13
399,PAYMENT,10338.98,C721871753,2317.77,M881290304,0.0
403,PAYMENT,2057.55,C313208754,69090.0,M1123593960,0.0
542,PAYMENT,23928.09,C1970841956,72145.0,M1142589200,0.0
731,CASH_OUT,219275.19,C1950153528,219275.19,C1184845365,743229.99
399,CASH_OUT,283908.55,C670199021,20288.0,C543769798,295893.25
513,TRANSFER,1530378.45,C1898980323,1530378.45,C458386953,0.0
373,CASH_IN,11480.98,C17191595,0.0,C1411426895,951479.84
688,CASH_IN,263383.57,C628632772,180.0,C53978188,79106.41
376,PAYMENT,8540.43,C1421549004,283295.15,M901715170,0.0
377,CASH_IN,359339.29,C308232398,5847645.83,C1885572056,778582.15
404,CASH_IN,210411.4,C636504756,8300.0,C1211377412,1182144.64
399,CASH_OUT,125026.23,C1405784080,0.0,C2015543503,628918.36
399,PAYMENT,33947.83,C1513291182,31584.0,M771211281,0.0
383,PAYMENT,75.96,C501668436,6017.0,M751474416,0.0
395,CASH_OUT,171985.17,C1889051079,0.0,C1918600708,7873630.29
374,CASH_OUT,506807.81,C1510174947,4607.0,C36659673,0.0
376,CASH_OUT,9653.81,C1800895717,0.0,C1465294880,546300.43
400,CASH_OUT,224854.26,C557831075,363.0,C458933762,0.0
589,CASH_OUT,92156.34,C1374880217,82475.0,C2014366307,1832475.14
442,CASH_OUT,62007.28,C1139962604,0.0,C65528423,631359.16
369,CASH_OUT,246244.38,C1833690734,8205.0,C1038128992,509505.22
375,CASH_IN,75736.18,C1523788919,10239.0,C1244958067,4568124.26
379,CASH_OUT,79889.52,C1660440542,0.0,C525191541,3882208.68
382,TRANSFER,3189.29,C657402646,101328.0,C207665817,1075686.15
735,CASH_OUT,243459.96,C1148037845,243459.96,C387251817,9459523.04
667,CASH_OUT,91468.09,C465174444,183.0,C1917899047,100759.69
399,CASH_IN,179701.23,C1535077961,3263282.98,C997337518,1257072.09
375,PAYMENT,15943.12,C176637879,0.0,M1355975915,0.0
357,TRANSFER,138048.95,C647337329,0.0,C1883721711,428110.15
379,CASH_OUT,285480.41,C1393579802,34126.0,C1826147967,2841541.53
356,CASH_IN,322755.99,C1921204255,7102633.68,C1446301930,1453253.48
596,CASH_IN,60917.23,C47434493,6964429.95,C455672855,7588724.82
377,PAYMENT,24323.49,C1020149026,0.0,M631025230,0.0
546,CASH_OUT,118111.88,C131879061,89303.0,C704988025,1374200.26
469,CASH_OUT,16862.14,C30007713,31328.0,C2074553195,0.0
371,PAYMENT,26224.39,C61453211,21041.0,M962749717,0.0
686,TRANSFER,306431.68,C33679390,0.0,C133596000,6512874.57
692,CASH_OUT,128863.91,C685854011,11375.0,C516705389,37914.29
659,CASH_IN,225542.62,C1504687870,1733337.71,C823494857,13445931.51
404,CASH_OUT,157059.94,C534581826,27413.0,C1739372932,0.0
380,CASH_IN,363206.46,C982972451,4183465.45,C1886687413,1086121.72
380,CASH_OUT,175020.01,C2069740356,465457.0,C572724551,32044.35
379,CASH_OUT,137125.41,C1883891471,1069.0,C761481883,1490451.0
382,PAYMENT,6089.5,C1825477933,21937.0,M228115426,0.0
661,CASH_OUT,369517.65,C919454682,51.44,C543132996,1504049.27
681,PAYMENT,10752.14,C219247928,15125.31,M1578331411,0.0
386,PAYMENT,850.9,C138811723,5323.0,M1268692273,0.0
396,CASH_OUT,221046.82,C1435622474,82778.0,C1779422130,198199.53
394,CASH_OUT,48493.7,C1885865889,0.0,C15308302,53692.64
526,CASH_IN,206777.26,C1152987421,281.0,C191432187,88098.56
401,CASH_IN,228990.74,C1997760704,1186.0,C1507492272,8978079.64
522,CASH_OUT,197476.64,C898582416,5863.0,C1249493000,1208878.18
373,CASH_IN,209055.4,C1448173619,385890.14,C1776421443,256745.82
400,TRANSFER,191670.52,C1609939045,2207.0,C1497254812,3220850.36
372,CASH_OUT,26176.87,C842540926,1515.0,C2040838647,62046.3
356,CASH_OUT,78258.15,C1054018629,0.0,C1855147636,1185591.12
589,CASH_OUT,47673.85,C1202964252,20670.0,C837202926,638017.88
358,CASH_OUT,24799.5,C1520000530,97832.15,C204558535,1196617.03
382,PAYMENT,3695.7,C1500988690,2682.0,M1907475575,0.0
379,TRANSFER,536772.08,C784176398,0.0,C268212704,996783.44
399,DEBIT,2797.84,C1590521063,20894.0,C1780207656,117370.05
381,PAYMENT,18591.11,C358479489,60593.0,M1347695399,0.0
406,TRANSFER,600035.36,C1713258281,0.0,C1998973130,818652.4
374,CASH_OUT,191184.89,C1052224405,0.0,C543116757,392589.34
382,PAYMENT,1409.29,C927181463,43098.0,M1808473722,0.0
375,CASH_OUT,15987.39,C647088876,1434.97,C801868492,453849.13
378,CASH_OUT,172699.67,C2069503448,0.0,C442527023,2268921.6
405,PAYMENT,2531.47,C241889755,901293.0,M1549488720,0.0
356,PAYMENT,51861.65,C184097752,36561.54,M1091716713,0.0
383,CASH_IN,149541.75,C1200509561,2211504.14,C912402708,676398.19
644,PAYMENT,14950.72,C1055635553,312887.0,M1677178014,0.0
397,TRANSFER,662804.65,C1271445150,16070.0,C143061011,584501.9
405,CASH_OUT,72755.71,C1396305228,20438.0,C1044169515,211966.79
692,TRANSFER,93333.66,C669681656,3087.0,C516961163,810796.67
378,CASH_OUT,283985.02,C1997671476,0.0,C767211568,467327.77
371,CASH_IN,73909.44,C969240737,5180223.69,C1165877529,519431.86
548,CASH_IN,112847.67,C414959336,137070.0,C1953757345,0.0
587,PAYMENT,8294.15,C1075806515,50462.0,M297267740,0.0
371,PAYMENT,6110.48,C1272227195,0.0,M1058171965,0.0
384,CASH_IN,36976.83,C1519561637,7997408.76,C517418033,1164460.89
405,CASH_OUT,109790.62,C993756352,0.0,C1618292740,458537.74
376,PAYMENT,29661.07,C1390590621,24477.0,M1847142704,0.0
400,CASH_OUT,164813.74,C1461542220,0.0,C1143640237,233824.81
376,CASH_IN,203446.38,C933064896,5810694.6,C1729383560,229320.59
401,PAYMENT,1237.99,C169399893,0.0,M1878119957,0.0
398,PAYMENT,16059.94,C608617669,0.0,M57486816,0.0
431,TRANSFER,195200.27,C35271551,0.0,C593441308,5624857.49
687,CASH_OUT,103172.27,C1066083735,0.0,C1727693924,259616.1
359,PAYMENT,7203.98,C926624641,55290.44,M38619747,0.0
394,CASH_IN,229598.95,C1946936955,1231717.07,C252101176,1825208.99
380,CASH_OUT,45992.16,C1242993918,0.0,C16101363,1649468.8
374,PAYMENT,28415.9,C1278094472,21625.0,M1221318598,0.0
404,PAYMENT,1745.14,C1374673173,0.0,M973977167,0.0
419,PAYMENT,1945.16,C1780181346,250379.0,M501856383,0.0
525,TRANSFER,794953.19,C1145535256,0.0,C1168753074,8173211.21
370,TRANSFER,681107.26,C1521130048,93358.73,C150976167,10177351.48
709,CASH_OUT,58154.65,C16792050,20930.0,C1492431071,0.0
402,PAYMENT,66597.52,C53163782,92729.67,M1964958450,0.0
661,CASH_IN,38423.16,C319600715,10028280.12,C1267254328,92406.66
540,TRANSFER,1263039.44,C402180046,0.0,C1576477352,1628952.96
399,CASH_OUT,96238.41,C1965302001,20891.0,C641114741,11418.54
617,CASH_IN,104868.1,C1070504021,20762.0,C1957251932,92312.76
573,PAYMENT,4665.47,C880679730,154209.0,M1377404140,0.0
599,TRANSFER,154952.34,C1192782089,0.0,C441631398,2948288.47
398,PAYMENT,40324.13,C939447889,99690.99,M303376740,0.0
398,TRANSFER,1035173.85,C2058678749,41851.36,C85026597,3648853.3
370,TRANSFER,368179.95,C1463218209,0.0,C1217608304,745279.53
396,CASH_IN,175019.28,C201740332,16438.0,C49891300,195845.76
378,PAYMENT,7079.15,C888139706,3765.65,M570524964,0.0
404,PAYMENT,19039.73,C657491126,186516.61,M408884182,0.0
398,CASH_OUT,404929.49,C922315325,0.0,C1475511098,970061.28
374,CASH_OUT,113449.09,C755409608,0.0,C842480440,133719.13
370,TRANSFER,2422596.03,C860141211,20003.0,C1497254812,798254.33
580,TRANSFER,105861.07,C261904702,105861.07,C152930989,0.0
378,CASH_IN,231672.09,C1540635096,2522565.14,C212685265,389128.24
382,CASH_IN,72105.17,C1006149418,261.0,C127643798,0.0
380,PAYMENT,8542.48,C755485013,0.0,M1698706615,0.0
394,CASH_OUT,295931.88,C242324583,162257.97,C1251780244,5059742.17
404,CASH_OUT,83759.09,C1640692983,32326.0,C590614362,422827.96
687,PAYMENT,39808.87,C399412707,0.0,M1082378530,0.0
395,PAYMENT,3482.65,C1103127634,2501.0,M565337269,0.0
384,PAYMENT,9762.36,C401755316,102235.0,M1892819764,0.0
692,CASH_OUT,147098.3,C1719254573,16771.0,C1974791073,0.0
396,CASH_IN,114871.32,C1769138826,31214.0,C1196903399,49803.74
524,CASH_IN,25249.57,C1939801744,5806590.2,C766610612,523759.9
376,TRANSFER,373514.1,C1248953742,0.0,C167541887,2514177.07
356,PAYMENT,2319.55,C1435524724,0.0,M405148162,0.0
397,TRANSFER,2837457.74,C617092158,0.0,C98253683,12341794.32
380,CASH_OUT,441856.93,C255481052,21345.0,C1798145328,152713.24
408,PAYMENT,5121.21,C1394839850,120.0,M476702493,0.0
376,PAYMENT,13641.56,C445716724,40923.0,M480609381,0.0
403,CASH_OUT,145928.62,C1964925449,946054.0,C534973033,343984.42
380,CASH_OUT,49761.71,C1136178750,0.0,C442351007,135489.21
594,CASH_IN,88702.76,C1806713316,312896.95,C1196414904,1464988.53
403,CASH_IN,341313.24,C196092759,55623.0,C1428926783,0.0
404,PAYMENT,9826.14,C1902022778,100246.0,M318624108,0.0
637,CASH_IN,221245.67,C1102322823,308522.76,C671571614,366800.49
399,TRANSFER,681690.93,C372947863,101367.0,C632282680,10882679.94
382,CASH_IN,97878.16,C926689787,16084.58,C2119699977,109790.05
373,CASH_IN,248818.1,C1583350727,1270767.67,C184072819,440601.55
584,PAYMENT,11094.16,C1008727545,99668.0,M553105381,0.0
589,CASH_OUT,147755.27,C1135889648,0.0,C277671778,2574033.06
619,TRANSFER,634974.5,C417289533,18093.7,C1333121423,5171871.13
382,CASH_OUT,18993.26,C1259939096,0.0,C941646795,258700.16
400,CASH_IN,160743.04,C781942167,2456832.34,C1702725290,340696.28
360,CASH_OUT,15516.95,C1686873356,0.0,C886448449,2427708.26
379,CASH_OUT,104567.65,C338419656,0.0,C1576053316,5643093.38
370,CASH_IN,495906.07,C631753652,20412.0,C80931938,0.0
371,CASH_IN,252478.24,C335579484,107486.0,C1265934531,400830.74
372,CASH_OUT,24552.29,C1335543954,0.0,C1342078125,586293.0
493,CASH_OUT,404877.71,C671500615,11431.0,C1871993608,2812699.63
402,CASH_IN,442466.91,C272268277,45720.0,C1664252820,183530.65
400,CASH_OUT,331160.7,C1442881427,77381.0,C29860118,0.0
397,PAYMENT,11667.35,C773379273,0.0,M1839844939,0.0
371,CASH_OUT,662197.16,C1810174464,19980.0,C1658093144,39348.46
686,PAYMENT,15913.0,C1056684469,0.0,M1712630460,0.0
659,TRANSFER,161690.95,C1232967383,56229.95,C1922886862,1960168.88
405,CASH_OUT,39598.56,C219029988,20723.0,C2040049201,1026508.33
376,CASH_IN,292270.27,C679005849,3728177.34,C64191113,724402.66
397,PAYMENT,7350.58,C355075554,0.0,M805725029,0.0
458,CASH_OUT,86555.68,C1049307957,38719.0,C1435765971,43513.33
683,TRANSFER,487306.83,C1026741074,0.0,C1786942211,2044555.55
688,CASH_OUT,290042.4,C847357341,28830.0,C1357842882,96147.34
429,CASH_IN,129550.73,C338139800,2231862.73,C2017988733,142399.27
398,CASH_IN,102454.3,C1182654319,1577175.3,C1558976078,34663021.35
399,PAYMENT,9314.42,C1945646799,0.0,M1492109080,0.0
404,CASH_OUT,1221.7,C1710991552,31423.0,C413988789,0.0
690,PAYMENT,32149.58,C393241360,232754.98,M725671003,0.0
371,CASH_OUT,179642.11,C978141826,0.0,C968794771,303645.87
403,PAYMENT,10584.49,C775685318,0.0,M1148112031,0.0
370,CASH_IN,34123.24,C1054128617,824.0,C191208093,2129039.69
373,CASH_IN,2711.29,C1815888238,610245.12,C228308475,263032.25
399,CASH_OUT,140093.37,C1228600029,95.0,C1677875335,0.0
490,CASH_IN,97626.97,C1132242168,2580551.53,C1280938444,711513.24
378,CASH_OUT,310304.39,C1553589523,0.0,C1987839901,340289.33
384,CASH_OUT,22127.68,C1683396127,0.0,C2023101005,1209390.6
375,CASH_OUT,334887.42,C1199160870,0.0,C286947246,870906.75
715,CASH_OUT,133490.97,C316134890,42191.0,C730643342,1783147.4
550,CASH_OUT,21418.86,C198033049,21418.86,C403681217,534670.27
372,CASH_OUT,222627.61,C1052436312,148.0,C46849188,0.0
374,CASH_IN,98685.14,C644172514,2898272.92,C615914680,5612553.67
476,CASH_OUT,46373.24,C1219392740,301245.0,C1620184049,15738525.95
374,CASH_OUT,322615.84,C1110370326,0.0,C425888420,642979.13
614,PAYMENT,8337.38,C1891534889,0.0,M32481954,0.0
358,TRANSFER,1438737.78,C1024427567,1438737.78,C1328999824,0.0
401,CASH_IN,318047.29,C1632221080,82.0,C62280604,47012.54
381,PAYMENT,3822.26,C1090840593,24500.0,M589070257,0.0
375,CASH_OUT,30187.66,C461939129,8091.0,C2054110925,0.0
403,CASH_IN,20599.59,C728222241,439.0,C1053714760,0.0
401,CASH_OUT,76576.37,C968363584,50224.0,C246509645,1230108.12
395,CASH_IN,65945.46,C1151975105,3343675.98,C1798712515,14727061.07
524,CASH_OUT,41134.5,C1612735338,10322.0,C1772566668,55030.69
405,TRANSFER,366954.94,C554384967,0.0,C782616605,397962.53
373,TRANSFER,9286535.37,C1449244074,0.0,C262223117,15118002.44
400,PAYMENT,7682.68,C897818481,29080.06,M917674609,0.0
395,CASH_OUT,70586.39,C1811302281,0.0,C2112661533,2606520.0
400,PAYMENT,7004.81,C320606148,0.0,M1916052614,0.0
394,CASH_OUT,251480.2,C572152559,0.0,C1545676061,939729.74
395,CASH_IN,3080.4,C235066168,1114050.51,C1045072760,362328.99
356,CASH_OUT,186901.46,C1082798966,64599.0,C1701939671,810364.87
396,PAYMENT,10371.84,C1310040785,871.59,M195881469,0.0
399,TRANSFER,925530.73,C1641584622,0.0,C936718899,1360570.95
387,CASH_OUT,1101871.13,C587748822,1101871.13,C1024816924,442604.16
525,PAYMENT,20317.94,C1522735461,31693.0,M2023351389,0.0
381,CASH_OUT,329350.82,C92617417,4708.43,C131837504,44012536.03
402,CASH_OUT,450749.95,C49653121,0.0,C1853705591,827899.08
514,CASH_IN,63414.76,C1626430717,21112.0,C1042691616,0.0
397,CASH_OUT,93730.78,C1947740972,21365.0,C16345961,184370.43
687,PAYMENT,15975.13,C1616110227,101669.0,M1912662890,0.0
378,CASH_IN,42795.58,C1850461887,26093.0,C837845907,0.0
393,CASH_OUT,280904.77,C1955142295,14360.0,C957645687,181817.79
393,PAYMENT,20865.3,C625988369,0.0,M54907539,0.0
586,CASH_OUT,41899.36,C617210181,106219.0,C1750956500,2496282.54
569,TRANSFER,189173.33,C449491720,0.0,C1097945352,9439193.49
398,PAYMENT,19480.6,C1299392097,165407.89,M1391429909,0.0
401,CASH_OUT,85364.86,C799243047,821209.0,C1902745551,291549.03
396,PAYMENT,28071.92,C95225031,0.0,M1827106594,0.0
604,TRANSFER,277582.53,C2144116571,277582.53,C570246252,0.0
403,CASH_OUT,212525.0,C196640553,0.0,C1424763225,500077.04
373,CASH_OUT,324825.41,C1487438796,142233.0,C540266420,0.0
594,CASH_IN,28755.97,C842990412,10509103.93,C1143606381,468869.3
406,CASH_OUT,137446.56,C1961818179,0.0,C2010581997,1144160.43
403,CASH_OUT,47326.72,C1269732048,88984.18,C144573287,267741.12
357,CASH_OUT,198994.85,C385056993,0.0,C2059517757,2521265.07
376,PAYMENT,12583.07,C638053213,0.0,M1698872821,0.0
432,TRANSFER,1150413.99,C412631050,1150413.99,C1746289877,0.0
408,PAYMENT,38840.92,C1597560419,0.0,M1369688170,0.0
692,TRANSFER,6856104.02,C528343888,6856104.02,C737162592,0.0
393,CASH_IN,62029.45,C338788385,6498500.65,C93433392,1696603.1
381,CASH_IN,92263.75,C580647087,51988.0,C2044338232,382930.92
397,CASH_OUT,138915.39,C1043594470,31160.0,C919854408,594721.36
377,PAYMENT,8347.01,C740531710,519499.0,M610689796,0.0
356,CASH_IN,74433.47,C1646804632,3021.0,C1561733725,1152421.41
404,PAYMENT,11676.57,C1533355463,60538.0,M1196056496,0.0
370,CASH_OUT,248718.8,C1165130690,107810.0,C315908246,0.0
400,TRANSFER,245155.25,C1830554141,245155.25,C1838718052,0.0
371,CASH_OUT,141756.8,C112277383,597949.0,C785763288,730.93
373,CASH_OUT,150000.47,C941259313,11105.0,C1091532529,164741.79
500,CASH_IN,155393.66,C2073334494,101262.0,C1605376931,0.0
735,CASH_OUT,417103.68,C1450763584,417103.68,C1377830519,34232.06
379,CASH_OUT,118923.29,C1704479504,300761.82,C573790861,3215500.06
371,PAYMENT,17991.23,C1319702073,154077.65,M204841643,0.0
403,CASH_OUT,152851.35,C1258523562,10633.0,C1955070437,124910.04
396,PAYMENT,18489.64,C836185409,0.0,M718005681,0.0
548,CASH_OUT,24886.15,C366984915,20799.0,C1751995681,11160.65
399,PAYMENT,19025.26,C410010379,21994.0,M1168269203,0.0
397,CASH_IN,391554.1,C605110984,5594691.69,C1117969305,802096.58
356,CASH_IN,145087.76,C201099658,364.0,C2110555124,3252415.18
357,PAYMENT,8761.07,C2049463907,55676.69,M893944439,0.0
402,CASH_OUT,27784.59,C1537167027,0.0,C727035317,37107.73
371,TRANSFER,998874.96,C1637464810,6600.0,C430252933,4601252.79
402,PAYMENT,7743.24,C911479368,38509.96,M2102171535,0.0
375,TRANSFER,1902953.58,C1440055170,3287.0,C1174328383,438646.8
407,PAYMENT,3024.13,C452400964,12632.0,M1548468872,0.0
402,CASH_OUT,273912.41,C2020601420,80100.0,C272598185,0.0
403,CASH_OUT,251871.88,C1275443851,220875.57,C1978380175,3417923.38
500,CASH_IN,225511.0,C324936642,63753.0,C615890600,6263344.3
690,CASH_IN,281728.58,C288090587,5303425.21,C1546633392,9142050.72
359,CASH_OUT,195306.68,C1667147575,758.0,C2142857637,18763.92
610,PAYMENT,1390.97,C1275264326,107559.0,M89333927,0.0
370,CASH_OUT,108917.39,C251896389,0.0,C984890197,784583.79
386,TRANSFER,139943.66,C1515364803,0.0,C1676175194,598038.16
370,CASH_OUT,233830.5,C394456600,64475.0,C1817233869,2180685.19
448,CASH_IN,67051.2,C514677433,12640.67,C187619096,201140.19
402,TRANSFER,756802.92,C178927398,14686.0,C956211911,381848.27
372,CASH_OUT,42431.36,C2040521458,203354.0,C1855824609,96565.51
544,CASH_IN,186100.53,C95826962,8221990.76,C315864051,317660.52
545,CASH_IN,74630.19,C708292813,338460.69,C1446707726,302603.65
690,PAYMENT,4494.62,C1551733385,0.0,M885938378,0.0
684,PAYMENT,9011.8,C523894688,0.0,M570401739,0.0
379,CASH_OUT,56042.47,C1199411425,486309.06,C1289413220,240717.7
399,CASH_OUT,48730.47,C1406037261,348.0,C1120948240,115444.63
619,CASH_OUT,76662.89,C314382783,11542.0,C1027178552,63815.87
358,CASH_IN,95541.38,C1115023714,858.0,C1281210186,34581.06
399,CASH_IN,255127.5,C751967761,4819814.88,C158226167,1229656.43
384,PAYMENT,4038.64,C1692284539,41787.0,M430242401,0.0
469,CASH_OUT,255729.71,C1096442254,0.0,C438539727,356667.35
378,PAYMENT,8457.19,C1719724473,0.0,M1849193029,0.0
596,PAYMENT,4866.97,C885039202,0.0,M67183669,0.0
398,PAYMENT,2449.58,C439680498,0.0,M1785371106,0.0
492,TRANSFER,1443934.06,C1665795016,0.0,C1127811134,2376954.71
380,CASH_IN,82099.99,C278208541,5213730.44,C1862160403,4151711.35
373,CASH_OUT,112910.37,C1931571396,31000.0,C621825762,1975468.37
495,CASH_OUT,1248344.84,C1069559758,1248344.84,C1931212575,0.0
394,PAYMENT,5962.8,C448197613,25443.2,M1936516903,0.0
522,CASH_OUT,314341.05,C125199843,0.0,C1294709778,2004697.02
399,CASH_OUT,174184.09,C1454478504,18205.42,C1173320998,103083.74
396,PAYMENT,18491.24,C575502021,60016.0,M1167046980,0.0
378,CASH_OUT,40742.42,C1837753145,0.0,C2085933204,10285658.57
686,CASH_OUT,99119.58,C747052795,59916.0,C325289736,416440.44
690,TRANSFER,1248306.9,C2054609729,0.0,C1883175566,6057155.6
357,CASH_IN,32229.6,C703874662,4068.0,C1370234635,1058804.77
471,TRANSFER,118422.37,C583221818,0.0,C1608944218,381258.34
565,PAYMENT,8627.32,C1323855195,171617.0,M1365897416,0.0
369,CASH_OUT,152542.07,C1793703274,2486.0,C1988517107,0.0
374,PAYMENT,4650.09,C279701750,0.0,M330519180,0.0
687,CASH_OUT,21880.88,C785730062,119260.0,C1498039438,0.0
380,CASH_OUT,288387.01,C1753057732,604256.11,C1505708769,1617763.07
371,PAYMENT,1321.94,C152103473,951.0,M1347665293,0.0
375,CASH_OUT,194439.0,C811709618,21403.0,C159634504,505243.12
370,CASH_OUT,333456.21,C1728143488,0.0,C1072606177,1819194.25
356,CASH_OUT,21388.85,C328405725,100402.0,C2133660781,208806.33
404,PAYMENT,1077.58,C1637965909,48574.0,M175538309,0.0
402,CASH_OUT,258760.11,C923007633,28488.0,C118647707,1246311.72
375,PAYMENT,23525.93,C326793715,219425.0,M701217194,0.0
519,CASH_OUT,105491.11,C1383213814,105491.11,C1068795979,0.0
377,CASH_OUT,79004.28,C768780601,0.0,C76109621,1056655.43
399,TRANSFER,2634429.4,C1893227695,228976.0,C1362681191,0.0
514,CASH_OUT,226908.29,C1390225445,3422.0,C1830004781,3531242.24
399,CASH_OUT,84940.55,C291934028,0.0,C790555954,406614.69
369,TRANSFER,554851.09,C337655490,0.0,C1254421968,807564.75
405,PAYMENT,4419.97,C2001860676,0.0,M1299119386,0.0
379,PAYMENT,7767.04,C1397169916,0.0,M292842347,0.0
522,CASH_IN,310304.18,C369745204,9049.0,C223638949,0.0
377,PAYMENT,381.23,C1240669976,23523.0,M1235762873,0.0
400,CASH_IN,82331.36,C1227383615,6514460.13,C1170231718,4106824.85
442,CASH_OUT,118875.87,C1298013069,0.0,C607964648,1357582.14
405,PAYMENT,9102.77,C539021763,17968.5,M1150642509,0.0
372,CASH_IN,215872.9,C1316190153,40525.0,C1086740571,0.0
371,PAYMENT,9062.45,C515368969,0.0,M2136558170,0.0
527,TRANSFER,263446.86,C1869951845,254023.0,C55987903,0.0
378,TRANSFER,717833.25,C1085284802,0.0,C2043587564,1458121.22
380,PAYMENT,1584.72,C1846572545,21387.0,M729382188,0.0
420,CASH_OUT,184538.09,C1086491191,0.0,C593619451,249841.97
394,CASH_OUT,112169.19,C1699760382,0.0,C665022502,1019564.4
378,CASH_OUT,38453.8,C2068439581,310656.0,C228747641,4083487.99
398,CASH_IN,222153.49,C65646711,49516.0,C366774069,36562.59
476,PAYMENT,2800.79,C2038369039,0.0,M114412106,0.0
610,CASH_IN,149109.41,C1718262784,8800263.74,C1085678495,435454.11
397,CASH_OUT,411338.93,C1157946312,0.0,C1275905281,1997694.48
372,PAYMENT,11806.4,C1515179383,12478.69,M1929230096,0.0
404,CASH_OUT,382630.69,C1517576872,0.0,C1574941232,384513.59
375,CASH_OUT,45994.8,C966180392,0.0,C1926343982,5593514.5
419,TRANSFER,3118811.65,C393374945,3118811.65,C639125907,0.0
401,CASH_OUT,166119.0,C914326209,11324.0,C2089115178,0.0
403,CASH_IN,334292.72,C452123050,23458048.89,C1000396674,560311.13
371,PAYMENT,10844.88,C1453364930,0.0,M1663347893,0.0
379,CASH_OUT,6265.91,C1140794553,589.0,C241474560,90007.15
497,CASH_OUT,462441.03,C1243051391,462441.03,C654276349,94616.19
403,CASH_OUT,170118.89,C1645767646,27809.0,C69200164,1522363.04
373,CASH_OUT,181433.51,C1501906931,10468.0,C831575348,115817.26
397,CASH_OUT,36657.55,C1570419948,47586.0,C165233189,0.0
530,PAYMENT,19614.2,C1551191463,0.0,M1730180333,0.0
372,PAYMENT,5244.83,C1170856490,0.0,M730090430,0.0
393,PAYMENT,27570.41,C1827132965,0.0,M265676453,0.0
380,CASH_OUT,259820.39,C722639909,259820.39,C1903020590,32888.78
596,CASH_OUT,59931.18,C493229059,41084.0,C769532309,171797.14
408,PAYMENT,3332.14,C1301984670,40718.0,M1113464831,0.0
409,CASH_OUT,95976.65,C431564092,942.0,C598577514,10964196.53
374,CASH_OUT,172599.09,C1206060727,0.0,C225613375,10540236.51
525,PAYMENT,21411.85,C1191719630,1597.0,M1403021136,0.0
372,PAYMENT,14664.27,C698112883,0.0,M779854792,0.0
522,PAYMENT,1706.05,C1737910605,40720.0,M1087890359,0.0
370,CASH_IN,139845.16,C702080213,4590871.02,C356682086,1638628.03
380,CASH_OUT,90132.13,C1101660325,287909.0,C2046487110,780922.44
374,DEBIT,4299.03,C568558466,384.0,C1482962417,867940.74
681,PAYMENT,1550.84,C58453673,155061.92,M130164652,0.0
476,CASH_OUT,110371.02,C1167983449,11182.0,C931888296,342505.88
423,CASH_IN,186442.69,C1772494561,60105.0,C1600549020,9582.51
490,CASH_OUT,15345.62,C1035376007,0.0,C1137112157,4678002.65
717,CASH_OUT,45467.16,C1967668092,105818.0,C1947366750,1787016.97
514,CASH_IN,189231.85,C1043850662,349772.05,C1166283966,307383.88
397,CASH_OUT,169763.54,C1470095324,8853.09,C30136507,3680616.75
371,CASH_OUT,155235.16,C560371788,1056.0,C1840200754,18942462.57
406,CASH_OUT,26504.25,C1624302538,0.0,C2077766322,556158.36
405,PAYMENT,19486.14,C2050872344,0.0,M437914813,0.0
514,CASH_IN,25580.02,C1429844877,3734406.46,C1416116974,3353598.87
544,PAYMENT,7315.82,C788037155,0.0,M1924543606,0.0
521,CASH_OUT,525155.79,C843090294,525155.79,C1217435263,2665961.11
397,CASH_OUT,244478.48,C537972517,60979.0,C675912422,248862.08
371,CASH_OUT,504713.64,C2139472929,0.0,C1963461735,2325046.07
371,CASH_OUT,140449.78,C1170000573,190607.0,C1778094563,651652.14
407,PAYMENT,12115.95,C12287154,62256.0,M1231456650,0.0
595,CASH_OUT,181884.21,C863190332,42081.0,C1371544634,964925.91
400,CASH_IN,139490.26,C1465721691,2417347.17,C2125265387,435616.92
684,CASH_IN,11833.75,C1497396600,205056.0,C1908087214,0.0
449,PAYMENT,21905.39,C395830208,10248.0,M989430462,0.0
370,CASH_OUT,45872.56,C1604071564,0.0,C1250364198,1922010.07
395,PAYMENT,44020.37,C1534258932,100663.36,M810101872,0.0
714,PAYMENT,24341.05,C867514986,32926.0,M1688454869,0.0
692,TRANSFER,212716.96,C1515743743,0.0,C646381235,338679.86
404,CASH_OUT,231249.58,C848891347,55300.0,C411076302,260357.76
393,PAYMENT,35696.35,C1123012202,0.0,M1099148389,0.0
403,CASH_OUT,116572.32,C764604920,282.0,C2022697046,27006.12
397,CASH_IN,144865.31,C1493349645,10623.0,C444228469,9731223.05
398,CASH_IN,225286.13,C1828597315,8591924.57,C1731135675,641100.92
395,CASH_IN,262618.14,C1569082581,21235377.44,C1923096936,280543.97
371,CASH_OUT,20451.08,C1669164603,276.0,C732741484,1308509.28
379,CASH_IN,204025.94,C1185121849,18086.0,C1356663413,208393.48
400,CASH_OUT,62637.46,C503589678,226.0,C98588285,0.0
370,CASH_OUT,31986.23,C2062439321,0.0,C304334302,72196.41
395,PAYMENT,6910.97,C1300405364,0.0,M183920025,0.0
357,PAYMENT,9889.12,C1703381911,0.0,M440724937,0.0
403,TRANSFER,264286.19,C1648091455,264286.19,C395269260,0.0
710,CASH_IN,41868.45,C1228248356,105719.0,C1923121357,0.0
687,CASH_OUT,143925.61,C1287552106,11155.0,C1659565285,14600.27
380,CASH_OUT,258041.23,C1043480678,0.0,C1772488894,26703280.72
395,TRANSFER,732501.99,C1287114783,0.0,C9140113,1113403.96
379,TRANSFER,707070.35,C1683577591,0.0,C1647191592,2050790.86
444,CASH_OUT,178616.12,C468251407,178616.12,C1669286784,0.0
492,CASH_OUT,325830.86,C1152246350,257998.0,C1531111780,1000626.3
370,CASH_OUT,558964.67,C1855472672,0.0,C619844551,603088.68
520,CASH_IN,234563.42,C1290531392,6402282.98,C2032783650,1122885.76
369,TRANSFER,159853.93,C388760536,0.0,C1737429492,747357.54
398,CASH_OUT,361211.72,C1057461427,0.0,C160768578,6679213.55
380,TRANSFER,329694.44,C156675489,336051.0,C330195389,0.0
382,CASH_OUT,154244.14,C1201520177,0.0,C1797235682,1237400.83
356,PAYMENT,2414.49,C1618856573,10773.0,M1065370115,0.0
379,CASH_OUT,14813.66,C1374361418,20092.0,C71044354,254010.31
385,CASH_OUT,264471.04,C1216831600,0.0,C244594697,1730319.77
401,CASH_OUT,163608.26,C1522849204,0.0,C175362511,438434.29
522,PAYMENT,23730.57,C1421343899,0.0,M923623413,0.0
375,CASH_OUT,27026.11,C1779850595,0.0,C1463826724,65384.33
399,CASH_OUT,366445.3,C525745874,0.0,C1610102502,1146859.26
356,CASH_OUT,133555.46,C1118630713,0.0,C505632236,1375854.87
378,CASH_IN,37050.17,C923263322,2645824.29,C1552521570,320290.36
420,CASH_IN,51403.05,C2111483895,7184309.21,C625671684,99525.89
705,CASH_IN,288065.21,C1014343186,3190486.38,C138410986,705243.94
371,CASH_OUT,146698.02,C2135277299,5784.0,C738284200,111201.05
403,CASH_OUT,31545.12,C368429663,0.0,C1757221569,1218815.48
380,CASH_OUT,565693.48,C749279677,0.0,C2015896683,1944918.87
500,PAYMENT,10643.7,C2061300801,60120.0,M1283385639,0.0
599,PAYMENT,4353.04,C1883915827,410304.0,M1000428830,0.0
492,CASH_OUT,2985840.4,C738609409,2985840.4,C1728230521,386985.85
401,CASH_OUT,153122.49,C2141181814,791.0,C671966426,880626.88
379,CASH_IN,72905.81,C1656201642,29550.0,C567180208,516270.94
374,PAYMENT,15897.41,C1905033226,154.0,M1965304085,0.0
371,PAYMENT,18664.0,C1537289374,0.0,M1895243980,0.0
527,CASH_IN,92011.75,C1019129907,42.0,C1616327924,81842.84
490,PAYMENT,2347.42,C805265702,0.0,M1121327841,0.0
595,TRANSFER,1696965.62,C944009179,0.0,C1145568091,3857113.57
370,CASH_OUT,23614.81,C1709034399,685.0,C28908731,10058649.64
404,CASH_OUT,93222.64,C1033754978,106.0,C964489745,65055.75
397,CASH_OUT,232640.92,C29690875,31172.0,C1629577347,169457.88
664,CASH_IN,318534.29,C1722169897,2556655.24,C1795637951,369276.48
572,CASH_OUT,340665.18,C1350659055,340665.18,C2055659976,422032.78
405,CASH_OUT,59975.6,C2083974653,90778.0,C1186180022,0.0
379,PAYMENT,6501.32,C13663592,0.0,M840470568,0.0
356,CASH_OUT,51983.06,C1707818115,60037.0,C1140762286,1130584.36
381,CASH_OUT,102752.94,C1796011477,37143.0,C1064761689,0.0
357,TRANSFER,729105.91,C1042114558,0.0,C1711055611,1543388.56
373,CASH_OUT,139828.76,C2015480819,0.0,C2063763719,508640.12
380,PAYMENT,8348.39,C261671523,0.0,M2080943166,0.0
379,CASH_OUT,133179.36,C728309219,28875.0,C1218191177,3261783.11
542,PAYMENT,11080.64,C1736457227,38865.0,M1491658119,0.0
356,CASH_IN,68219.4,C398086318,10299478.91,C1496398442,1545491.32
589,PAYMENT,2774.02,C155170157,0.0,M50777923,0.0
402,TRANSFER,853973.88,C1155656393,0.0,C791941105,10092623.29
379,CASH_OUT,186988.56,C298680062,249978.0,C1737671210,0.0
400,PAYMENT,11239.8,C1608161513,80291.0,M682876431,0.0
402,PAYMENT,6762.64,C347979536,0.0,M1221281581,0.0
565,PAYMENT,46919.75,C335578187,19981.0,M815885453,0.0
398,PAYMENT,10784.06,C1276466367,9198.0,M1197046306,0.0
681,CASH_IN,245998.18,C1311173342,2066962.25,C1705363771,1020935.06
383,TRANSFER,202240.17,C1039114780,99868.0,C16101363,1695460.96
402,PAYMENT,32223.67,C1038828154,41580.24,M1200605488,0.0
375,CASH_IN,779.39,C605955934,12580281.36,C1096040876,9887016.19
402,PAYMENT,28821.82,C217673116,237125.4,M1593530638,0.0
380,CASH_OUT,278577.6,C391896902,20322.0,C1405391799,0.0
379,CASH_OUT,187141.72,C1510033208,0.0,C320484198,910737.27
383,TRANSFER,4731371.88,C1497139417,4731371.88,C1561724492,0.0
397,CASH_IN,219021.24,C1770988797,30439.0,C1340514311,81568.46
403,TRANSFER,944499.64,C51720229,0.0,C1204617437,1070102.71
492,CASH_OUT,147400.37,C981690229,68302.0,C345784392,840569.1
545,DEBIT,3399.66,C1901710605,37980.0,C1768655730,6166074.52
438,CASH_OUT,1648547.69,C114220496,1648547.69,C1447772866,52864.15
405,PAYMENT,2690.0,C1231091853,170578.0,M1097964592,0.0
397,PAYMENT,25229.92,C286702587,32969.0,M733212468,0.0
550,PAYMENT,6336.78,C834706268,0.0,M548953736,0.0
372,PAYMENT,34691.08,C1407580860,258980.9,M1983891415,0.0
378,CASH_OUT,131835.7,C1260674049,311087.22,C794082195,227713.62
360,PAYMENT,8292.73,C1740790949,0.0,M1587335827,0.0
400,CASH_OUT,71961.46,C1621674834,0.0,C286395267,83601.41
656,CASH_OUT,153695.47,C130003954,246394.53,C1574990342,156451.06
500,CASH_OUT,98076.62,C1243859265,139089.0,C1042135036,0.0
471,CASH_IN,42286.41,C925585812,4475522.75,C1049551220,200650.82
374,CASH_OUT,82209.37,C76772437,0.0,C1730246823,447759.48
596,PAYMENT,16977.66,C199410837,0.0,M31765847,0.0
400,PAYMENT,58331.93,C1163977657,83520.37,M1755841933,0.0
476,CASH_IN,53155.6,C1542886757,851494.27,C205457631,128277.53
381,PAYMENT,2515.28,C513737189,100233.0,M1918812763,0.0
381,PAYMENT,7636.59,C1658798266,121208.0,M1325747254,0.0
407,CASH_IN,165320.18,C1612977257,30767.0,C1751761787,2079.54
469,CASH_IN,102219.75,C985297504,4172821.66,C1402983556,349386.04
370,CASH_OUT,4149.97,C1653287028,0.0,C753585034,1638756.09
374,CASH_OUT,51169.56,C1032355037,0.0,C1305297458,1244861.72
402,PAYMENT,29006.57,C1412693474,0.0,M624901863,0.0
393,CASH_OUT,237610.53,C281621905,13.0,C8804844,0.0
379,TRANSFER,149205.12,C774153406,10795.0,C493614948,5052692.03
500,CASH_OUT,72255.49,C1433675930,3911.0,C618800141,305525.02
400,CASH_OUT,145417.11,C1255486901,105058.0,C233440260,4013829.18
407,PAYMENT,17195.41,C1678993322,274926.0,M1731065393,0.0
404,CASH_OUT,133766.45,C386832275,0.0,C1004281943,867577.17
373,TRANSFER,1601339.65,C1977091268,0.0,C886507225,5501921.36
407,CASH_OUT,247289.88,C942766677,0.0,C1154846010,263462.1
404,PAYMENT,9103.34,C258269669,86003.06,M395471557,0.0
399,CASH_OUT,72901.09,C739707011,164387.72,C43740883,699784.47
493,TRANSFER,2135286.62,C792376587,1234.0,C1459285990,0.0
393,CASH_IN,286620.91,C465728971,3182176.24,C169123780,1396195.28
402,CASH_OUT,270266.54,C374005384,39181.0,C1377343177,65843.46
370,CASH_IN,157138.78,C1433946751,518.0,C1351328043,1314408.04
380,TRANSFER,90264.4,C963680758,13199.0,C1547538216,37659.41
492,PAYMENT,45036.47,C1101862354,0.0,M1281179564,0.0
681,TRANSFER,814926.7,C2142945073,455103.0,C550765614,0.0
372,PAYMENT,26442.76,C1957449426,637475.17,M941174150,0.0
379,CASH_OUT,86391.98,C54749465,0.0,C1003030658,635306.55
686,TRANSFER,1066877.07,C701190452,10673.0,C1180902941,52342.02
469,CASH_OUT,401130.94,C1830049306,0.0,C330725726,1493972.14
380,CASH_OUT,115231.07,C1910963012,292112.0,C613565294,116235.97
503,PAYMENT,657.38,C557964793,3078.0,M1303211191,0.0
398,CASH_OUT,196809.7,C1577112966,0.0,C1446102285,1860843.03
404,PAYMENT,6813.8,C1486386468,0.0,M1281503996,0.0
448,PAYMENT,25886.17,C804676345,22131.0,M175016375,0.0
544,TRANSFER,56538.38,C393659306,0.0,C930923241,309120.9
637,CASH_IN,172218.57,C495378320,50346.0,C1883769958,1880760.33
439,CASH_IN,525131.7,C1800788841,4511375.08,C1204521048,1570153.29
370,CASH_IN,420176.37,C552318473,100160.0,C804522559,161124.74
451,CASH_OUT,13157.4,C1433890460,11631.0,C1477910601,0.0
377,CASH_OUT,124695.94,C970125621,0.0,C610109478,652158.01
372,CASH_IN,321938.34,C2110449754,610393.67,C960026863,1485396.59
403,CASH_OUT,298041.2,C952575780,0.0,C72985141,2280552.53
492,CASH_OUT,287312.08,C375583627,39457.0,C1982715234,10353168.7
376,PAYMENT,13479.77,C1609240611,74370.38,M1078867266,0.0
382,PAYMENT,7535.74,C1182231852,20043.0,M994663380,0.0
374,CASH_IN,33691.35,C1528395455,60091.0,C1919923769,863363.95
399,CASH_OUT,339182.34,C1161198982,0.0,C1500019027,520618.32
522,PAYMENT,13308.02,C334075356,11987.0,M1765745305,0.0
397,CASH_IN,178643.82,C1360648454,10278701.08,C1720935037,3509590.6
395,CASH_IN,214324.25,C1526228093,271317.1,C1824777869,401593.66
527,PAYMENT,13365.73,C1983565801,51426.0,M840263407,0.0
586,TRANSFER,395068.5,C995960618,0.0,C1418989352,777628.32
371,PAYMENT,2249.92,C716259116,69102.44,M855560349,0.0
401,CASH_OUT,91487.73,C1865370672,376.0,C1460273066,0.0
378,PAYMENT,19433.62,C446609777,20230.0,M899108052,0.0
404,CASH_OUT,69288.95,C309855227,0.0,C811095300,1821137.25
688,CASH_OUT,247919.87,C2095080553,5052.0,C192577203,0.0
525,CASH_OUT,502527.66,C270226264,0.0,C1334599517,848102.73
656,TRANSFER,983661.52,C19419235,0.0,C216902313,2124157.89
380,CASH_IN,7110.39,C255782892,2172314.1,C64534018,104412.75
705,PAYMENT,24905.86,C1147570222,1223.0,M969386481,0.0
522,CASH_OUT,59287.18,C1786146992,0.0,C126844169,12705844.86
691,PAYMENT,14819.22,C1719421204,0.0,M482090117,0.0
522,CASH_OUT,98565.26,C162218145,33272.0,C1595002031,105299.0
369,TRANSFER,4413500.17,C862833680,0.0,C813017425,10676737.51
379,CASH_OUT,224481.67,C2072987449,0.0,C1551221314,529351.42
359,TRANSFER,37584.17,C1670896556,171.0,C1175832440,0.0
469,CASH_OUT,25094.98,C806845917,50936.0,C1553429450,0.0
544,CASH_IN,192881.12,C1134036401,11896645.81,C932164428,1514518.47
398,CASH_OUT,57155.95,C1101378336,41993.0,C1982853354,0.0
393,TRANSFER,4210726.48,C111392424,0.0,C1577393201,4535631.43
423,CASH_OUT,194351.48,C218246238,578282.8,C1820999732,250986.25
396,CASH_OUT,170116.42,C2092161358,10098.0,C1086231153,0.0
403,PAYMENT,10434.37,C1363233001,0.0,M431596337,0.0
375,PAYMENT,4156.2,C921563716,427.0,M910617102,0.0
398,CASH_OUT,420249.64,C1817004100,24509.0,C906667524,1871923.74
401,CASH_OUT,404108.32,C365752864,772.0,C277329793,798940.45
419,CASH_OUT,260195.95,C1308612417,31312.0,C1789574525,7532.39
356,CASH_IN,26183.41,C1949700071,4844135.66,C354919849,69396.12
372,TRANSFER,92588.4,C1697201391,104471.0,C878119022,0.0
564,CASH_OUT,200100.84,C1269380605,383.0,C1192007318,0.0
565,CASH_OUT,243153.54,C149292692,532925.23,C907069728,990083.99
538,PAYMENT,8593.35,C1371383725,1057.0,M432299786,0.0
375,CASH_IN,261477.93,C1634629549,10916.0,C118694417,39960.37
399,CASH_IN,270496.26,C1223951451,8390097.5,C1914765753,362664.27
403,PAYMENT,19643.32,C913666618,270155.43,M36042902,0.0
431,CASH_OUT,58692.42,C1197723159,0.0,C2022041003,100168.56
404,PAYMENT,15474.63,C963778062,1642.45,M1081173972,0.0
380,PAYMENT,10745.69,C1544679705,0.0,M2139335767,0.0
356,CASH_IN,6271.02,C1136632394,162.0,C1885629776,0.0
587,CASH_OUT,170281.35,C343255208,40658.0,C790400467,0.0
395,CASH_OUT,491352.92,C437165766,50242.0,C1704338138,0.0
399,CASH_OUT,84366.22,C206458422,0.0,C1439388401,1255602.1
395,PAYMENT,4896.17,C671352545,0.0,M1040448044,0.0
426,TRANSFER,719282.24,C718131777,0.0,C1477050958,2258208.68
565,TRANSFER,254947.37,C45849369,254947.37,C538038319,0.0
380,TRANSFER,1241823.73,C759224531,0.0,C1975647144,2690794.25
402,CASH_OUT,128422.43,C644811533,0.0,C158028013,449833.47
402,CASH_IN,132444.25,C567470100,49709.0,C1585429554,3179472.19
402,PAYMENT,6405.45,C121130589,0.0,M1277780564,0.0
401,CASH_OUT,64987.69,C760704657,50136.43,C2104058391,265644.92
378,CASH_OUT,172438.82,C482507818,111500.0,C1689320584,0.0
542,CASH_OUT,41603.4,C352140805,0.0,C586322958,107481.33
399,CASH_OUT,44108.24,C2106584513,29435.0,C324302840,1496357.55
400,CASH_OUT,165110.01,C932261342,11589.0,C1567162988,9082075.09
522,CASH_OUT,30282.9,C823473685,709.0,C2112172953,2479629.42
688,CASH_OUT,157657.02,C1898853366,44760.0,C1107588338,2799040.63
715,CASH_OUT,28445.68,C960764069,50617.0,C303225045,507922.8
404,CASH_IN,49744.88,C2985131,22712033.75,C1354094569,571262.07
686,CASH_IN,249434.19,C694337168,2631977.96,C1129301916,1478745.48
373,CASH_OUT,173583.6,C12915348,103300.0,C1641572188,22425.14
379,PAYMENT,1995.02,C164561562,0.0,M1439642589,0.0
376,CASH_OUT,53678.1,C221238473,0.0,C1268471424,2084167.7
377,PAYMENT,13685.17,C1098373444,167.0,M128643912,0.0
528,CASH_IN,238041.36,C1609348427,3920502.5,C1270848604,274565.86
469,CASH_OUT,25710.49,C1726694477,184.0,C882067049,1639927.7
371,TRANSFER,2822600.32,C1533988509,145428.0,C94777047,0.0
374,CASH_OUT,45630.54,C1385686233,0.0,C1806174696,296610.28
378,CASH_OUT,265209.21,C2013626935,105506.0,C983496419,2702.47
402,CASH_OUT,128936.63,C12978441,1072712.56,C1032868566,323547.62
356,CASH_IN,67785.18,C1622920533,552919.0,C765670720,130356.9
395,PAYMENT,7731.16,C1262711701,2886.0,M1387000708,0.0
401,CASH_OUT,45431.65,C1769599307,220452.0,C303585106,314601.94
370,CASH_OUT,188382.11,C1432528840,0.0,C739992609,484990.24
359,CASH_OUT,190549.34,C1521229947,106789.96,C294124541,3024637.59
400,CASH_OUT,259286.73,C984229812,13601.0,C1276063083,4021.91
399,CASH_OUT,59841.44,C1149529810,16806.0,C126401072,0.0
399,PAYMENT,16336.55,C290526037,456226.46,M1438112810,0.0
376,CASH_OUT,15384.54,C2083793267,0.0,C579742711,549202.51
404,CASH_IN,152344.76,C1900349210,13165672.74,C195757430,591078.74
359,PAYMENT,11487.71,C424968147,79463.0,M1480039081,0.0
400,TRANSFER,1560828.49,C1006358179,21207.0,C1129783860,786267.5
397,CASH_IN,190412.66,C248474359,2582687.96,C1365114315,681443.5
500,CASH_OUT,312047.76,C1702322101,0.0,C775709079,3956824.87
400,CASH_OUT,89331.62,C1450158707,1359.0,C596047703,73793.49
550,CASH_OUT,189683.5,C1305468625,0.0,C1402615936,2886023.78
548,CASH_IN,70703.97,C1164383965,49176.0,C1523122334,0.0
402,CASH_OUT,205611.75,C1443051276,10324.0,C334071929,0.0
372,CASH_OUT,471195.05,C1933467063,0.0,C1034318597,582424.29
429,CASH_OUT,153241.05,C1296139954,0.0,C1141477709,464910.83
356,CASH_IN,47162.05,C525292346,3055.0,C1137082137,1157861.46
551,CASH_OUT,3227.06,C1441570263,3227.06,C1115712953,110314.88
490,PAYMENT,9328.53,C1461210154,51133.0,M190616436,0.0
401,CASH_IN,348154.37,C854159604,467750.09,C1724116341,3247304.4
356,PAYMENT,13006.0,C1382512254,49991.0,M1468925532,0.0
428,CASH_OUT,78422.55,C1770070097,0.0,C1694441694,272746.72
396,CASH_OUT,116368.83,C278601631,50328.0,C720010541,860937.51
690,CASH_IN,123678.03,C1627298842,5178209.0,C2041691666,740091.88
381,CASH_OUT,97268.99,C1317087413,0.0,C1797327198,8171230.17
612,PAYMENT,4264.43,C2019422029,0.0,M918319667,0.0
403,PAYMENT,368.16,C1506959087,0.0,M2008425233,0.0
378,TRANSFER,1563189.33,C1232339150,0.0,C1538133911,2592000.83
395,CASH_IN,104882.87,C2023828847,1052120.69,C268380448,155642.92
396,TRANSFER,520002.15,C1500881412,10283.0,C1025897471,539875.38
379,PAYMENT,14061.7,C1073228900,9001.0,M1242459977,0.0
395,CASH_OUT,58428.06,C839578120,0.0,C1528289145,91780.81
587,CASH_OUT,86951.62,C116214674,77.0,C15747640,7195055.11
370,CASH_OUT,66464.63,C1305914021,0.0,C112946414,150043.0
396,CASH_IN,8066.14,C1771601173,50355.0,C256360658,0.0
378,CASH_OUT,131451.95,C1869388671,21498.0,C989105649,715664.72
397,CASH_OUT,89813.15,C67732659,0.0,C947010034,467484.71
378,CASH_IN,41862.56,C2012827598,4022172.09,C1654911858,1265336.32
359,PAYMENT,10535.59,C1067070936,198074.0,M784909076,0.0
469,CASH_OUT,172325.39,C546604279,0.0,C154577517,238002.63
437,CASH_OUT,207801.38,C823071811,207801.38,C747395830,0.0
518,PAYMENT,6746.64,C115874865,0.0,M964728419,0.0
686,PAYMENT,685.54,C1619945850,0.0,M131599725,0.0
378,CASH_OUT,229924.19,C68709283,0.0,C1051832346,542397.43
378,PAYMENT,8478.56,C76753713,765.0,M797759613,0.0
362,CASH_IN,440284.54,C465168929,6576306.86,C1992608957,603104.37
379,CASH_IN,14815.21,C1569973559,9721112.76,C1868609121,285880.87
399,CASH_OUT,122918.93,C1927325756,15781.0,C1739832423,3379071.98
396,CASH_OUT,772.61,C356509624,300438.0,C349795910,5742045.3
401,CASH_IN,195240.69,C84368630,9015400.08,C592250546,393186.03
374,CASH_IN,318095.39,C42789970,321881.64,C204408244,3943113.43
382,CASH_IN,77666.62,C1072362593,11019213.18,C275211305,231550.85
371,PAYMENT,73.96,C844313495,652525.14,M96360670,0.0
357,PAYMENT,21030.95,C600990531,0.0,M594823955,0.0
396,CASH_OUT,209969.62,C712029925,44547.0,C1939032669,3097496.64
522,CASH_OUT,101077.94,C1630231582,22320.0,C717109888,0.0
394,PAYMENT,79099.68,C123266209,1737.0,M524220526,0.0
371,PAYMENT,26631.57,C138436169,0.0,M1609095441,0.0
402,CASH_IN,48943.05,C410460633,7506675.98,C1564466650,2793295.46
402,PAYMENT,3872.76,C2090020336,163226.27,M1200118961,0.0
527,CASH_IN,276806.85,C895757751,4741829.33,C512216174,399886.16
400,CASH_IN,54109.77,C244108244,0.0,C1885491870,2231837.59
400,CASH_IN,353096.14,C903135826,1010180.88,C814349062,7426293.27
542,CASH_OUT,12094.62,C355717032,7746.53,C1475464925,780278.85
471,CASH_OUT,212082.99,C29155654,123200.0,C1727940313,1366518.89
381,CASH_IN,44889.53,C62263714,31687.0,C1060026860,0.0
397,PAYMENT,5376.89,C352955622,72365.0,M1716214133,0.0
376,PAYMENT,20637.71,C713953771,28895.0,M305359822,0.0
570,CASH_OUT,91640.26,C1881982754,0.0,C1804421766,111509.4
374,PAYMENT,20585.27,C1210721279,14241.0,M80256713,0.0
384,DEBIT,955.34,C364525755,29718.0,C1295433660,46109.9
378,TRANSFER,480751.76,C1395519744,0.0,C530338634,1972078.77
400,PAYMENT,40313.42,C803880946,168177.0,M927840216,0.0
402,TRANSFER,1351114.63,C1505482328,45228.0,C1242573100,0.0
404,CASH_OUT,135665.71,C1406831039,100895.0,C1597107217,452393.51
420,CASH_OUT,195482.81,C1354511981,0.0,C1579079562,381906.04
403,CASH_IN,90600.2,C397891631,203.0,C574716331,177.4
400,PAYMENT,33737.22,C1018478302,0.0,M676255955,0.0
596,CASH_OUT,73960.83,C1302091359,11476.92,C1895727230,195934.25
374,PAYMENT,12503.99,C1094549070,6093.0,M245477602,0.0
359,CASH_OUT,67180.05,C225790125,10069.0,C1134997750,229359.81
377,PAYMENT,10904.67,C1589532991,28179.0,M203640710,0.0
399,CASH_OUT,4976.75,C946505183,70088.0,C392110151,370441.92
401,CASH_OUT,690216.19,C1454300466,103102.0,C621965887,0.0
356,CASH_OUT,90995.23,C216348828,0.0,C298485181,2411950.87
552,TRANSFER,221077.97,C2136556787,221077.97,C926634161,0.0
375,PAYMENT,14368.39,C668629151,30302.0,M857491721,0.0
372,CASH_IN,50403.14,C689610776,481.0,C1205626171,478004.37
371,PAYMENT,24378.85,C509098044,0.0,M1847799251,0.0
428,TRANSFER,1183146.93,C1902786611,0.0,C1516395411,3876616.41
402,PAYMENT,7496.7,C1542699141,0.0,M29724564,0.0
715,CASH_OUT,373658.31,C763570667,32098.0,C2104570143,0.0
379,TRANSFER,77488.93,C2050918585,0.0,C1038375282,2911866.0
656,TRANSFER,302095.37,C1834908821,11230.0,C818789784,146881.87
525,PAYMENT,2522.22,C1722924048,0.0,M712903437,0.0
528,CASH_OUT,117921.98,C472682468,0.0,C1576964784,318796.1
375,PAYMENT,10689.37,C200224185,2648.0,M82792466,0.0
405,CASH_IN,64526.36,C471873127,53186.0,C1596999777,807274.71
610,CASH_IN,20919.12,C1744704083,37476.0,C895650844,119256.65
522,PAYMENT,7633.09,C775452301,13320.0,M1279461775,0.0
393,CASH_OUT,184183.25,C464557210,0.0,C147597836,362360.11
380,CASH_OUT,97183.7,C1137747644,0.0,C460643882,111848.9
612,PAYMENT,9312.82,C270075466,0.0,M1707379309,0.0
401,PAYMENT,4981.25,C1581794347,10711.28,M782901636,0.0
373,PAYMENT,1343.34,C1939330507,0.0,M566416953,0.0
373,CASH_OUT,80854.87,C1675172875,0.0,C1144680038,2023616.66
374,CASH_OUT,100949.19,C118368354,119752.07,C1789563575,2764545.27
381,CASH_IN,108413.0,C1645950028,7343012.95,C191615534,1417239.45
492,CASH_IN,79287.91,C544538690,2220896.96,C1943214781,276414.67
380,TRANSFER,179624.89,C2080954013,0.0,C236062979,5576734.99
403,PAYMENT,17079.38,C2053413090,30550.0,M566486761,0.0
375,TRANSFER,753887.64,C689720873,204.0,C2044502368,3239556.76
514,CASH_IN,242636.72,C1397357918,10969217.01,C363040574,707558.35
395,TRANSFER,159257.04,C403501295,0.0,C412629806,584954.51
398,CASH_IN,99246.07,C1270730957,483564.0,C85043469,6162.88
356,CASH_IN,530544.89,C2119772825,4447704.53,C767041896,6612782.05
375,CASH_IN,234356.66,C716848755,2309574.47,C1856600065,1283074.97
372,CASH_OUT,435568.45,C1278059889,0.0,C1112466060,6111455.15
400,CASH_OUT,159938.4,C1195965655,21169.0,C2041459679,0.0
374,CASH_OUT,248870.52,C468638454,257916.0,C1826523356,5344.57
408,CASH_OUT,229826.19,C2114012991,0.0,C1378012102,1861705.98
398,PAYMENT,15404.54,C875940947,10641.0,M623837966,0.0
403,PAYMENT,12083.86,C622245965,0.0,M2045236179,0.0
380,CASH_OUT,313406.11,C2011430844,0.0,C2033061895,386716.21
356,CASH_OUT,164104.56,C846495904,62616.0,C1971263429,101382.08
709,PAYMENT,44422.02,C1318962093,51230.0,M669658916,0.0
397,CASH_OUT,118632.4,C2048896527,12229.0,C872734269,160802.01
371,CASH_OUT,417359.92,C2066365509,0.0,C2024766340,465320.24
396,CASH_OUT,201757.87,C929605896,10684.0,C842279754,0.0
403,CASH_OUT,172052.75,C1209447725,0.0,C1179350118,452498.68
374,PAYMENT,2521.11,C1378928335,29861.0,M1558852837,0.0
383,TRANSFER,1113700.25,C1643667331,0.0,C1035294596,1161465.89
369,CASH_OUT,5634.38,C569311270,15128.0,C1377516258,381317.87
404,CASH_IN,197136.35,C1203001593,11121520.21,C859977819,364903.06
408,CASH_OUT,169417.65,C19514366,0.0,C2040547448,1463669.99
400,CASH_OUT,460689.45,C1321273727,460689.45,C664580487,0.0
373,CASH_OUT,134135.34,C203283332,8656.32,C340123117,8709872.79
371,CASH_OUT,492034.7,C820663396,0.0,C1888258288,606862.86
407,PAYMENT,52994.84,C1399528652,139141.78,M1199504916,0.0
358,PAYMENT,46459.48,C1101709927,198074.0,M630362097,0.0
356,PAYMENT,834.62,C1784154332,20508.0,M1710537774,0.0
401,CASH_OUT,147217.78,C1738712187,0.0,C1109973480,383051.64
379,PAYMENT,13407.96,C1497269262,192915.49,M5602073,0.0
371,CASH_OUT,25614.29,C1394258822,29319.0,C1959419083,495762.98
396,PAYMENT,17112.01,C136644332,20979.0,M271030167,0.0
393,CASH_OUT,356152.27,C1495482997,1037.0,C112908953,663470.99
681,PAYMENT,4954.98,C666872773,317418.36,M87190612,0.0
404,CASH_OUT,53538.31,C1445148061,35601.0,C1016044986,645104.76
360,PAYMENT,4352.7,C726208863,12601.0,M620494576,0.0
400,CASH_OUT,127770.09,C1970725146,0.0,C931486820,732886.08
373,TRANSFER,1992328.51,C2136386576,66080.0,C1948926286,0.0
403,CASH_OUT,127752.49,C269676291,0.0,C1595269038,7640027.53
402,CASH_OUT,249904.79,C642664165,10135.0,C1114273731,212614.21
588,CASH_OUT,43565.49,C542394077,0.0,C335360490,1678030.69
379,CASH_IN,48343.46,C1661868261,138043.0,C477283752,129486.19
592,CASH_IN,110762.56,C1308534743,2128813.02,C1376323435,298839.24
370,PAYMENT,8234.46,C278926860,991136.87,M739083847,0.0
404,CASH_IN,151810.4,C1925925117,29936718.98,C1409050588,154197.84
369,CASH_OUT,571435.15,C1800602116,0.0,C1246641505,744196.6
376,CASH_OUT,45020.18,C2126356468,0.0,C283620809,6889470.39
378,PAYMENT,11960.67,C1779623789,43799.0,M620259344,0.0
701,TRANSFER,74581.07,C841535427,74581.07,C1628153778,0.0
637,CASH_IN,511302.78,C1616664270,4736144.02,C355108997,3005511.38
403,TRANSFER,88458.92,C2030792642,0.0,C232156946,1310657.81
393,PAYMENT,13101.79,C1717248571,0.0,M96281994,0.0
371,TRANSFER,322388.19,C507425786,678.0,C1304508235,18964.0
544,CASH_OUT,345315.75,C1012137456,11375.0,C933785137,657566.89
396,TRANSFER,2061767.16,C1586597413,162.0,C1595526115,593145.35
357,CASH_OUT,62067.52,C204348865,163789.0,C1193002453,0.0
565,CASH_IN,358472.38,C1708761124,1056444.94,C1603927672,1473455.96
394,PAYMENT,61354.36,C2056371908,46373.0,M1413636979,0.0
396,PAYMENT,29306.65,C1921119744,10089.0,M1743482831,0.0
399,PAYMENT,16760.74,C1661967837,360630.26,M2026533380,0.0
402,CASH_IN,44884.87,C156928880,521722.34,C516092430,198701.31
375,PAYMENT,15585.03,C370740916,0.0,M984361892,0.0
377,PAYMENT,19885.26,C461455331,2494.0,M817176067,0.0
380,PAYMENT,1487.01,C266681156,0.0,M666113187,0.0
393,CASH_IN,115921.1,C844249614,80760.0,C570509692,240740.99
492,CASH_OUT,251511.78,C360908025,0.0,C554962955,3031439.43
356,PAYMENT,276.35,C1057201732,23597.74,M1010167868,0.0
645,TRANSFER,1576874.04,C1859428383,1576874.04,C1424577358,0.0
586,PAYMENT,15764.88,C1252335050,521986.0,M553090966,0.0
380,CASH_IN,200808.47,C1370484780,722.0,C1578677340,274137.16
394,CASH_OUT,17032.4,C1146369213,225081.0,C1893014604,321605.33
356,CASH_OUT,217915.78,C1592704937,202647.0,C234759801,0.0
681,CASH_OUT,85517.65,C1584534398,16668.0,C221258407,21320.68
359,CASH_OUT,25664.8,C114489724,0.0,C539955005,2053384.9
398,PAYMENT,49552.24,C2078978583,0.0,M1548531936,0.0
546,CASH_OUT,155533.93,C1138154436,124685.0,C309078889,1572334.2
686,CASH_IN,101276.92,C1863893472,613400.72,C773691152,189707.87
514,CASH_OUT,134228.12,C1112528986,112777.0,C1058703342,0.0
404,CASH_OUT,211855.11,C283794371,28219.0,C2048005353,385963.77
403,CASH_IN,50285.64,C1318045364,22190946.4,C123565783,1151846.88
358,PAYMENT,986.31,C1832154088,21141.0,M784039337,0.0
404,PAYMENT,13268.82,C2090079873,69386.0,M2086487076,0.0
407,CASH_IN,189837.55,C1465398274,2168156.25,C371661170,14060563.76
376,TRANSFER,139527.64,C1907686148,0.0,C1784948905,5124711.99
397,PAYMENT,4341.64,C2101311555,29494.0,M1165602358,0.0
396,PAYMENT,29442.01,C2028162979,0.0,M1498697572,0.0
404,PAYMENT,3233.57,C428657000,42392.0,M1039998667,0.0
420,CASH_IN,316189.44,C977428696,357536.0,C2037466895,438124.56
466,CASH_OUT,243960.29,C718569329,311.0,C1267444665,271308.07
398,CASH_IN,114300.57,C1245871384,477359.84,C861962167,368937.73
692,PAYMENT,5749.6,C1220249255,0.0,M869415932,0.0
596,TRANSFER,278246.2,C524143634,0.0,C908371246,1018406.46
381,PAYMENT,12037.7,C1990465797,21046.0,M1593941155,0.0
714,CASH_IN,64661.36,C309374342,20953.0,C964321873,0.0
376,CASH_OUT,83359.06,C292275559,0.0,C108361250,3516200.32
522,CASH_IN,206687.2,C1930845372,2188158.25,C1640035658,4233879.79
402,CASH_OUT,187772.28,C149946451,8175.0,C855243767,542136.89
380,CASH_IN,42339.3,C1997786837,10975.0,C911106590,293951.75
382,CASH_OUT,50096.31,C1132901550,20936.0,C1442203187,0.0
525,CASH_OUT,95605.5,C1940759733,0.0,C1120867339,1538247.25
403,PAYMENT,11783.77,C232145526,163558.72,M501196379,0.0
382,CASH_IN,265711.02,C1863574742,7817591.39,C565426589,1567261.0
356,PAYMENT,5815.92,C1893530412,16442.0,M1107441745,0.0
401,CASH_OUT,88587.17,C724497183,0.0,C236509228,208936.66
590,CASH_OUT,366897.57,C202849091,0.0,C746843102,27888029.01
369,CASH_OUT,74319.08,C2062884065,143927.0,C1641588223,2687012.19
393,CASH_OUT,46861.52,C188636128,182528.0,C1237333552,438048.83
379,TRANSFER,903778.76,C199863623,20185.0,C734294216,308237.17
715,CASH_OUT,22988.2,C1160452545,5009.0,C832207378,0.0
395,CASH_OUT,11765.3,C207722904,0.0,C2034278824,57371.84
372,PAYMENT,2230.25,C1761412892,0.0,M1367086471,0.0
372,CASH_IN,300919.15,C1755498942,34355.0,C1135561793,732921.41
670,CASH_IN,113883.17,C817270649,3743627.86,C1476424795,7162226.23
546,CASH_IN,5275.79,C961083269,1410421.87,C1212669879,231727.28
642,PAYMENT,3688.77,C773609076,39863.92,M2134495041,0.0
510,CASH_OUT,3178881.71,C1729291850,3178881.71,C900441286,0.0
458,CASH_IN,211115.52,C939763438,4740083.3,C1892806976,476858.3
376,PAYMENT,13460.84,C1861349015,239905.0,M1083841195,0.0
374,CASH_IN,111707.08,C90649439,28425576.68,C1750067501,362388.48
384,CASH_OUT,77479.9,C1760219599,0.0,C1215625277,152580.96
397,PAYMENT,22368.3,C1847306075,146.0,M418454824,0.0
376,PAYMENT,40453.59,C662077080,201570.0,M1359410796,0.0
520,CASH_OUT,470174.24,C1193119451,17585.0,C1933332817,0.0
588,CASH_OUT,296396.75,C377824226,0.0,C1182911299,412153.91
563,PAYMENT,1544.51,C840518041,91465.0,M1809899596,0.0
369,PAYMENT,17618.43,C578263167,0.0,M2131816381,0.0
382,PAYMENT,18870.69,C1499256767,20856.0,M12726948,0.0
380,CASH_OUT,31715.21,C2122042638,0.0,C1945024582,5369187.5
400,CASH_OUT,470671.12,C1770679007,0.0,C36301444,3459198.72
396,CASH_OUT,270544.69,C115674156,24893.0,C1616058132,0.0
394,PAYMENT,714.28,C1410990092,0.0,M433906210,0.0
651,CASH_OUT,9996886.64,C887830623,9996886.64,C1319987164,20429.76
401,CASH_IN,149468.92,C7983536,9487041.4,C25789843,2094133.58
596,CASH_IN,77700.22,C124149602,173720.0,C741361969,617155.15
382,CASH_OUT,32995.72,C1562581533,0.0,C2037132683,78484.47
442,CASH_OUT,146800.7,C440513342,5621.0,C1661372411,832915.82
379,CASH_OUT,11374.98,C764082480,0.0,C747220799,131380.68
394,CASH_OUT,353464.2,C1579302604,70482.19,C1070468406,710900.44
402,CASH_OUT,433745.34,C1360808610,0.0,C903105010,1047628.56
520,PAYMENT,7807.81,C1803628275,214592.76,M2077006093,0.0
564,CASH_OUT,112131.4,C54676004,11595.0,C818593210,1972035.25
405,CASH_IN,79668.32,C747691325,14257.0,C526053743,429136.24
687,CASH_IN,203352.99,C1626174644,146764.0,C936818975,0.0
380,CASH_OUT,270534.98,C1613925614,136424.0,C559677056,1267775.38
370,CASH_OUT,229160.5,C1102826958,206109.0,C760640323,1674586.29
458,PAYMENT,5023.45,C2006504115,224538.18,M1887700998,0.0
422,CASH_IN,305356.8,C1620352089,6155962.91,C1012726608,330476.12
373,PAYMENT,14001.55,C450898436,144765.0,M1013662786,0.0
403,CASH_OUT,177021.44,C57469474,0.0,C102804802,1249498.53
394,CASH_IN,29876.38,C1352661831,8498168.21,C174279130,441932.63
402,DEBIT,3534.45,C723540466,30443.0,C944536296,794573.4
709,CASH_OUT,66516.2,C682356990,66516.2,C263674163,156834.4
361,CASH_IN,276861.47,C1797681519,5976823.59,C841408475,929666.77
540,CASH_OUT,105364.19,C550934002,8936.39,C675480133,1583258.24
396,PAYMENT,9360.77,C489830050,778448.92,M1903886391,0.0
403,CASH_OUT,445085.55,C123088708,0.0,C380631516,1250861.26
379,CASH_OUT,123856.67,C1699088594,0.0,C56167518,311647.05
408,TRANSFER,224123.0,C367309419,0.0,C1296753045,1444636.67
586,PAYMENT,14389.74,C1900881653,60098.0,M1248379378,0.0
369,CASH_OUT,352787.43,C968641539,0.0,C1534434435,2370859.07
522,PAYMENT,1948.92,C411164785,402093.0,M1521824632,0.0
375,CASH_OUT,22637.56,C1594949741,0.0,C369328311,607561.88
419,CASH_OUT,247109.62,C1883929423,77874.0,C889068746,0.0
383,TRANSFER,649902.18,C1609837048,0.0,C280597437,1338215.3
397,PAYMENT,1541.52,C2012115183,0.0,M976606999,0.0
372,CASH_OUT,81784.81,C2037178774,0.0,C326926622,562808.11
469,PAYMENT,6813.26,C1101580136,0.0,M832488923,0.0
666,TRANSFER,145944.8,C69590839,145944.8,C835899289,0.0
661,PAYMENT,18294.85,C1248050113,0.0,M66979538,0.0
404,CASH_OUT,366119.83,C1066802038,0.0,C1263444257,429012.21
399,CASH_IN,187866.98,C1832371320,3462218.8,C1667176717,1300454.55
399,CASH_IN,86199.5,C1638308271,717.0,C680963855,0.0
403,PAYMENT,12224.49,C1836855996,0.0,M212518239,0.0
395,TRANSFER,171880.67,C49917246,171880.67,C1810191197,0.0
550,CASH_IN,162608.62,C632175419,7081748.09,C849658542,268524.94
476,PAYMENT,39699.87,C2132652345,95186.43,M702758239,0.0
681,PAYMENT,25005.56,C1867642441,31910.0,M628145643,0.0
373,PAYMENT,5863.22,C302238755,0.0,M2062648509,0.0
373,CASH_OUT,88833.83,C894660973,31018.0,C1230848348,1475676.32
378,PAYMENT,13039.86,C2063822263,42010.15,M395913660,0.0
379,CASH_OUT,18515.71,C1202150130,379047.48,C872415820,261426.6
404,CASH_IN,105642.83,C378547475,3357186.94,C434644997,9002143.6
596,CASH_OUT,30292.61,C841038696,0.0,C210473354,30537.83
404,CASH_OUT,70127.51,C1337761227,3517.0,C1331531264,5367044.8
659,CASH_IN,121095.97,C1454578520,5506849.2,C807661050,2602644.31
400,CASH_OUT,136498.88,C47207857,0.0,C517643271,1377476.18
359,CASH_IN,82665.62,C59738077,31675009.85,C192319995,9206534.11
550,CASH_IN,214024.41,C775090812,22190.0,C599675267,0.0
370,CASH_OUT,577554.1,C999825608,0.0,C664902407,1930739.24
573,TRANSFER,526044.69,C1398903807,447384.0,C303237907,550866.68
402,CASH_OUT,331534.07,C959603405,0.0,C1241110268,595142.78
371,PAYMENT,11525.0,C923574313,60040.0,M1512961771,0.0
687,CASH_OUT,277879.1,C1619729810,30397.0,C247133767,3402775.27
406,CASH_OUT,163646.93,C1880870510,0.0,C1087638474,6562189.5
405,PAYMENT,13435.32,C1073245858,0.0,M683313259,0.0
371,PAYMENT,5889.08,C920330451,0.0,M1456974152,0.0
377,CASH_IN,52981.18,C244188948,4613359.19,C778678237,1537946.5
372,CASH_OUT,102746.72,C500514115,251334.0,C651785656,49771.14
399,PAYMENT,27388.09,C804224682,0.0,M554189946,0.0
400,CASH_OUT,212145.18,C50460965,665.0,C835534799,9515491.73
380,CASH_OUT,48457.04,C295898183,0.0,C750732910,9870113.71
540,CASH_OUT,74521.14,C1832936896,0.0,C754847518,246782.43
429,CASH_OUT,92565.34,C179994465,107427.0,C1982631224,17344323.93
396,PAYMENT,16374.4,C1007437128,0.0,M612104105,0.0
396,CASH_OUT,365981.18,C1902137403,485.0,C1723463463,13789326.96
374,PAYMENT,11264.17,C1809774473,0.0,M703748145,0.0
376,TRANSFER,1647361.26,C1254285827,421.0,C871857289,133754.75
489,TRANSFER,177925.98,C2071075791,177925.98,C2019441541,0.0
376,CASH_IN,212927.02,C1149821994,5894725.25,C1766218857,6098381.43
474,CASH_OUT,180386.08,C1997274816,1989.0,C2094718287,398541.66
372,PAYMENT,2885.66,C330468380,41007.0,M543794724,0.0
544,TRANSFER,1307918.15,C1807803070,12143.0,C2032094694,1270010.32
525,TRANSFER,398971.11,C1190569892,0.0,C304524494,505025.96
661,PAYMENT,9763.61,C437952756,494985.41,M21272795,0.0
595,CASH_IN,157245.56,C619620878,11314.0,C1834397485,0.0
411,CASH_OUT,2068313.94,C338311472,2068313.94,C1131834798,0.0
398,PAYMENT,3071.59,C240422657,0.0,M851621041,0.0
370,CASH_OUT,86367.95,C1476756943,13595.0,C1490462219,5546866.18
632,TRANSFER,480404.03,C1962729026,480404.03,C1853051693,0.0
431,CASH_IN,349111.45,C1514494759,521569.02,C323920560,2435064.9
375,PAYMENT,42961.76,C2074860210,71721.0,M1891756234,0.0
498,CASH_OUT,10000000.0,C1016892734,10000000.0,C634337503,302854.73
396,PAYMENT,28153.11,C1102003338,0.0,M1921896416,0.0
471,CASH_OUT,392975.44,C1776247567,30863.0,C1602408776,201582.6
374,PAYMENT,9939.38,C1693943108,35523.19,M817238685,0.0
361,CASH_IN,223410.25,C2031937864,6357099.28,C1874001675,2949952.96
399,CASH_OUT,116264.15,C1801969095,71367.0,C1091880246,622921.09
589,TRANSFER,916136.65,C1410591736,0.0,C391592299,1902385.19
404,PAYMENT,28484.54,C538870984,11172.0,M1755070599,0.0
401,CASH_IN,98088.29,C195477275,75561.0,C1401156587,0.0
401,TRANSFER,48831.65,C504968923,0.0,C1172608142,593892.96
378,CASH_OUT,243727.63,C550066684,22266.0,C2093142132,13124.9
374,CASH_OUT,235102.43,C370097501,0.0,C1926657980,819581.69
377,CASH_IN,171513.62,C237008289,30734.0,C990814556,0.0
514,CASH_IN,48200.82,C348319072,15535.0,C1227790476,53313.08
370,PAYMENT,31204.03,C1369749477,317977.13,M851485928,0.0
394,CASH_IN,775731.54,C976838521,10815.0,C578819453,0.0
398,TRANSFER,645547.33,C764465862,57830.0,C1326645920,64426.76
563,TRANSFER,1691291.91,C1968600337,809.0,C1314696273,7981565.39
383,PAYMENT,2650.87,C1444196398,11238.0,M2071285811,0.0
380,PAYMENT,606.95,C527147285,1400.0,M1050125303,0.0
538,PAYMENT,29464.06,C1977031759,0.0,M1443987209,0.0
372,CASH_IN,37285.32,C2055247338,19334184.19,C441602620,1652368.45
369,CASH_OUT,412694.54,C817156849,0.0,C1517182395,451195.54
374,PAYMENT,3197.62,C1400730978,377.0,M1756894143,0.0
398,CASH_OUT,301117.4,C255556933,0.0,C1626940435,388964.49
397,CASH_IN,307182.14,C538434059,8557657.96,C1594524438,1631670.59
528,PAYMENT,3640.88,C965946484,60732.0,M5864705,0.0
401,CASH_OUT,91544.16,C278765955,0.0,C456791362,227922.3
399,PAYMENT,3867.99,C1618917018,0.0,M194590231,0.0
374,CASH_OUT,146797.4,C604993393,0.0,C102834235,1099366.54
404,CASH_OUT,125621.12,C115676344,0.0,C75385497,1277556.14
404,PAYMENT,11824.96,C2061722134,0.0,M1209895171,0.0
379,PAYMENT,13147.9,C1454525526,0.0,M2078504836,0.0
356,PAYMENT,12312.9,C262622334,0.0,M781920859,0.0
377,PAYMENT,1451.95,C813379086,0.0,M1084805301,0.0
372,PAYMENT,36320.28,C685704514,0.0,M1329950349,0.0
375,TRANSFER,468396.83,C83241292,0.0,C289108218,5017116.48
378,CASH_OUT,175820.72,C701520809,109028.0,C241810688,0.0
359,PAYMENT,14021.77,C1602514434,0.0,M1745402473,0.0
522,CASH_OUT,77036.71,C1638965020,10438.0,C2013979563,23047719.62
567,TRANSFER,743350.04,C450265868,0.0,C240157871,771550.09
378,CASH_OUT,288079.02,C1929669230,0.0,C772847882,643808.5
573,PAYMENT,8824.36,C1260999704,23032.0,M956298187,0.0
400,CASH_OUT,220937.39,C802549096,221361.53,C1090904555,2821883.02
376,PAYMENT,9950.71,C997090482,21573.0,M1142204668,0.0
356,PAYMENT,23154.02,C1958030652,0.0,M1861589012,0.0
664,CASH_OUT,182920.02,C1683453448,14795.0,C1427009120,354343.13
383,CASH_OUT,429742.58,C1992017541,0.0,C448319922,1526522.21
394,TRANSFER,819339.67,C1248707619,0.0,C371316820,1228387.73
404,PAYMENT,14451.68,C105971525,13082.0,M522256260,0.0
551,PAYMENT,9642.05,C1412737187,0.0,M1018660406,0.0
405,PAYMENT,29952.7,C1556363435,58921.02,M1462113649,0.0
525,PAYMENT,34864.03,C780882811,0.0,M1452371331,0.0
405,PAYMENT,7639.09,C1280843189,257738.19,M669529427,0.0
596,PAYMENT,24807.28,C1972143920,0.0,M1778407241,0.0
548,PAYMENT,4825.59,C1957690987,113524.0,M860063299,0.0
394,CASH_OUT,94802.23,C968512616,0.0,C1609985314,358507.19
379,CASH_OUT,179142.21,C801101324,21316.0,C1013113141,84326.02
551,CASH_OUT,131185.85,C1916229021,0.0,C1978153400,6381939.62
374,CASH_OUT,165893.91,C1701714582,0.0,C2755589,314722.7
500,TRANSFER,55668.58,C1699635697,17070.0,C1640568902,30910.57
401,PAYMENT,21304.55,C377283190,240403.0,M705312833,0.0
528,TRANSFER,11070.29,C1229752535,11070.29,C1345788432,0.0
542,CASH_IN,202293.99,C1088100010,35261.0,C1884395033,472116.84
383,CASH_OUT,175417.63,C544508648,0.0,C1107699034,194592.19
565,CASH_OUT,260412.99,C598363593,288758.0,C608273621,0.0
357,CASH_OUT,91155.26,C1065229167,1181.0,C950796898,4223063.24
396,PAYMENT,10749.98,C632234079,0.0,M262203950,0.0
404,CASH_IN,109716.59,C1686619340,7695181.62,C1332249875,209786.25
692,PAYMENT,11054.57,C772389942,0.0,M366387075,0.0
379,CASH_IN,189145.87,C1577396781,20125.0,C1966885372,0.0
377,CASH_IN,283141.8,C1832203761,5366.0,C201970635,253117.69
375,CASH_IN,37671.25,C1912473270,10189307.8,C564345200,5439486.94
356,PAYMENT,16518.81,C111339273,0.0,M2133750402,0.0
393,CASH_IN,55788.41,C126924981,49516.0,C924448679,0.0
396,PAYMENT,17051.23,C525568819,52325.0,M289106042,0.0
380,PAYMENT,4756.39,C1014039698,677826.77,M1682863040,0.0
446,TRANSFER,239095.53,C1938630563,239095.53,C138592034,0.0
382,PAYMENT,4343.77,C790139224,0.0,M1490683865,0.0
396,CASH_IN,153663.18,C330295885,19918469.75,C618179558,2064271.19
379,CASH_IN,144140.94,C1984126818,97981.0,C1776207726,4233828.75
599,CASH_IN,281342.44,C338754880,3462297.8,C154779867,2194171.41
688,CASH_OUT,99778.41,C1473567458,10153.0,C2014053247,66875.9
356,CASH_OUT,87212.53,C1665485482,33021.0,C1265854700,119644.67
426,CASH_OUT,104525.05,C1412144338,32072.0,C524135133,0.0
404,PAYMENT,8955.33,C1073770333,0.0,M491705583,0.0
374,CASH_OUT,26847.4,C1172144000,0.0,C48641948,130198.29
378,TRANSFER,138258.34,C1380104016,0.0,C380594335,193558.99
688,CASH_IN,204580.94,C224294772,493923.45,C856850335,2896968.74
398,PAYMENT,7551.16,C708639771,0.0,M937147996,0.0
585,CASH_OUT,106493.28,C1579216255,27239.0,C369636631,1567616.07
405,PAYMENT,17733.89,C548070243,21213.0,M2051471021,0.0
382,PAYMENT,3089.84,C391607684,14283.0,M2088687315,0.0
451,CASH_OUT,253969.57,C1986656238,10415.0,C1351513108,255968.79
358,CASH_OUT,240966.09,C2088014612,0.0,C597290661,324286.17
369,CASH_OUT,518269.34,C666294377,44751.0,C1745109029,421921.11
545,PAYMENT,15451.96,C506765467,0.0,M358051790,0.0
376,CASH_OUT,53369.88,C1906678941,155609.0,C145172525,62215.86
380,CASH_IN,151344.44,C285277153,27296127.56,C2105914075,268537.18
572,TRANSFER,1068952.42,C2072964053,1068952.42,C1016759454,0.0
382,DEBIT,1549.87,C215517645,122905.41,C143943581,40002.01
401,PAYMENT,9408.09,C1780742116,446297.36,M1365368254,0.0
356,PAYMENT,13931.36,C828919302,20403.0,M1745084883,0.0
402,CASH_IN,109934.17,C1406615010,3855171.75,C1194359417,3048163.59
403,CASH_IN,42304.29,C220836994,10987.0,C1214248053,0.0
603,CASH_OUT,1778520.7,C72958099,1778520.7,C1226050355,0.0
397,CASH_OUT,5665.25,C1651334281,0.0,C1573512725,570744.88
377,PAYMENT,11728.14,C1072245327,0.0,M628618066,0.0
396,CASH_OUT,590305.53,C127537642,105924.0,C198092070,300311.35
370,PAYMENT,15973.5,C1133354861,141773.05,M1611999770,0.0
606,CASH_OUT,455788.55,C1120752458,455788.55,C2045354629,0.0
371,CASH_IN,59734.65,C2136910869,1692122.22,C1527145791,286573.14
380,CASH_OUT,8587.98,C1346772905,0.0,C557599012,1070323.18
451,PAYMENT,8876.45,C978490518,0.0,M532704272,0.0
520,CASH_IN,480046.14,C299206513,40147.0,C743851947,0.0
356,PAYMENT,9043.27,C800442523,0.0,M1352477208,0.0
369,CASH_IN,254885.2,C577472843,1624120.76,C756266638,3462893.32
356,CASH_OUT,113113.95,C356634261,0.0,C893832048,7052237.84
401,CASH_OUT,212199.47,C692698803,0.0,C1337699386,1821027.8
540,CASH_OUT,48510.03,C385377537,0.0,C868625816,110785.02
596,CASH_OUT,193934.36,C1044108438,157.0,C22627764,0.0
584,PAYMENT,3530.92,C1703596926,4856.71,M300186372,0.0
394,TRANSFER,1640403.56,C1524215382,10566.0,C395678247,1514005.91
429,CASH_OUT,190998.56,C641821001,0.0,C202124314,2620553.46
394,CASH_OUT,165136.6,C695094509,0.0,C1534732840,3086928.86
547,PAYMENT,13629.22,C2008809284,12641.0,M855039087,0.0
380,CASH_IN,192740.51,C1964656113,2993672.81,C1115800000,604167.17
687,CASH_OUT,142492.81,C1166322993,0.0,C948818441,144585.24
357,CASH_OUT,279104.46,C705816379,0.0,C1715900531,1925836.96
358,PAYMENT,8555.06,C144878247,159500.0,M698573133,0.0
356,CASH_IN,47228.55,C568364014,6008027.38,C1268943232,436916.98
402,PAYMENT,4091.46,C300856046,36802.99,M1135379872,0.0
403,CASH_OUT,87.16,C111891674,11070.0,C206202243,2204885.28
403,PAYMENT,2792.09,C163571230,42058.0,M1953178421,0.0
404,CASH_IN,247235.55,C1220621712,3419277.56,C63082252,668025.79
687,CASH_IN,306130.33,C971310891,1619950.13,C1205902111,3047201.65
373,PAYMENT,9014.25,C1777214844,88346.08,M715728514,0.0
380,TRANSFER,384400.11,C1143386578,0.0,C1392846380,403989.37
429,TRANSFER,1140.66,C931060532,198994.0,C769834328,508841.91
379,PAYMENT,340.91,C1690363298,83831.0,M856728799,0.0
400,CASH_OUT,353293.25,C1011576758,0.0,C374769695,539772.25
404,CASH_IN,229718.92,C743606152,38131.74,C1253301792,357825.32
398,CASH_IN,500434.06,C1082125530,16042788.53,C1007825429,510760.15
380,CASH_OUT,148211.43,C1594847855,0.0,C1587143371,639775.19
398,TRANSFER,8958.8,C378017572,0.0,C1488001074,238161.15
379,CASH_IN,33831.37,C2100046062,8356548.36,C894703349,263637.49
402,PAYMENT,1911.08,C87764097,28267.14,M1135909344,0.0
405,CASH_OUT,347538.63,C313568960,0.0,C738124829,8236139.26
356,CASH_IN,119430.92,C417089071,100564.0,C1192560115,1586698.86
404,CASH_OUT,75358.22,C808468797,24556.0,C1503570829,0.0
398,CASH_OUT,149881.67,C1554489613,0.0,C2080056205,1664860.48
684,CASH_OUT,67417.72,C999595929,80930.0,C1252727099,231011.39
709,CASH_IN,79226.52,C1155363149,3212361.47,C722302802,1786678.84
590,CASH_OUT,288816.59,C876783008,0.0,C189978329,292916.42
381,PAYMENT,9515.56,C198175356,0.0,M1236689127,0.0
402,PAYMENT,31117.91,C257977333,16174.0,M904511745,0.0
692,CASH_IN,260610.34,C1480066663,3576.0,C1043894232,88893.34
357,PAYMENT,32999.55,C1887585119,0.0,M1531372069,0.0
399,PAYMENT,11015.32,C1067074938,0.0,M1147972567,0.0
376,CASH_IN,90757.92,C1075508087,1556838.24,C251921102,1850726.99
382,PAYMENT,11050.6,C1838615117,29275.79,M873649070,0.0
694,CASH_OUT,104163.04,C55173932,230732.04,C608905116,14561937.87
397,CASH_IN,341604.15,C1407731407,1268056.27,C2084519787,1588534.6
522,CASH_IN,126626.74,C1130969131,44649.0,C34596363,0.0
374,CASH_IN,310826.51,C1582578949,695366.47,C2055618439,469579.7
405,TRANSFER,290798.66,C1326441174,36.0,C153969744,0.0
546,PAYMENT,7146.53,C99779787,47972.0,M1896750856,0.0
357,PAYMENT,10087.43,C1442442815,215823.0,M609168696,0.0
408,PAYMENT,17166.18,C1774398525,0.0,M1241634019,0.0
378,PAYMENT,47118.03,C435696029,0.0,M868977312,0.0
526,CASH_IN,21664.32,C2138732030,5362.0,C887954672,0.0
369,CASH_OUT,115010.47,C556701924,0.0,C735422470,394484.02
419,CASH_IN,329474.1,C247165928,9419038.44,C562614563,634575.39
596,PAYMENT,9783.4,C1070546744,96005.0,M348319425,0.0
381,CASH_IN,21750.56,C741027597,5008.0,C428036480,19568.78
612,CASH_IN,171157.55,C287336298,762164.0,C380699770,294877.17
402,PAYMENT,5080.46,C1683898945,0.0,M724460381,0.0
406,CASH_IN,206594.07,C1899141529,1298157.14,C731742515,2459598.8
692,CASH_OUT,224128.95,C943465929,0.0,C10042820,430994.8
476,CASH_OUT,136730.01,C1874483016,28774.88,C1651909844,14130833.64
381,CASH_IN,112348.67,C1403964826,2518698.97,C1998665895,6697845.33
403,PAYMENT,22764.24,C1374520823,11324.0,M2056537375,0.0
376,TRANSFER,2443110.63,C35692188,0.0,C482482676,10313459.31
379,CASH_OUT,626673.66,C974535194,626673.66,C617136418,1196558.84
398,CASH_IN,153551.79,C741710388,861518.97,C194559565,360575.26
372,CASH_IN,17880.43,C168216833,3166055.59,C1059557740,1822453.26
393,PAYMENT,19832.86,C569806745,0.0,M1591147608,0.0
398,PAYMENT,336.85,C1050375968,0.0,M31412831,0.0
514,TRANSFER,1917350.7,C2136322784,0.0,C1529014335,12356642.48
522,PAYMENT,4002.74,C242078407,55408.0,M103038495,0.0
369,PAYMENT,13653.51,C352984204,26557.0,M1818739371,0.0
738,CASH_OUT,114490.39,C1586103602,114490.39,C1196711051,166082.07
402,CASH_OUT,50253.81,C48353251,0.0,C240640131,182162.34
402,CASH_IN,114110.73,C1273896501,16460115.39,C369537286,463435.6
397,PAYMENT,219.65,C1937957017,0.0,M782836539,0.0
516,TRANSFER,848134.57,C387226180,848134.57,C1242120613,0.0
394,CASH_OUT,31399.74,C1512649559,780115.0,C1245316303,0.0
500,CASH_IN,139773.7,C240650502,21209.0,C124344031,51128.84
599,CASH_IN,69287.94,C1593456372,1299222.6,C1105466222,1856693.81
375,TRANSFER,190644.43,C1007286082,0.0,C783709644,486568.27
372,CASH_IN,13784.01,C110048570,24781.0,C1668349350,31380.51
404,CASH_IN,183736.15,C1783844445,1131.0,C1757079633,4929783.62
514,CASH_OUT,257643.74,C197428973,44499.0,C1937255783,789943.35
395,CASH_IN,55127.54,C1653646330,19772639.82,C1569079182,15713804.81
371,PAYMENT,415.65,C24053278,0.0,M61947831,0.0
637,PAYMENT,15215.43,C169178472,0.0,M295964185,0.0
525,PAYMENT,16414.27,C1912619201,12724.0,M2127841187,0.0
540,TRANSFER,150047.63,C2082210683,0.0,C804168474,2638999.98
393,PAYMENT,25174.56,C711611571,27073.0,M1896467876,0.0
490,PAYMENT,33166.58,C1851815405,6163.0,M1317488556,0.0
370,CASH_OUT,57365.28,C1656845547,0.0,C1148252129,2541632.8
469,CASH_OUT,101532.94,C128402495,302094.0,C1346854387,0.0
588,CASH_IN,71121.97,C392210472,11168.0,C1613452813,217766.66
400,CASH_OUT,542573.73,C1452909909,21385.0,C834869776,6249641.19
404,CASH_OUT,90263.7,C1257474790,21259.0,C1926261184,0.0
370,CASH_OUT,179473.87,C1750178632,0.0,C1858017517,3629166.45
401,PAYMENT,8238.66,C100125684,0.0,M1214462501,0.0
395,PAYMENT,2570.92,C594122215,0.0,M1555026739,0.0
396,CASH_IN,109447.68,C2051443913,4733038.96,C547223862,913757.71
357,PAYMENT,22761.7,C1808555465,0.0,M480846270,0.0
401,PAYMENT,7145.99,C181571468,0.0,M904135269,0.0
400,CASH_OUT,262732.57,C623319537,92073.0,C1441921035,347256.07
589,CASH_OUT,154465.22,C1938060521,1717.0,C11896723,16048385.79
603,CASH_OUT,39247.74,C1684585857,39247.74,C2029518292,3972842.93
403,PAYMENT,15072.92,C1455267385,0.0,M1119493799,0.0
380,PAYMENT,547.37,C85483914,2003.0,M716788912,0.0
357,PAYMENT,11480.91,C1430819551,14266.0,M99207372,0.0
408,CASH_IN,148601.25,C1145981489,9382579.84,C1936537537,538343.71
383,CASH_OUT,150406.91,C911775110,150406.91,C1959198865,1903051.04
371,CASH_OUT,326870.07,C1355631748,0.0,C346625272,458027.58
379,CASH_OUT,313620.31,C1060793350,31581.0,C735242190,9997124.34
644,PAYMENT,19718.29,C659625792,0.0,M781124218,0.0
429,CASH_OUT,181412.64,C101318369,0.0,C993276382,5521327.42
394,PAYMENT,14096.21,C793690807,0.0,M1318072376,0.0
408,PAYMENT,23361.54,C1740169554,0.0,M933827041,0.0
405,PAYMENT,11170.75,C1339544347,294528.83,M1320630252,0.0
375,TRANSFER,8665824.25,C1774286870,0.0,C668006329,9446868.53
375,PAYMENT,8644.77,C393980501,20955.31,M1024025838,0.0
378,PAYMENT,1747.75,C2087575737,48000.0,M1676003287,0.0
401,CASH_OUT,368742.6,C1554273062,30768.0,C224323720,0.0
375,PAYMENT,34703.77,C561741221,20647.0,M1720088334,0.0
644,CASH_OUT,217230.34,C1232681650,0.0,C1458794147,264530.73
396,CASH_OUT,141379.49,C613064569,159434.0,C451962975,1026513.6
513,CASH_OUT,100762.66,C1991632436,100762.66,C693486169,0.0
369,PAYMENT,253.97,C411713252,125384.21,M677481522,0.0
380,CASH_IN,167041.38,C1577382155,10485046.81,C1577126800,9897554.05
707,PAYMENT,23.16,C1765326739,35268.0,M414021048,0.0
409,CASH_OUT,10000000.0,C97242201,10000000.0,C786701128,8496.86
380,PAYMENT,11368.93,C2093037113,136917.0,M1075034035,0.0
540,CASH_OUT,393413.97,C1667504420,46447.0,C1620047929,2337183.17
527,PAYMENT,2302.04,C809347222,5001.0,M2004683833,0.0
373,CASH_IN,388861.92,C1473426556,6669673.98,C267095061,9811418.86
710,CASH_IN,376095.72,C279750752,173740.0,C1281520271,872.86
400,PAYMENT,6043.3,C1678300716,0.0,M1290826418,0.0
370,PAYMENT,5557.69,C1641751411,0.0,M756415521,0.0
396,CASH_IN,252809.66,C1199677754,6216.0,C1689736019,0.0
401,CASH_OUT,131489.69,C1281419680,0.0,C1627178916,391174.07
406,PAYMENT,38798.89,C976755292,0.0,M377989819,0.0
406,CASH_OUT,44375.93,C326581094,723.0,C661858158,0.0
381,CASH_OUT,131282.61,C1547308578,0.0,C1389347408,1546576.94
372,CASH_OUT,383328.09,C940500745,0.0,C1192150823,537542.7
400,CASH_OUT,167070.8,C148053286,0.0,C706541209,3160252.64
373,CASH_OUT,182121.67,C2081193013,0.0,C1074289747,2596578.86
383,PAYMENT,3249.87,C1568853222,11091.0,M898245860,0.0
740,CASH_OUT,1312694.5,C1078953751,1312694.5,C1920187579,0.0
684,CASH_IN,277565.6,C1052124042,277672.0,C2934296,346508.16
514,CASH_OUT,69759.64,C693022766,0.0,C406091599,115219.37
380,PAYMENT,54246.39,C703011463,81923.47,M1102466041,0.0
401,PAYMENT,16906.35,C1498779710,0.0,M937405360,0.0
380,CASH_OUT,284614.99,C1351041869,10002.0,C1542835552,45209.45
565,PAYMENT,3647.86,C1545493170,401.0,M394128263,0.0
357,PAYMENT,3179.48,C1770968172,11261.0,M1285640504,0.0
394,TRANSFER,752174.54,C879515500,14888.0,C1256883702,304290.61
405,TRANSFER,76704.09,C803559491,81955.0,C270916218,185428.36
394,CASH_OUT,261517.27,C292959656,0.0,C1331632584,271890.13
540,TRANSFER,2778977.0,C1323568100,189.0,C1438094053,501289.12
374,CASH_IN,39179.1,C317726598,3707226.7,C1394655628,3491861.02
381,CASH_OUT,203148.77,C672841771,0.0,C1992426386,890184.83
550,PAYMENT,15269.0,C1864762072,322783.87,M414639078,0.0
400,CASH_OUT,312975.61,C637713472,23673.0,C1789764625,1187090.05
518,PAYMENT,9510.1,C176034669,0.0,M2130257395,0.0
380,CASH_IN,170702.67,C850689179,21673.0,C1089384382,0.0
369,CASH_OUT,163355.96,C1003971017,0.0,C1848067002,235346.34
376,CASH_IN,76791.34,C1161974727,4024258.83,C1895715553,141508.22
404,CASH_OUT,2754759.04,C711547506,2754759.04,C679271363,0.0
402,CASH_OUT,392752.56,C22843057,259078.02,C1593287163,938418.89
380,PAYMENT,1987.54,C2118924952,103163.0,M1588162136,0.0
500,PAYMENT,11186.29,C242606170,248331.38,M620672248,0.0
370,PAYMENT,18516.74,C387789553,18317.0,M1959949496,0.0
395,PAYMENT,25961.71,C808689485,10201.28,M435744066,0.0
688,PAYMENT,8032.76,C2116864435,964.0,M1636177247,0.0
574,PAYMENT,1977.01,C1068815801,410503.0,M1756879730,0.0
490,PAYMENT,18305.69,C579903794,41799.0,M630879439,0.0
379,CASH_OUT,55551.12,C943250996,17031.0,C502711231,498446.71
372,CASH_IN,83804.07,C174936178,2201504.71,C1769364607,146151.74
358,TRANSFER,375607.56,C1608191150,0.0,C68938462,2987158.86
379,PAYMENT,10782.41,C1132187825,59929.29,M765441867,0.0
399,CASH_OUT,154936.85,C1938699463,0.0,C1462264296,289544.49
400,CASH_IN,190106.98,C306715993,33024.0,C70095725,0.0
407,PAYMENT,19194.4,C763017739,3239.0,M211506759,0.0
378,TRANSFER,371177.78,C1698510119,22248.0,C145685877,1364242.3
588,TRANSFER,203801.82,C1351406673,103094.0,C474175358,2980688.08
380,CASH_OUT,188816.08,C723577843,20312.0,C1567802406,0.0
589,CASH_OUT,154302.63,C1015148393,0.0,C723280180,1250828.74
500,CASH_OUT,106963.71,C2121649214,51474.0,C1088482645,359237.88
371,CASH_OUT,170747.76,C1702936998,18355.0,C1819196972,2802377.39
380,TRANSFER,764223.86,C2076508530,104058.0,C744521742,83482.91
375,PAYMENT,10814.28,C1004873394,0.0,M1910209194,0.0
525,PAYMENT,8600.13,C702718015,50842.0,M632732185,0.0
550,CASH_OUT,183528.25,C1954810720,0.0,C1944492605,452404.83
404,CASH_IN,197298.68,C1002274541,1218732.01,C1725555792,770041.41
379,CASH_OUT,222718.51,C842806323,407.0,C1667516866,0.0
382,CASH_OUT,232259.96,C1602749008,0.0,C1909849710,1301820.6
494,TRANSFER,503620.99,C1267328802,503620.99,C593181726,0.0
403,PAYMENT,2994.08,C1948037405,16189.0,M1695033537,0.0
393,PAYMENT,2373.8,C857138935,21799.0,M1845318777,0.0
372,CASH_IN,118422.32,C1308798930,4113479.65,C1642452662,504100.89
372,CASH_IN,94889.33,C743757774,12771.0,C1662609683,303894.6
429,PAYMENT,19386.62,C824394254,0.0,M1678433130,0.0
378,CASH_OUT,148921.81,C1707209610,101991.0,C186985957,1177882.59
571,PAYMENT,8947.49,C568716115,403312.6,M461741261,0.0
383,PAYMENT,5255.02,C1757965091,20235.0,M480732521,0.0
684,CASH_IN,162622.23,C1028396443,14991.0,C274753069,2765686.03
401,CASH_OUT,53391.67,C330344670,0.0,C494322315,1102769.85
405,PAYMENT,1479.38,C1035104858,0.0,M432283518,0.0
522,PAYMENT,3588.52,C1454118367,0.0,M34379161,0.0
661,CASH_IN,362201.08,C1975224482,191.0,C1033729644,0.0
369,CASH_OUT,293089.82,C1513572317,0.0,C1041359496,2075527.26
393,PAYMENT,938.84,C389547129,142125.79,M251271016,0.0
688,CASH_IN,56217.56,C534133035,5564946.84,C1174763605,240744.96
404,PAYMENT,9698.62,C534019240,0.0,M1559166176,0.0
422,PAYMENT,3643.73,C925110651,22956.11,M1252477152,0.0
403,CASH_OUT,67695.81,C10720954,0.0,C1743239751,1593629.59
379,CASH_OUT,100728.14,C733414415,0.0,C667011689,341447.9
379,PAYMENT,23161.56,C356181419,11302.0,M1539013119,0.0
514,CASH_IN,119346.24,C500734370,7330412.57,C2053242985,1382970.85
406,PAYMENT,22043.92,C371224710,3416.62,M340035986,0.0
378,PAYMENT,7839.34,C1765933774,209403.98,M1454595225,0.0
356,CASH_OUT,157514.32,C218995321,163.0,C2046160287,216684.69
692,DEBIT,644.82,C1197014360,195.0,C1391030812,258968.97
403,PAYMENT,39013.46,C1896074457,0.0,M1891750360,0.0
405,CASH_IN,4450.44,C2128543885,2559802.98,C702662837,327149.69
357,PAYMENT,6475.31,C34144638,102136.0,M342197966,0.0
374,PAYMENT,14780.41,C904436944,352.0,M1513917198,0.0
522,CASH_OUT,109169.17,C1939317586,0.0,C1547742437,256002.23
406,CASH_OUT,123392.74,C1207447518,8686.42,C100552507,3764606.08
443,TRANSFER,1795622.71,C699874957,1795622.71,C2123434459,0.0
382,CASH_OUT,80375.71,C1001193109,581.0,C2138340348,0.0
405,CASH_OUT,63920.66,C480862874,21305.0,C233206947,132256.11
592,TRANSFER,458361.83,C2050469537,458361.83,C2018291358,0.0
373,CASH_IN,146980.34,C1507139467,7271454.14,C1414630535,160526.29
376,CASH_OUT,510365.36,C290017648,9003.0,C1681382440,4192490.59
564,TRANSFER,2472250.47,C577087580,2472250.47,C660528098,0.0
381,PAYMENT,2667.88,C1784293043,21496.0,M1504616556,0.0
400,CASH_OUT,216433.32,C1658941638,33549.0,C138332596,0.0
401,TRANSFER,966084.64,C710145516,221393.5,C2037046689,991667.6
356,CASH_IN,70662.56,C755252884,11311872.06,C1757849848,518012.4
565,PAYMENT,9758.56,C140898989,131894.38,M844719600,0.0
401,CASH_OUT,138603.09,C892218607,0.0,C330919890,988464.24
381,PAYMENT,11015.45,C2034862683,103778.0,M618157731,0.0
379,CASH_OUT,49311.15,C1931716865,0.0,C1023529958,248861.01
374,TRANSFER,771141.37,C1717640802,0.0,C128227069,1192562.87
375,TRANSFER,452321.23,C608342135,0.0,C914163174,2481593.34
590,PAYMENT,7597.44,C883365865,72522.0,M1427984302,0.0
514,CASH_OUT,131723.49,C257517809,0.0,C402251473,218914.25
399,PAYMENT,606.76,C1783701259,102.0,M1298729383,0.0
378,CASH_OUT,322827.65,C718805356,0.0,C775226691,821146.86
404,PAYMENT,15574.35,C1658843009,14149.0,M1045194330,0.0
380,CASH_OUT,67192.43,C699931164,60402.0,C1453991831,798596.2
380,CASH_IN,273345.53,C780036905,7380319.32,C629979323,647747.29
370,PAYMENT,6915.48,C48854495,0.0,M1050632399,0.0
380,CASH_OUT,298352.69,C1030867716,0.0,C1484297893,2191655.98
429,CASH_OUT,330155.56,C1700824570,164196.85,C1709565030,10997103.26
544,PAYMENT,12680.67,C1930577299,49066.34,M464554160,0.0
522,TRANSFER,1191081.74,C947673332,18974.0,C1072260368,0.0
393,PAYMENT,26436.84,C1018257410,0.0,M63817521,0.0
401,CASH_IN,39295.7,C1491848540,3784440.36,C1767756895,81143.53
395,TRANSFER,485760.69,C963577044,27704.0,C2016790107,11131.78
404,PAYMENT,29923.08,C544929796,0.0,M558912037,0.0
525,CASH_IN,35393.49,C432744492,337170.59,C1612242720,73793.0
396,CASH_IN,48711.32,C1274377486,2274232.39,C411895664,1738347.67
396,PAYMENT,81401.87,C1980305447,218090.94,M810556202,0.0
399,PAYMENT,42863.42,C726754477,72311.0,M53586087,0.0
514,CASH_OUT,4033.45,C328540178,58431.52,C335589422,142039.89
370,PAYMENT,14928.89,C9935964,602836.0,M935069468,0.0
522,CASH_IN,315500.21,C612617251,4071778.05,C1166807256,2323616.9
379,TRANSFER,114216.83,C607959654,0.0,C530892938,4660164.96
385,CASH_OUT,617882.66,C274955922,617882.66,C575981096,171914.08
705,CASH_OUT,1306.16,C978971050,16757.0,C980989809,10834.11
396,PAYMENT,17214.68,C1953476250,0.0,M1435816412,0.0
688,TRANSFER,443741.2,C1681693701,0.0,C2074059716,1127294.74
373,CASH_OUT,234935.27,C518153607,31914.0,C629102177,755716.73
403,PAYMENT,20736.76,C2095824470,19957.0,M364157236,0.0
394,CASH_OUT,662484.27,C139235856,0.0,C1386511057,2002813.17
375,TRANSFER,220856.87,C822514949,0.0,C468216494,513539.37
395,PAYMENT,3999.19,C2128706251,0.0,M1299980064,0.0
402,CASH_OUT,10140.32,C1233043608,0.0,C25789843,1944664.67
395,CASH_IN,2986.78,C1622519192,15989716.82,C1233657848,5173469.76
574,PAYMENT,4782.19,C1032251974,78703.18,M1052973509,0.0
399,PAYMENT,14228.29,C1221349086,0.0,M812388848,0.0
396,TRANSFER,1469829.26,C1063542427,5655.0,C1528247344,0.0
393,TRANSFER,156177.45,C182505597,0.0,C253813089,178036.6
471,CASH_OUT,204986.44,C403423635,5286.0,C2017522356,563112.66
378,CASH_OUT,239549.85,C817767148,0.0,C1923294470,1903879.04
527,CASH_OUT,79323.25,C1399341304,79323.25,C2113418561,194983.92
451,CASH_OUT,219744.09,C1225095582,0.0,C1942504049,280716.03
370,CASH_OUT,51281.38,C561447714,10271.0,C2027178136,37247466.26
377,CASH_IN,73420.12,C23232287,847977.96,C1051001602,1439380.6
394,PAYMENT,2156.12,C807856627,0.0,M288525071,0.0
400,CASH_OUT,241664.78,C1894876367,0.0,C931319000,1426525.19
375,PAYMENT,43513.45,C143215187,0.0,M960943664,0.0
380,CASH_OUT,137844.58,C256822106,0.0,C1458606361,1609262.05
400,PAYMENT,3953.17,C975114499,0.0,M1461844251,0.0
378,TRANSFER,488919.08,C1849174937,0.0,C1120580052,3848004.54
373,CASH_IN,248221.71,C1172394338,2588782.15,C234380228,2850397.52
397,PAYMENT,16080.05,C166406734,0.0,M846286328,0.0
370,PAYMENT,17390.84,C1568512922,0.0,M1124044011,0.0
382,PAYMENT,90.24,C566602106,23234.0,M1259628865,0.0
546,PAYMENT,4802.18,C2010304566,0.0,M2025789052,0.0
686,CASH_OUT,299153.66,C1911212162,0.0,C589677373,4146520.2
687,PAYMENT,1274.85,C1637353018,21460.0,M1320226205,0.0
375,PAYMENT,2554.02,C1312607407,0.0,M1064756333,0.0
395,PAYMENT,19697.83,C914990000,171849.2,M27480579,0.0
372,CASH_OUT,183875.94,C1410219019,0.0,C1852029496,475982.53
375,CASH_OUT,121661.8,C1609451308,398588.82,C932536438,183361.55
395,PAYMENT,24751.56,C336506632,31390.2,M1273792629,0.0
404,PAYMENT,3470.0,C962520461,0.0,M1325605332,0.0
356,CASH_OUT,187601.28,C488510093,0.0,C1465358828,4771400.12
403,CASH_IN,51579.51,C269854559,14908631.01,C229840226,8660363.62
573,TRANSFER,1750880.95,C1159840560,0.0,C816962301,1856519.59
587,CASH_IN,295582.17,C394058430,1902903.17,C1047922013,813598.67
372,CASH_IN,57488.03,C834810585,42135.0,C1431508400,202397.28
373,CASH_IN,83135.03,C1047344972,51322.0,C607003536,0.0
684,CASH_OUT,181413.75,C1624948095,25121.25,C1763959533,1100327.49
380,CASH_OUT,87966.68,C294742110,53024.0,C658332988,485652.41
412,TRANSFER,2425164.58,C297158532,2425164.58,C1416694658,0.0
571,CASH_OUT,67748.87,C321148049,32143.0,C25365539,124809.27
592,CASH_OUT,225781.44,C890644982,0.0,C309865544,8620892.88
407,CASH_IN,163459.01,C1439310124,1683125.84,C1035591188,523384.32
373,CASH_OUT,142824.67,C1007811615,100018.0,C1672245719,323235.92
398,CASH_OUT,597055.8,C2000609258,30183.0,C235304602,32981.09
565,CASH_OUT,280721.23,C2131884073,83297.0,C1956640301,1354965.93
362,CASH_OUT,182838.23,C692859409,0.0,C2092219663,211515.03
407,CASH_OUT,89943.16,C2325409,0.0,C1079141275,1295254.43
540,PAYMENT,27659.93,C1715761593,14935.0,M1963347863,0.0
403,CASH_OUT,27798.87,C363626943,0.0,C80034710,596486.0
579,TRANSFER,254564.81,C1458012832,254564.81,C1315489161,0.0
400,PAYMENT,5117.63,C833985059,527039.21,M600314033,0.0
595,PAYMENT,704.98,C1960887990,92404.35,M524802547,0.0
496,CASH_OUT,152500.46,C1310406402,88326.0,C1305001176,0.0
369,CASH_OUT,89596.79,C53932340,89596.79,C987355544,0.0
564,CASH_IN,316835.97,C337770432,6033140.45,C332000121,335385.35
358,CASH_OUT,61801.05,C1034202760,867.0,C2019263204,58448.92
574,PAYMENT,8125.22,C1325292534,30105.0,M1457154447,0.0
495,PAYMENT,8977.28,C205492842,103102.76,M585349826,0.0
377,CASH_IN,32927.65,C2050559793,357487.0,C992218218,111587.38
373,CASH_OUT,559583.37,C828531127,0.0,C1966453876,986991.49
374,CASH_IN,236238.02,C754187864,16291470.7,C1507492272,9244184.84
372,PAYMENT,40778.09,C2125971596,32132.0,M1364656341,0.0
372,CASH_IN,144012.76,C2081545460,2077457.42,C297403217,6111930.75
546,CASH_OUT,68227.62,C849918974,62294.0,C1308825922,20421.51
398,CASH_OUT,331432.42,C1892460469,0.0,C1559201922,5307208.29
565,TRANSFER,156337.41,C583383964,0.0,C1906803562,2746333.01
691,CASH_OUT,22059.34,C37321755,0.0,C386827295,727023.77
393,PAYMENT,45279.87,C615629077,0.0,M1244782136,0.0
373,CASH_OUT,9748.6,C167884394,0.0,C1359291582,2820556.54
376,CASH_IN,170272.25,C554788311,78.0,C1275547740,0.0
369,PAYMENT,23019.05,C190918812,0.0,M62125958,0.0
398,CASH_OUT,260481.44,C747280249,0.0,C1173441620,1946419.23
403,CASH_OUT,179384.34,C181332892,0.0,C1581950919,285249.23
397,CASH_IN,68955.81,C1792446717,7483048.97,C1853746446,243903.17
545,CASH_OUT,34488.42,C887920844,0.0,C687640649,50846.82
377,CASH_OUT,6911.96,C876306803,0.0,C2134470293,225879.63
379,CASH_IN,4476.16,C1981247322,1998493.5,C620961718,4904766.6
518,CASH_OUT,12442.27,C1346006792,22047.0,C583490353,0.0
399,CASH_IN,44430.8,C843983420,1332416.94,C362573292,80273.28
402,PAYMENT,10425.19,C1236830531,0.0,M450560219,0.0
407,CASH_IN,260147.93,C247840415,2821186.51,C704367803,580189.77
397,PAYMENT,6688.15,C301038112,0.0,M1473826670,0.0
692,CASH_IN,19167.44,C142485128,10014254.4,C462047382,2162557.22
395,CASH_IN,48335.09,C408356186,3398865.81,C63713351,273678.6
356,CASH_OUT,32805.8,C1023057813,0.0,C224240928,47301.34
372,CASH_IN,119305.53,C1156426252,16525573.41,C63204393,7701226.52
408,PAYMENT,43668.23,C1293868677,0.0,M566056539,0.0
378,PAYMENT,408.49,C675919785,0.0,M1426586566,0.0
376,PAYMENT,1141.69,C726530769,24544.41,M1319879967,0.0
396,CASH_OUT,270976.39,C107136921,3073.0,C919895002,593.0
377,CASH_IN,30031.04,C1696742032,1213946.0,C1158647553,96677.62
404,PAYMENT,8686.94,C577745891,4439.96,M633699856,0.0
402,PAYMENT,11968.2,C1526269206,0.0,M1436218918,0.0
356,PAYMENT,15128.01,C127918806,0.0,M470418013,0.0
400,CASH_IN,389009.0,C770356043,2336367.31,C1476823836,750027.0
394,CASH_OUT,14313.71,C1313017056,946.0,C2118562090,2522959.41
404,PAYMENT,1451.65,C1193528329,22792.0,M797273590,0.0
402,CASH_OUT,115471.26,C627509912,0.0,C939472001,704933.2
594,CASH_IN,18050.49,C1993523285,21163.0,C1871364203,3242740.57
